###❝Akar kata Esperanto❞,Baris yang ditandai sebagai ❝(persis sama) akar kata Esperanto❞ memiliki prioritas yang sama dengan baris dengan string pengganti yang sesuai  tetapi sebenarnya menunjukkan bahwa tidak ada penggantian karakter (Kanji) yang dilakukan.
Akar kata Esperanto##,Terjemahan bahasa Indonesia dengan anotasi ruby##
adiaŭ,selamat tinggal
bis,lagi
hura,sorak
ŭa,teriak
kia,seperti apa
tia,seperti itu
ĉia,semua
kies,milik siapa
nenia,tak satupun
ali,lain
alt,tinggi
bel,indah
bon,baik
jun,muda
nov,baru
sam,sama
fort,kuat
grav,penting
kelk,beberapa
last,terakhir
long,lama
mult,banyak
plen,penuh
riĉ,kaya
ruĝ,merah
facil,mudah
grand,besar
liber,bebas
rapid,cepat
feliĉ,bahagia
proksim,dekat
fru,cepat
pur,murni
sol,sendiri
ver,benar
cert,pasti
nigr,hitam
varm,hangat
afabl,ramah
blank,putih
dolĉ,manis
neces,perlu
propr,milik
simpl,sederhana
dekstr,kanan
kuraĝ,berani
trankvil,tenang
blu,biru
dik,tebal
gaj,ceria
hel,cerah
kar,sayang
lac,lelah
san,sehat
sat,kenyang
just,adil
prav,benar
pret,siap
util,berguna
verd,hijau
apart,terpisah
atent,waspada
fremd,asing
ĝust,benar
komun,umum
larĝ,lebar
agrabl,nyaman
divers,beragam
intern,dalam
sufiĉ,cukup
kontent,puas
profund,dalam
mol,lembut
pez,berat
sek,kering
brun,coklat
egal,sama
flav,kuning
griz,abu-abu
kulp,bersalah
lert,terampil
rekt,lurus
saĝ,bijak
vast,luas
ceter,sisa
freŝ,segar
simil,serupa
kapabl,mampu
serioz,serius
efektiv,nyata
ordinar,biasa
akr,tajam
fam,terkenal
ies,seseorang
avar,serakah
dens,padat
eben,rata
fier,bangga
firm,kokoh
nepr,pasti
plat,datar
plur,banyak
surd,tuli
vigl,lincah
fidel,setia
kviet,tenang
matur,matang
sankt,suci
spert,berpengalaman
subit,tiba-tiba
taŭg,cocok
honest,jujur
konven,cocok
plur,banyak
preciz,tepat
strang,aneh
delikat,halus
ĝentil,sopan
komfort,nyaman
pacienc,sabar
special,khusus
ĝeneral,umum
konstant,tetap
lam,pincang
mut,bisu
nud,telanjang
pal,pucat
ruz,licik
van,sia-sia
acid,asam
glat,halus
kler,berpendidikan
krud,mentah
mild,lembut
abund,melimpah
blind,buta
blond,pirang
ĉarm,menawan
etern,abadi
favor,menguntungkan
graci,anggun
humil,rendah hati
laŭt,keras
sever,ketat
stult,bodoh
fortik,kuat
frenez,gila
kurioz,aneh
privat,pribadi
sincer,tulus
evident,jelas
oportun,nyaman
prudent,bijaksana
sci/vol##,sci/vol##
diligent,rajin
proksim/um##,proksim/um##
ard,berkobar
avid,rakus
brav,berani
ebri,mabuk
krut,curam
naiv,naif
nobl,mulia
sobr,sederhana
humid,lembap
ident,identik
komik,lucu
kripl,cacat
kruel,kejam
moder,sedang
sagac,cerdas
seren,tenang
sprit,cerdas
akurat,tepat
fervor,bersemangat
inklin,cenderung
ĵaluz,cemburu
kapric,sembrono
modern,modern
modest,pemalu
nenies,tak seorangpun
normal,normal
sovaĝ,liar
ekstrem,ekstrem
elegant,anggun
eminent,terkemuka
komplet,lengkap
oficial,resmi
perfekt,sempurna
probabl,mungkin
reciprok,timbal-balik
indiferent,acuh
inteligent,cerdas
amar,pahit
imun,kebal
real,nyata
ties,miliknya
unik,unik
vant,sombong
virg,perawan
aktiv,aktif
civil,sipil
ĉies,semua
elast,elastis
human,manusiawi
intim,akrab
kaduk,lapuk
koket,genit
lojal,setia
malic,jahat
mir/ind##,mir/ind##
raŭk,serak
rigid,kaku
sekur,aman
solen,khidmat
tener,sayang
valid,sah
abrupt,tiba-tiba
absurd,absurd
aktual,terkini
arbitr,sewenang-wenang
aŭdac,berani
ekzakt,tepat
furioz,marah
graved,hamil
klasik,klasik
majest,agung
nervoz,gelisah
oblikv,miring
obstin,keras kepala
plen/aĝ##,plen/aĝ##
social,sosial
subtil,halus
tragik,tragis
absolut,mutlak
kontant,tunai
popular,populer
relativ,relatif
sin/don##,sin/don##
solidar,solidaritas
vegetar,vegetarian
familiar,akrab
grandioz,megah
kolektiv,kolektif
sin/gard##,sin/gard##
kompetent,mampu
universal,umum
kvit,bebas utang
miop,rabun jauh
punc,merah terang
ranc,basi
ĉast,murni
ekstr,tambahan
masiv,besar
antikv,kuno
arogant,sombong
konform,sesuai
trivial,sepele
elokvent,fasih
kriminal,kriminal
predikat,predikat
akut,tajam
dual,ganda
hirt,berdiri
kalv,botak
banal,biasa
cinik,sinis
gotik,gothic
inert,inert
obtuz,tumpul
okult,gaibiasa
pasiv,pasif
rigor,ketat
stoik,tabah
analog,analog
anonim,anonim
arkaik,kuno
diafan,tembus pandang
efemer,sementara
erotik,erotis
fiktiv,fiktif
formal,formal
frivol,ceroboh
intens,intens
invers,terbalik
konciz,singkat
konkav,cekung
mistik,mistis
neŭtr,netral
vulgar,kasar
akcesor,sekunder
apokrif,apokrif
arĥaik,kuno
burlesk,jenaka
decimal,desimal
diskret,terpisah
fanatik,fanatik
grotesk,aneh
konkret,nyata
kontinu,berkelanjutan
liberal,liberal
monoton,monoton
negativ,negatif
nominal,nominal
pozitiv,positif
radikal,radikal
skeptik,skeptis
solvent,mampu bayar
abstrakt,abstrak
aŭtonom,mandiri
eventual,mungkin
inkluziv,termasuk
neŭtral,netral
objektiv,objektif
ortodoks,ortodoks
primitiv,primitif
provizor,sementara
racional,rasional
romantik,romantis
sinoptik,ringkas
spontane,spontan
aŭtentik,asli
definitiv,pasti
ekskluziv,eksklusif
korelativ,korelasi
respektiv,masing-masing
subjektiv,subjektif
transitiv,transitif
spekulativ,spekulatif
impertinent,kurang ajar
konservativ,konservatif
sentimental,sentimental
dek,sepuluh
mil,ribu
sep,tujuh
ses,enam
tri,tiga
unu,satu
cent,seratus
kvar,empat
kvin,lima
naŭ,sembilan
aŭ,atau
nek,tidak
sed,tetapi
kvankam,meskipun
plus,lebih
minus,minus
ĉe,di
kun,bersama
per,melalui
pri,tentang
pro,karena
sen,tanpa
sub,bawah
sur,di atas
tra,melalui
apud,dekat
krom,selain
laŭ,menurut
post,setelah
inter,antara
super,di atas
trans,seberang
antaŭ,sebelum
ekster,luar
preter,melewati
kontraŭ,melawan
malgraŭ,meskipun
ĝi,itu
ili,mereka
kio,apa
oni,orang
ŝi,dia
tio,itu
ĉio,semua
nenio,tidak ada
tio ĉi##,tio ĉi##
dis,pisah
mal,lawan
ĉef,utama
eks,bekas
mis,salah
pra,purba
dev,harus
dir,katakan
don,beri
est,ada
far,buat
fin,akhir
hav,punya
kon,tahu
leg,baca
lev,angkat
met,meletakkan
mov,gerak
pet,minta
pov,bisa
rid,tertawa
sci,tahu
sid,duduk
ten,pegang
ven,datang
vid,lihat
viv,hidup
vol,ingin
ĝoj,senang
help,bantu
kred,percaya
lern,belajar
loĝ,tinggal
mort,mati
okaz,terjadi
port,bawa
pren,ambil
sekv,mengikuti
send,kirim
star,berdiri
dezir,ingin
labor,kerja
milit,berperang
montr,tunjuk
parol,bicara
ricev,terima
skrib,menulis
ŝajn,tampak
vetur,naik
demand,tanya
komenc,mulai
kompren,pahami
respond,menjawab
bat,pukul
fal,jatuh
kri,teriak
kur,lari
las,izinkan
lum,bercahaya
mir,heran
pag,bayar
pas,lewat
reg,kuasai
son,berbunyi
tim,takut
tir,tarik
aŭd,dengar
brul,terbakar
dank,terima kasih
dorm,tidur
ferm,tutup
flug,terbang
halt,berhenti
ĵet,lempar
kant,nyanyi
kost,mahal
mank,hilang
nask,melahirkan
okup,sibuk
pens,pikir
perd,hilang
prem,tekan
prov,uji
sent,merasakan
turn,memutar
aĉet,beli
atend,menunggu
bezon,butuh
kresk,tumbuh
manĝ,makan
memor,ingat
serĉ,cari
trink,minum
konsil,nasehati
permes,izinkan
postul,minta
rakont,ceritakan
rigard,lihat
rimark,perhatikan
ŝanĝ,ubah
vojaĝ,bepergian
konstru,membangun
prezent,tawarkan
renkont,temu
bru,berisik
dub,ragu
lav,cuci
lud,bermain
pen,berusaha
vek,bangun
vok,panggil
aper,muncul
bril,bersinar
erar,salah
fest,rayakan
frap,pukul
gajn,menang
kapt,tangkap
kaŝ,sembunyikan
kovr,tutup
kuir,masak
kuŝ,berbaring
paŝ,melangkah
plor,menangis
romp,pecah
salt,lompat
serv,melayani
tuŝ,sentuh
vend,jual
zorg,peduli
batal,berperang
elekt,pilih
esper,berharap
koler,marah
mezur,ukur
opini,berpendapat
ordon,memerintah
plend,mengeluh
ripoz,istirahat
salut,sapa
sufer,menderita
akcept,terima
forges,lupa
kalkul,hitung
komerc,berdagang
konduk,memimpin
pardon,maafkan
silent,diam
tranĉ,memotong
konsent,setuju
aŭskult,mendengar
ban,mandi
flu,mengalir
kre,cipta
mok,ejek
amuz,hibur
ĉes,berhenti
efik,efektif
gard,menjaga
juĝ,hakimi
klin,membungkuk
pend,gantung
puŝ,dorong
spir,bernapas
stud,belajar
ŝat,hargai
tond,potong
traf,kena
ating,capai
decid,memutuskan
estim,hormat
invit,undang
kurac,obati
marŝ,berjalan
plaĉ,menyenangkan
ripet,ulang
ŝlos,kunci
ŝtel,curi
vizit,kunjungi
aranĝ,atur
ekzist,ada
instru,ajar
intenc,bermaksud
kompat,kasihan
prefer,lebih suka
prepar,siapkan
promen,berjalan
promes,janji
sukces,berhasil
konserv,simpan
bol,mendidih
kis,cium
obe,taat
paf,tembak
pel,usir
pik,menusuk
pun,hukum
sav,selamatkan
tus,batuk
akir,dapatkan
apog,menopang
atak,serang
bala,menyapu
blov,meniup
ĉas,buru
danc,menari
eduk,mendidik
evit,menghindari
fleg,rawat
glit,meluncur
gvid,memimpin
ĝen,ganggu
hejt,panaskan
hont,malu
imag,membayangkan
imit,meniru
komb,sisir
mend,pesan
miks,campur
naĝ,berenang
plug,membajak
pres,cetak
soif,haus
spez,transaksi
ŝir,merobek
trem,gemetar
trov,temukan
venk,menang
viŝ,hapus
volv,gulung
anonc,umumkan
aprob,setuju
avert,peringatkan
merit,layak
minac,ancam
pentr,melukis
posed,memiliki
preĝ,berdoa
rifuz,tolak
rilat,terkait
ripar,memperbaiki
skrap,kerok
ŝerc,bercanda
tromp,menipu
defend,melindungi
desegn,menggambar
esting,padam
inform,melaporkan
kompar,bandingkan
kondut,berperilaku
konfes,mengaku
konsci,sadar
kultur,menanam
mensog,berbohong
rezult,terjadi
rikolt,panen
streĉ,tegang
ŝovel,menggali
akompan,temani
aparten,milik
bedaŭr,menyesal
konsist,terdiri
organiz,mengatur
progres,maju
respekt,hormat
riproĉ,mencela
diferenc,berbeda
rekomend,merekomendasikan
korespond,berkorespondensi
enu,bosan
fid,percaya
ĝu,nikmati
hak,tebas
log,memikat
pek,dosa
pes,menimbang
raz,cukur
dron,tenggelam
fajf,bersiul
fand,lelehkan
farm,sewa
fart,sehat
frot,gosok
ĝem,merintih
krev,pecah
kudr,jahit
mord,menggigit
muel,giling
nutr,beri makan
odor,bau
rajd,naik
solv,larut
taks,nilai
teks,menenun
tent,menggoda
urĝ,mendesak
babil,mengobrol
detru,hancurkan
difin,menentukan
distr,menghibur
diven,menebak
divid,membagi
etend,memperluas
evolu,berkembang
forĝ,tempa
frand,menikmati
grimp,memanjat
hezit,ragu
kroĉ,mengaitkan
laŭd,puji
mason,membangun
ofert,tawar
ornam,hias
petol,nakal
sonĝ,bermimpi
stern,hampar
supoz,asumsi
ŝirm,lindungi
ŝpar,hemat
ŝtop,sumbat
ŝuld,berutang
ŝvel,membengkak
toler,menahan
verŝ,tuang
aspekt,tampak
daŭr/ig##,daŭr/ig##
difekt,rusak
diskut,diskusi
domaĝ,menyesal
ekscit,membangkitkan
ekzerc,latihan
esplor,meneliti
esprim,ungkap
konsol,hibur
murmur,berbisik
prezid,memimpin
signif,berarti
skulpt,pahat
traduk,terjemah
ekskurs,berwisata
ekzamen,periksa
komunik,komunikasi
koncern,terkait
konstat,pastikan
protekt,lindungi
protest,protes
renvers,membalikkan
surpriz,mengejutkan
konsider,pertimbangkan
persekut,menganiaya
reprezent,wakili
bak,panggang
ben,berkati
boj,menggonggong
bor,bor
ced,menyerah
cit,kutip
lek,menjilat
rab,rampas
rav,memikat
rem,mendayung
rev,bermimpi
seg,menggergaji
sku,goyang
ted,bosan
teg,lapisi
abon,berlangganan
dung,mempekerjakan
envi,iri嫉妬
flar,cium
fond,mendirikan
frit,goreng
friz,keriting
gest,berisyarat
glad,setrika
glut,telan
ĵur,bersumpah
kned,ulenkan
maĉ,mengunyah
melk,memerah
migr,berpindah
munt,rakit
ofer,persembahkan
pent,menyesal
pruv,buktikan
pump,pompa
putr,busuk
ramp,merangkak
risk,berisiko
ronk,dengkur
rost,panggang
sven,pingsan
ŝov,dorong
ŝut,tuang
tajl,potong
tord,memutar
tren,seret
vari,bervariasi
velk,layu
adici,menambahkan
admir,kagum
admon,menasihati
adopt,adopsi
akcel,mempercepat
atest,buktikan
ĉerp,menimba
degel,mencair
deleg,delegasikan
fleks,tekuk
flirt,menggoda
hered,warisi
influ,mempengaruhi
kares,membelai
medit,merenung
naŭz,mual
osced,menguap
paŝt,menggembala
paŭz,berhenti
pinĉ,cubit
plekt,menyusun
regal,menjamu
ribel,memberontak
sopir,rindu
sorĉ,sihir
strik,mogok kerja
sufok,mencekik
sving,mengayun
ŝarg,muat
ŝmir,oleskan
trakt,tangani
tremp,celup
afrank,prangko
asekur,mengasuransikan
balanc,goyang
barakt,berjuang
dediĉ,mendedikas
deklar,nyatakan
destin,menentukan
disput,berdebat
escept,kecualikan
festen,berpesta
frakas,hancurkan
gratul,mengucapkan selamat
ilustr,mengilustrasi
import,impor
insist,bersikeras
instal,pasang
instig,mendorong
insult,menghina
komand,memerintah
komisi,menugaskan
konfid,percaya
konfit,mengawetkan
konfuz,bingungkan
konkur,bersaing
kritik,mengkritik
observ,amati
penetr,menembus
perfid,khianati
proced,bertindak
raport,lapor
reklam,iklan
rezign,menyerah
rezist,menolak
rifuĝ,mengungsi
brak/um##,brak/um##
civiliz,beradab
ĉagren,mengganggu
de/pend##,de/pend##
disting,membedakan
eksplod,meledak
garanti,jamin
komplez,ramah
kondamn,hukum
konfirm,konfirmasi
konjekt,menduga
konklud,simpulkan
kontrol,periksa
konvink,yakinkan
operaci,operasi
plen/um##,plen/um##
pretend,mengklaim
suspekt,curiga
turment,menyiksa
distribu,membagi
fanfaron,membual
kontrakt,mengontrak
mastr/um##,mastr/um##
prokrast,tunda
administr,kelola
el/turn/iĝ##,el/turn/iĝ##
entrepren,mengusahakan
dec,cocok
juk,gatal
lul,menimang
vad,berjalan
vag,mengembara
vet,bertaruh
vom,muntah
zum,dengung
ador,sembah
agit,menghasut
akuz,tuduh
alud,sindir
bapt,membaptis
bind,mengikat
blek,mengaung
bred,memelihara
buĉ,sembelih
ĉif,kerut
dikt,mendiktekan
dres,jinakkan
ekip,melengkapi
est/ig##,est/ig##
fast,berpuasa
flat,membujuk
flik,tambal
fuĝ,lari
fuŝ,ceroboh
garn,hias
grat,garuk
hav/ig##,hav/ig##
izol,mengisolasi
jung,memasang
lukt,bergulat
muĝ,mengaum
opon,menentang
palp,meraba
pekl,mengasinkan
pere,binasa
pli/ig##,pli/ig##
sark,menyiangi
sekc,potong
sorb,serap
spit,menantang
suĉ,mengisap
svat,jodohkan
tajp,mengetik
tern,bersin
tikl,gelitik
tint,berdenting
trik,merajut
trud,memaksa
vart,rawat
adapt,sesuaikan
aplik,menerapkan
asert,menegaskan
asist,bantu
balot,memilih
ĉe/est##,ĉe/est##
delir,mengigau
depon,menyimpan
deput,wakilkan
enket,menyelidiki
eskap,lari
falĉ,menuai
flagr,berkobar
for/est##,for/est##
grinc,berderit
ignor,abaikan
impet,terburu-buru
incit,memancing
indik,tunjuk
insid,menjebak
inund,banjir
kraĉ,meludah
liver,mengirimkan
menci,sebut
modif,ubah
ofend,menghina
rezon,beralasan
rivel,ungkap
start,mulai
susur,berdesir
ŝpin,memintal
trejn,melatih
venĝ,balas dendam
abstin,menahan diri
aflikt,menyusahkan
altern,bergantian
balbut,gagap
cirkul,beredar
deĵor,bertugas
denunc,menuduh
de/ten##,de/ten##
dev/ont/ig##,dev/ont/ig##
digest,cerna
dispon,gunakan
dorlot,manja
eksped,kirim
el/don##,el/don##
establ,mendirikan
flustr,berbisik
grimac,mengerutkan
grumbl,menggerutu
implik,melibatkan
indign,marah
indulg,memanjakan
infekt,menular
injekt,suntik
inspir,mengilhami
invent,mencipta
klopod,berusaha
kolizi,tabrakan
kombin,gabung
kompon,gabung
konsum,habiskan
korekt,koreksi
lubrik,melumasi
manovr,manuver
plonĝ,terjun
preleg,ceramah
propon,tawar
provok,memancing
recenz,ulas
redakt,sunting
redukt,kurangi
revizi,audit
ŝpruc,menyembur
aplaŭd,bertepuk tangan
blasfem,menghujat
bon/vol##,bon/vol##
brokant,jual-beli bekas
eksport,ekspor
ekzekut,eksekusi
gust/um##,gust/um##
iniciat,memulai
kalumni,memfitnah
kompens,mengganti
komplik,rumitkan
kontest,menyangkal
manipul,mengatur
neglekt,abaikan
persist,bertahan
prononc,ucapkan
prosper,makmur
reflekt,memantul
re/form##,re/form##
subtrah,kurangi
ŝancel,goyangkan
televid,nonton TV
determin,menentukan
ekspluat,memanfaatkan
koncentr,fokuskan
mistifik,menipu
preskrib,meresepkan
revoluci,revolusi
riverenc,membungkuk
interpret,menerjemahkan
kompromit,membahayakan
multiplik,kali
propagand,iklankan
konversaci,mengobrol
interpelaci,tanya
erp,bajak
kov,menetaskan
lut,mematri
pep,berkicau
tan,samak
agac,mengganggu
brod,menyulam
brog,menyiram
ĉiz,pahat
edif,mendidik
fajl,mengikir
krak,berbunyi
kroz,jelajah
pist,giling
rasp,parut
rast,menggaruk
rigl,mengunci
rukt,sendawa
sibl,bersiul
skiz,sketsa
sput,meludah
steb,jahit
stuk,plester
ŝim,berjamur
torn,bubut
trot,berlari cepat
urin,kencing
varb,rekrut
adult,selingkuh
afekt,berpura-pura
akuŝ,melahirkan
arest,tangkap
asign,menetapkan
atenc,menyerang
draŝ,menebah
drink,minum berlebihan
ekzil,buang
filtr,saring
infuz,infus
kribr,saring
parad,pamer
rabot,serut
rafin,memurnikan
satur,jenuh
sieĝ,mengepung
skerm,beranggar
strab,juling
ŝmac,cium-cium
uzurp,merebut
veget,tumbuh
border,menghiasi
ĉikan,mengganggu
degrad,menurunkan
diboĉ,berfoya-foya
distil,menyuling
drapir,menggantung
gargar,berkumur
gravur,mengukir
guvern,ajar
ilumin,menerangi
inokul,vaksinasi
intrig,intrik
ĵongl,sulap
kartav,uvular R
kontuz,memar
likvid,cairkan
makler,perantara
plaŭd,berdebur
predik,berkhotbah
rembur,isi
ventol,ventilasi
deĉifr,memecahkan
degener,merosot
diskont,diskon
ferment,fermentasi
kalfatr,menambal
kolport,berdagang
kompost,menyusun
konspir,bersekongkol
konvert,mengubah
paraliz,melumpuhkan
proklam,memproklamir
singult,cegukan
ĉarpent,bangun
hipokrit,munafik
intermit,terputus-putus
konstern,terkejut
marĉand,tawar-menawar
kapitulac,menyerah
kaŭteriz,membakar
komentari,mengomentari
koment,mengomentari
poz,berpose
vak,kosong
boks,tinju
ĝir,pindah
kirl,aduk
klak,klik
kluk,berkokok
knar,berdecit
murd,bunuh
pled,membela
sond,selami
tatu,mentato
abdik,mundur
abort,gugur
agoni,sekarat
aklam,sorak
amput,memotong
aneks,gabung
aspir,bercita-cita
deriv,turunan
feder,menggabungkan
impon,mengagumkan
invad,menyerbu
kaŭr,jongkok
klaĉ,bergosip
kliŝ,klise
kotiz,membayar
marin,rendam
miaŭ,mengeong
modul,modulasi
refut,membantah
rikan,mengejek
streb,berusaha
svarm,berkerumun
ŝveb,melayang
absorb,menyerap
akapar,monopoli
analiz,analisis
asimil,mengasimilasi
asperg,semprot
atribu,menugaskan
aŭgur,meramal
bojkot,boikot
cenzur,sensor
dedukt,menyimpulkan
deklam,mendeklamkan
dekolt,terbuka
indukt,menyimpulkan
kompil,mengompilasi
konced,mengakui
konker,taklukkan
korupt,suap
kverel,bertengkar
lament,berduka
narkot,bius
stimul,merangsang
strigl,sisir
ŝrump,keriput
amortiz,amortisasi
anticip,mendahului
apelaci,banding
bankrot,bangkrut
bombard,mengebom
emancip,bebaskan
inspekt,memeriksa
katekiz,mengajar doktrin
koincid,kebetulan
konfisk,sita
konsekr,menguduskan
konsult,konsultasi
legitim,sahkan
mobiliz,kerahkan
pilgrim,ziarah
improviz,mengimprovisasi
inaŭgur,resmikan
karambol,tabrakan
kateĥiz,katekisasi
klasifik,klasifikasi
kontribu,menyumbang
litograf,litografi
prostitu,melacurkan
centraliz,memusatkan
stenograf,menulis cepat
ekskomunik,mengucilkan
karakteriz,ciri
aĵ,benda
ant,sedang
ebl,mungkin
iĝ,jadi
ind,layak
int,sudah
ism,isme
ist,ahli
obl,kali
ont,akan
estr,pemimpin
aĉ,buruk
ĉj##,ĉj##
end,wajib
ing,sarang
ajn,saja
ĉi##,ĉi##
eĉ##,eĉ##
for,jauh
iam,dulu
iom,sedikit
jam,sudah
jen,lihat
jes,ya
kie,di mana
mem,diri
nun,sekarang
nur,hanya
pli,lebih
plu,lebih
tie,di sana
tre,sangat
tro,terlalu
tuj,segera
ĉie,di mana-mana
ĵus,baru saja
kiam,kapan
plej,paling
tial,karena itu
tiam,saat itu
tiel,demikian
tiom,sebanyak itu
ĉiam,selalu
nenie,tidak di mana pun
ankaŭ,juga
neniam,tidak pernah
baldaŭ,segera
hieraŭ,kemarin
hodiaŭ,hari ini
morgaŭ,besok
tie ĉi##,tie ĉi##
almenaŭ,setidaknya
ankoraŭ,belum
preskaŭ,hampir
tiel ĉi##,tiel ĉi##
oft,sering
ial,karena
iel,bagaimanapun
volont,sukarela
des,lebih
neniom,tidak ada
ĉial,setiap alasan
ĉiom,semua
ia/foj##,ia/foj##
nenial,tanpa alasan
neniel,sama sekali tidak
parker,hafal
foj,kali
hom,manusia
jar,tahun
kap,kepala
kor,jantung
lok,tempat
man,tangan
nom,nama
tag,hari
ter,tanah
vir,pria
voj,jalan
afer,urusan
amik,teman
form,bentuk
kamp,ladang
land,negara
mond,dunia
naci,bangsa
patr,ayah
temp,waktu
vort,kata
flank,sisi
infan,anak
patr/in##,patr/in##
ĉambr,ruang
sinjor,tuan
akv,air
arb,pohon
art,seni
dom,rumah
edz,suami
fil,anak laki-laki
har,rambut
hor,jam
lit,ranjang
mar,laut
mon,uang
mur,dinding
pac,damai
pec,potongan
sun,matahari
urb,kota
bild,gambar
bird,burung
buŝ,mulut
frat,saudara
hejm,rumah
knab,anak laki-laki
kort,halaman
libr,buku
mont,gunung
okul,mata
part,bagian
pied,kaki
pord,pintu
rajt,hak
tabl,meja
vent,angin
vest,baju
fingr,jari
frukt,buah
kolor,warna
leter,surat
lingv,bahasa
maten,pagi
popol,rakyat
punkt,titik
rimed,cara
valor,nilai
ĉeval,kuda
famili,keluarga
fraŭl,lajang
person,orang
semajn,minggu
vesper,sore hari
vizaĝ,wajah
fenestr,jendela
aer,udara
aĝ,usia
cel,tujuan
fer,besi
ide,gagasan
kat,kucing
kol,leher
mez,tengah
naz,hidung
nub,awan
ord,urutan
pan,roti
roz,mawar
best,hewan
bord,tepi
brak,lengan
dent,gigi
fajr,api
fiŝ,ikan
flor,bunga
glas,gelas
hund,anjing
korp,tubuh
lakt,susu
lign,kayu
lini,garis
mark,tanda
neĝ,salju
nokt,malam
onkl,paman
orel,telinga
plum,pena
pluv,hujan
rond,bulat
sang,darah
seĝ,kursi
spec,jenis
stat,kondisi
supr,atas
ŝip,kapal
vitr,kaca
angul,sudut
daŭr,berlanjut
dolor,sakit
gazet,majalah
kaŭz,sebab
kutim,kebiasaan
minut,menit
monat,bulan
natur,alam
nombr,angka
paper,kertas
plank,lantai
river,sungai
somer,musim panas
staci,stasiun
strat,jalan
suker,gula
ŝton,batu
vagon,gerbong
veter,cuaca
vintr,musim dingin
aŭtun,gugur
ĉapel,topi
direkt,arah
kolekt,koleksi
moment,sekejap
plezur,senang
vilaĝ,desa
ekzempl,contoh
ĝarden,kebun
histori,sejarah
printemp,musim semi
bov,sapi
ink,tinta
kaf,kopi
kok,ayam
kuk,kue
kuz,sepupu
lag,danau
lim,batas
lun,bulan
maj,Mei
pak,paket
sak,kantong
sum,jumlah
tru,lubang
vin,anggur
anim,jiwa
azen,keledai
benk,bangku
dors,punggung
foli,daun
font,sumber
fund,dasar
genu,lutut
gren,biji-bijian
grup,kelompok
herb,rumput
juli,Juli
juni,Juni
kart,kartu
klas,kelas
korb,keranjang
kruc,salib
krur,kaki
lang,lidah
leĝ,hukum
lund,Senin
mard,Selasa
mart,Maret
ofic,jabatan
ombr,bayangan
paĝ,halaman
pork,babi
poŝ,saku
radi,sinar
reĝ,raja
senc,arti
stel,bintang
ŝaf,domba
verk,karya
voĉ,suara
adres,alamat
april,April
brust,dada
buter,mentega
donac,hadiah
glaci,es batu
kuler,sendok
mastr,tuan
muzik,musik
numer,nomor
poŝt,pos
prunt,pinjaman
sabat,Sabtu
ŝtat,negara
ŝtup,tangga
teler,piring
terur,ketakutan
vapor,uap
insekt,serangga
januar,Januari
ĵaŭd,Kamis
kovert,amplop
krajon,pensil
manier,cara
objekt,benda
oktobr,Oktober
plafon,langit-langit
region,daerah
religi,agama
spirit,jiwa
arĝent,perak
danĝer,bahaya
decembr,Desember
dimanĉ,Minggu
februar,Februari
horloĝ,jam tangan
merkred,Rabu
novembr,November
produkt,produksi
vendred,Jumat
septembr,September
bar,halangan
bek,paruh
fak,spesialisasi
fum,asap
gas,gas
gut,tetesan
jak,jaket
kel,ruang bawah
kuv,bak mandi
lip,bibir
nep,cucu
nev,keponakan
not,catatan
ole,minyak
ond,gelombang
ost,tulang
par,pasangan
pom,apel
pot,guci
rad,roda
ret,jaring
sal,garam
sap,sabun
sem,benih
sud,selatan
sup,sup
ŝu,sepatu
tas,cangkir
tol,linen
tuk,kain
ung,kuku
val,lembah
vic,baris
barb,janggut
bros,sikat
fakt,fakta
flag,bendera
fork,garpu
forn,tungku
gast,tamu
gras,lemak
kapr,kambing
karb,batu bara
kest,kotak
korn,klakson
krim,kejahatan
lamp,lampu
mebl,furnitur
mien,wajah
muŝ,lalat
nord,utara
past,adonan
pilk,bola
pint,ujung
polv,debu
pont,jembatan
prez,harga
rand,tepi
regn,negara
seri,seri
sign,tanda
sort,takdir
spic,bumbu
vang,pipi
vost,ekor
vund,luka
botel,botol
buton,tombol
cifer,angka
faden,benang
frunt,dahi
haŭt,kulit
honor,kehormatan
insul,pulau
kajer,buku catatan
kamen,perapian
legom,sayur
liter,huruf
metal,logam
pingl,jarum
polic,polisi
polur,kilap
premi,hadiah
regul,aturan
sezon,musim
ŝanc,peluang
ŝnur,tali
tabul,papan
viand,daging
baston,tongkat
branĉ,cabang
ĉemiz,kemeja
doktor,dokter
kravat,dasi
lecion,pelajaran
maŝin,mesin
milion,juta
najbar,tetangga
parenc,kerabat
publik,publik
scienc,ilmu
sekret,rahasia
skatol,kotak
soldat,prajurit
spegul,cermin
ŝarĝ,beban
ŝrank,lemari
tualet,toilet
ĉapitr,bab
fromaĝ,keju
kondiĉ,syarat
praktik,praktik
serpent,ular
ŝtrump,kaus kaki
tegment,atap
telefon,telepon
industri,industri
kilogram,kilogram
okcident,barat
pantalon,celana
abi,cemara
agl,elang
ber,beri
bot,sepatu
bul,bola
dat,tanggal
glu,lem
jup,rok
kav,rongga
lan,wol
led,kulit
mod,tren
mor,adat
pin,pinus
pip,pipa
piz,kacang polong
put,sumur
rel,rel kereta
riz,beras
rok,batu
suk,jus
tem,tema
tub,tabung
tur,menara
vat,kapas
vaz,vas
zon,sabuk
arme,militer
bank,bank
bien,tanah
bier,bir
bret,rak
brik,bata
cikl,siklus
ĉap,topi
drat,kawat
epok,era
fask,berkas
feri,liburan
film,film
flam,api
flos,rakit
fojn,jerami
fulm,kilat
glob,bola
grad,tingkat
gust,rasa
kadr,bingkai
krem,krim
kurb,melengkung
kurs,kursus
larm,air mata
leon,singa
litr,liter
luks,mewah
meti,kerajinan
metr,meter
najl,paku
nest,sarang
pajl,jerami
plac,alun-alun
plad,piring
plan,rencana
poet,penyair
pugn,tinju
ring,cincin
sabl,pasir
scen,panggung
skal,skala
soci,sosial
spac,ruang
stal,kandang
task,tugas
tomb,makam
verm,cacing
vers,puisi
viol,violet
agord,selaras
balon,balon
bilet,tiket
burĝ,borjuis
centr,pusat
etaĝ,lantai
farun,tepung
figur,gambar
frost,beku
gorĝ,tenggorokan
grund,tanah
haven,pelabuhan
hotel,hotel
humor,suasana
karot,wortel
katar,katar
kling,bilah
koton,kapas
kvant,jumlah
lepor,kelinci
makul,noda
manik,lengan
membr,anggota
mizer,menderita
nebul,kabut
organ,organ
parti,pihak
pastr,pendeta
radik,akar
serur,kunci
solid,padat
sonor,berbunyi
strek,garis
ŝvit,keringat
tabak,tembakau
tabel,tabel
titol,judul
tondr,guntur
valiz,koper
ventr,perut
alumet,korek api
aparat,alat
brasik,kubis
citron,lemon
ĉifon,kain perca
dekliv,lereng
dezert,gurun
elektr,listrik
energi,energi
fianĉ,tunangan
hirund,walet
kelner,pelayan
kvalit,mutu
majstr,maestro
mantel,jubah
martel,palu
matrac,kasur
menton,dagu
oranĝ,jeruk
origin,asal
potenc,kuasa
salajr,gaji
sekund,detik
societ,asosiasi
stomak,lambung
ŝultr,bahu
tapiŝ,karpet
tritik,gandum
aventur,petualangan
cigared,rokok
distanc,jarak
embaras,canggung
kamarad,teman
kaserol,panci stew
komitat,komite
kongres,kongres
kvadrat,persegi
magazen,gudang
pasport,paspor
politik,politik
registr,daftar
ter/pom##,ter/pom##
akcident,kecelakaan
aŭtobus,bus
aŭtomat,otomatis
ĉokolad,cokelat
direktor,pengelola
instinkt,naluri
karakter,karakter
kaŭĉuk,karet
material,bahan
standard,bendera
telegraf,telegraf
restoraci,restoran
ark,busur
baz,dasar
beb,bayi
bub,bocah nakal
bud,gubuk
fel,bulu
hok,kait
huf,kuku
jur,hukum
kas,kasir
kin,film
kom,koma
kot,kotoran
lup,serigala
mam,payudara
map,peta
min,tambang
mus,tikus
net,salinan bersih
nod,simpul
orf,yatim
ort,sudut siku-siku
pat,wajan
pil,baterai
pir,pir
pup,boneka
rat,tikus
rip,tulang rusuk
rob,jubah
tip,tipe
ton,nada
urs,beruang
var,barang
vel,layar
vit,anggur
abel,lebah
aŭt,mobil
bluz,blus
boat,perahu
brov,alis mata
cerb,otak
ĉek,cek
ĉen,rantai
disk,cakram
dram,drama
drap,kain
duŝ,mandi
ezok,tombak
farb,cat
febr,demam
fend,retak
foir,pasar
fost,tiang
frag,stroberi
fulg,jelaga
funt,pondo
gant,sarung tangan
geni,jenius
glor,kemasyhuran
golf,teluk
hajl,hujan es batu
hero,pahlawan
kemi,kimia
kord,senar
kork,sumbat
krad,jeruji
kran,keran
kret,kapur
kriz,krisis
kron,mahkota
kugl,peluru
kupr,tembaga
lift,lift
list,daftar
mast,tiang
nadl,jarum
nerv,saraf
oliv,zaitun
park,taman
pasi,gairah
pask,Paskah
pelt,bulu
plet,nampan
poem,puisi
proz,prosa
pulm,paru-paru
pulv,mesiu
rang,pangkat
revu,majalah
ritm,ritme
seks,seksual
sens,indraja
silk,sutra
simi,monyet
sojl,ambang
stil,gaya
stri,garis
ŝel,kulit
tend,tenda
verb,kata kerja
verg,cambuk
vert,ubun-ubun
vidv,duda
virt,kebajikan
vual,kerudung
vulp,rubah
afiŝ,poster
album,album
almoz,sedekah
arane,laba-laba
asoci,asosiasi
avenu,jalan
aviad/il##,aviad/il##
barel,tong
bazar,pasar
betul,birch
brems,rem
butik,toko
detal,rincian
diabl,iblis
emoci,emosi
enigm,teka-teki
esenc,inti
faŭk,rahang
fizik,fisika
framb,raspberi
grajn,butir
ĥemi,kimia
ideal,ideal
juvel,perhiasan
katen,rantai
kitel,smok
kruĉ,kendi
krust,kerak
kubut,siku
kukol,kakak
kverk,oak
lamen,lapisan
marĉ,rawa
metod,metode
model,model
motor,mesin
nivel,tingkat
palac,istana
panj,ibu
penik,kuas
pioĉ,kapak
plumb,timbal
poezi,puisi
salon,ruang tamu
saŭc,saus
sitel,ember
sklav,budak
sport,olahraga
stamp,cap stempel
stang,batang
stump,tunggul
ŝtal,baja
ŝtof,kain
teatr,teater
teori,teori
teren,tanah
trajn,kereta
trajt,ciri
trunk,batang
venen,racun
veŝt,rompi
abomen,kebencian
anĝel,malaikat
animal,hewan
apetit,nafsu
apotek,apotek
benzin,bensin
bicikl,sepeda
bombon,permen
cement,semen
ĉeriz,ceri
desert,hidangan manis
fabrik,pabrik
financ,keuangan
funebr,duka
funkci,fungsi
garaĝ,garasi
imperi,kerajaan
impost,pajak
impres,kesan
kalkan,tumit
kalson,celana
kamion,truk
kandel,lilin
kanzon,lagu
kastel,benteng
klient,klien
kol/um##,kol/um##
kurten,tirai
mandat,mandat
mister,misteri
moskit,nyamuk
muskol,otot
ombrel,payung
paĉj,ayah
parfum,parfum
patron,pelindung
petrol,minyak
posten,posisi
pozici,posisi
proces,gugatan
profit,untung
proviz,persediaan
pulvor,bubuk
recept,resep
rekord,rekor
rezerv,cadangan
signal,sinyal
sistem,sistem
surfac,permukaan
ŝofor,sopir
tajlor,penjahit
trezor,harta
trikot,rajut
vakcin,vaksin
advokat,pengacara
alkohol,alkohol
ampleks,luas
broŝur,brosur
bulvard,bulevar
deficit,defisit
ekonomi,ekonomi
elefant,gajah
ĵurnal,koran
kabinet,kabinet
kapital,modal
koncert,konser
krepusk,senja
kvartal,distrik
miliard,miliar
pejzaĝ,pemandangan
problem,masalah
profesi,profesi
simpati,simpati
student,mahasiswa
ŝraŭb,sekrup
tempest,badai
traktor,traktor
tri/angul##,tri/angul##
trotuar,trotoar
adjektiv,kata sifat
dekoraci,hiasan
ekvilibr,seimbang
esperant,harapan
hospital,rumah sakit
intelekt,intelek
kalendar,kalender
kilometr,kilometer
komision,komisi
meĥanik,mekanik
milimetr,milimeter
original,asli
pretekst,alasan
struktur,struktur
telegram,telegram
tribunal,pengadilan
bibliotek,perpustakaan
fundament,dasar
inĝenier,insinyur
konferenc,rapat
konscienc,hati nurani
literatur,sastra
meĥanism,mekanisme
rekompenc,imbalan
respublik,republik
sekretari,sekretaris
apartament,apartemen
aŭtomobil,mobil
aŭtoritat,otoritas
instrument,alat
medikament,obat
temperatur,suhu
cirkonstanc,keadaan
eksperiment,uji coba
mal/varm/um##,mal/varm/um##
ajl,bawang
akn,jerawat
aks,poros
akt,tindakan
ale,jalan
alg,alga
apr,babi hutan
azi,Asia
bal,pesta
bet,bit
buk,gesper
cep,bawang
cir,semir
dot,mahar
eĥ,gema
fab,kacang
fac,wajah
fag,pohon beech
fig,ara
gal,empedu
gru,burung
gum,penghapus
hal,aula
jug,kuk*
kal,kapalan
kaz,kasus
kub,kubus
lad,logam lembaran
lak,pernis
lap,burdock
lin,rami
lot,undi
luk,jendela
mas,tumpukan
mat,skakmat
nuk,tengkuk
pap,paus
pav,merak
pig,murai
pus,nanah
ran,katak
ren,ginjal
rib,kismis
rim,rima
rol,peran
ros,embun
sag,panah
sin,dada
ski,ski
sof,sofa
tig,batang
tuf,berkas
tun,ton
vip,cambuk
akci,saham
atom,atom
aven,gandum
bant,simpul
bark,perahu
bask,bask
bend,pita
blok,blok
bors,bursa
bovl,mangkuk
brid,kendali
brut,ternak
bukl,ikal
bulb,umbi
bulk,roti
cerv,rusa
cign,angsa
ĉel,sel
dand,modis
diet,diet
dorn,duri
etap,tahap
etat,laporan
feĉ,ampas
felt,felt
frak,frak
fraz,kalimat
fung,jamur
garb,berkas
gent,suku
glav,pedang
gobi,ikan gobi
gram,gram
greg,kawanan
grip,flu
grot,gua
gudr,tertar
ĝib,punuk
heĝ,pagar tanaman
himn,himne
ĥor,paduan suara
kaĉ,bubur
kaĝ,sangkar
kaka,kakao
kakt,kaktus
karn,daging
karp,ikan koi
kejl,pasak
kern,inti
klub,klub
korv,gagak
kosm,luar
kult,kultus
laĉ,tali
lard,lemak babi
larv,larva
lice,sekolah menengah
likv,cairan
lili,lili
maiz,jagung
malv,mallow
mens,pikiran
menu,menu
miel,madu
musk,lumut
muze,museum
nuks,kacang
oper,opera
oval,oval
palm,pohon palem
palt,mantel
pane,rusak
perl,mutiara
pian,piano
pice,cemara
pipr,lada
plag,bencana
prun,prem
pudr,bedak
punt,renda
raci,rasionalitas
rent,sewa
ruin,runtuhan
rust,karat
situ,lokasi
sled,kereta salju
sorg,sorgum
spik,telinga
spur,jejak
stan,timah
sulk,alur
takt,irama
tali,pinggang
tigr,harimau
tort,kue
tram,trem
trup,grup
vaks,lilin
vejn,vena
vesp,tawon
vind,pembalut
zink,seng
afrik,Afrika
agent,agen
akord,sesuai
akrid,belalang
aktor,aktor
alarm,alarm
ampol,ampul
angil,belut
anser,angsa
artik,sendi
bacil,basilus
bambu,bambu
banan,pisang
brand,brendi
bronz,perunggu
buked,karangan
cigar,cerutu
cikad,serangga
cinam,kayu manis
cindr,abu
cirkl,lingkaran
civit,kota otonom
ĉerk,peti mati
debet,debit
diant,anyelir
dogan,bea cukai
efekt,kesan
ekran,layar
emajl,enamel
event,peristiwa
fabel,dongeng
fasad,fasad
fason,jahit
fluid,cairan
fotel,kursi malas
front,depan
funel,corong
ĝerm,kecambah
hepat,hati
horde,jelai
infer,neraka
ironi,sindiran
kaban,pondok
kahel,ubin
kajut,kabin
kamel,unta
kanal,kanal
kankr,kepiting
karaf,dekanter
kokos,kelapa
krani,tengkorak
krest,jengger
kukum,mentimun
kupon,kupon
kusen,bantal
latun,kuningan
laŭb,gazebo
lekci,kuliah
lesiv,larutan
limak,siput
logik,logika
lotus,teratai
melon,melon
moral,moral
muzel,moncong
nilon,nilon
ocean,samudra
palat,langit-langit
palis,tiang
papag,nuri
paser,burung pipit
pensi,pensiun
peron,teras
pilot,pilot
pland,telapak
plast,plastik
porci,jatah
princ,pangeran
pupil,pupil mata
rabat,diskon
rafan,lobak
raŭp,ulat
resum,ringkasan
rimen,sabuk
roman,novel
salat,salad
salik,willow
satir,sindiran
sciur,bajing
sekal,gandum
sekci,bagian
senat,senat
split,serpihan
spong,spons
stadi,tahap
statu,patung
sterk,pupuk
strig,burung hantu
strut,unta
ŝink,ham
ŝtip,balok
tapet,kertas dinding
tarif,tarif
tegol,genteng
tekst,teks
teras,teras
tomat,tomat
tuber,benjolan
tunel,terowongan
velur,beludru
veruk,kutil
vezik,kandung kemih
volum,jilid
adverb,kata keterangan
akcent,aksen
alaŭd,burung
amator,amatir
amerik,Amerika
arteri,arteri
asfalt,aspal
aŭtor,penulis
barbir,tukang cukur
buĝet,anggaran
bulten,buletin
cikatr,bekas luka
cikoni,bangau
cirkel,jangka
daktil,kurma
dialog,dialog
ego/ist##,ego/ist##
eklezi,gereja
emerit,pensiunan
eŭrop,Eropa
fajenc,tembikar
fazeol,kacang
fontan,air mancur
formik,semut
formul,rumus
fripon,penipu
furaĝ,pakan
galoŝ,sepatu karet
gvardi,pengawal
ĝemel,kembar
hangar,gudang pesawat
haring,ikan herring
hazard,kebetulan
hektar,hektar
herold,utusan
higien,kebersihan
impuls,dorongan
insign,lencana
intest,ususan
jubile,jubilee
karton,karton tebal
kasked,topi
kavern,gua
kirurg,bedah
klimat,iklim
klinik,klinik
kolegi,perguruan
kolomb,merpati
kolumn,kolom
komedi,komedi
konsul,konsul
konval,lili lembah
kornik,gagak
kostum,busana
kredit,kredit
kukurb,labu
kunikl,kelinci
kurent,arus listrik
lacert,kadal
licenc,izin
maleol,pergelangan kaki
materi,bahan
mirtel,bluberi
monstr,monster
oficir,perwira
orator,pembicara
papili,kupu-kupu
pendol,bandul
period,periode
persik,persik
pionir,pelopor
planed,planet
platan,platanus
plural,jamak
profet,nabi
prolet,proletar
pronom,pronomina
reakci,reaksi
reĝim,rezim
rivolu,revolusi
ruband,pita
skorpi,kalajengking
spinac,bayam
stamen,benang sari
statur,tinggi
surtut,mantel
ŝakal,serigala
ŝaŭm,busa
teknik,teknik
testud,kura-kura
torent,arus deras
trafik,lalu lintas
tumult,kerusuhan
turism,wisata
turist,turis
vertic,puncak
viktim,korban
violon,biola
vulkan,gunung berapi
vultur,burung bangkai
abrikot,aprikot
akademi,akademi
alfabet,abjad
alumini,aluminium
ambasad,kedutaan
anekdot,anekdot
apertur,bukaan
apostol,rasul
asemble,rapat
bagatel,sepele
bakteri,bakteri
bandaĝ,perban
bifstek,steak
budĝet,anggaran
burĝon,tunas
central,pusat
cirkvit,rangkaian
ĉar/um##,ĉar/um##
dimensi,dimensi
ekvator,khatulistiwa
element,unsur
epidemi,wabah
fantazi,fantasi
fenomen,fenomena
gelaten,gelatin
general,jenderal
girland,karangan
harmoni,selaras
instanc,otoritas
invalid,cacat
kaldron,ketel
kaŝtan,kastanye
katalog,katalog
kirurgi,bedah
kolonel,kolonel
komisar,komisaris
kompani,perusahaan
koncept,konsep
konkord,selaras
konkurs,lomba
koridor,lorong
kristal,kristal
lantern,lentera
latitud,lintang
medicin,medisina
mineral,mineral
minimum,minimum
ministr,menteri
obstakl,rintangan
orkestr,orkestra
pacifik,Pasifik
palpebr,kelopak
pantofl,sandal
paradiz,surga
paralel,paralel
plastik,pematung
portret,potret
princip,prinsip
program,program
projekt,rencana
proverb,pepatah
provinc,provinsi
rendevu,janji
sin/ten##,sin/ten##
situaci,situasi
stadion,stadion
subjekt,subjek
teĥnik,teknik
tendenc,kecenderungan
tinktur,pewarna
tradici,tradisi
tragedi,tragedi
traktat,perjanjian
trumpet,terompet
uniform,seragam
vegetal,tumbuhan
viadukt,jembatan
volumen,volume
zoologi,zoologi
atlantik,Atlantik
avantaĝ,keuntungan
bracelet,gelang
cirkuler,edaran
dokument,dokumen
federaci,federasi
generaci,generasi
geografi,geografi
gramatik,tata bahasa
ĝendarm,polisi
horizont,cakrawala
individu,individu
kandidat,calon
karnaval,karnaval
kategori,kategori
komun/um##,komun/um##
krokodil,buaya
longitud,bujur
maksimum,maksimum
marmelad,selai
monument,monumen
paraŝut,parasut
pasaĝer,penumpang
pland/um##,pland/um##
porcelan,porselen
procent,persen
profesor,profesor
radiator,radiator
regiment,resimen
rekt/angul##,rekt/angul##
sandviĉ,roti isi
sindikat,serikat
singular,tunggal
specimen,contoh
spektakl,pertunjukan
substanc,zat padat
teritori,wilayah
vertikal,tegak
ambasador,duta
aŭstrali,Australia
centimetr,sentimeter
ekspozici,pameran
inspektor,inspektur
kalkan/um##,kalkan/um##
konfidenc,rahasia
lokomotiv,lokomotif
matematik,matematika
metalurgi,metalurgi
ministeri,kementerian
najtingal,burung bulbul
ortografi,ejaan
parlament,parlemen
proletari,proletar
propozici,pernyataan
psikologi,psikologi
suplement,tambahan
termometr,termometer
elektronik,elektronik
helikopter,helikopter
horizontal,mendatar
komplement,pelengkap
konsekvenc,konsekuensi
konstituci,konstitusi
laboratori,lab
leŭtenant,letnan
mediterane,Mediterania
substantiv,kata benda
universitat,universitas
s-ro##,s-ro##
s-ino##,s-ino##
sinjor/in##,sinjor/in##
alk,rusa
aln,alnus
ann,Anna
bed,kebun
boa,ular besar
buf,kodok
cim,serangga
col,inci
dam,ratu
dig,bendungan
duk,adipati
fav,kurap
fok,anjing laut
fut,kaki
gad,ikan kod
gam,skala
gri,bubur kasar
guf,burung hantu
huz,sturgeon
kan,tebu
ken,kayu resin
ker,hati
kil,lunas
kuf,topi
kul,nyamuk
kup,kop kaca
laf,lava
lir,lira
lod,lot
lol,gandum liar
mac,roti tidak beragi
mel,luwak
mes,misa
mev,burung camar
muf,mantel gas
muk,lendir
mul,bajak
nap,lobak
peg,pelatuk
pol,Polandia
pul,kutu
rap,lobak
rif,karang
rod,dermaga
rot,regu
rub,puing
rum,rum
rus,Rusia
seb,lemak
sel,pelana
tez,esai
tul,tulle
ulm,elm
uln,hasta
unc,ons
urn,guci
vil,berbulu
abat,abbas
acer,mapel
akar,tungau
alte,hibiskus
alun,tawas
amel,pati
anas,bebek
angl,Inggris
aniz,adas manis
ankr,jangkar
arĉ,busur
arde,kuntul
aren,arena
atut,truf
avel,kemiri
aviz,pemberitahuan
azot,nitrogen
bast,kulit dalam
bert,nama perempuan
blat,kecoak
bram,ikan bream
bran,dedak
burd,lebah
cedr,cedar
citr,siter
ĉam,kambing hutan
ĉan,pelatuk
dogm,dogma
drak,naga
drog,obat
ebon,kayu hitam
eter,eter
fabl,fabel
falk,elang
fibr,serat
flan,kue
flok,serpihan
flut,seruling
fraj,telur
ftiz,tuberkulosis
gajl,empedu
gips,gipsum
glan,biji ek
glim,mika
graf,bangsawan
gril,jangkrik
gros,kismis
gurd,organ tangan
ibis,ibis
idol,berhala
kalk,kapur
kand,gula-gula
kard,kardus
karo,wajik
kask,helm
kaze,dadih
kegl,pin bowling
klap,katup
klav,tombol
kluz,pintu air
kojn,baji
koks,pinggul
konk,kerang
kren,lobak
krep,kain krep
krop,tembolok
krup,krup
lake,pelayan
laks,diare
legi,legiun
lent,kacang lentil
lepr,kusta
lian,liana
lien,limpa
link,lynx
liut,kecapi
lojt,ikan lojt
lorn,teropong
lumb,pinggang
lutr,berang-berang
magi,sihir
mana,manna
mari,Maria
mask,topeng
maŝ,jaring
meĉ,sumbu
mejl,mil
ment,mint
merl,burung hitam
mesi,mesias
mili,milet
mirh,mur
mirt,mirtel
misi,misi
mops,anjing pug
most,anggur baru
niĉ,ceruk
omar,lobster
opal,opal
ostr,tiram
paru,burung kecil
peĉ,nada
pelv,baskom
perk,perca
pest,wabah
petr,Petrus
pini,pinus
pips,penyakit
plik,kepang
plot,ikan
popl,poplar
pram,feri
sakr,sumpah
salm,salmon
sepi,cumi-cumi
sofi,Sofia
sorp,sorb
spat,spat mineral
spin,tulang belakang
stab,staf
step,padang
stip,batang
stof,kain
stup,kalk
ŝak,catur
ŝal,selendang
ŝam,kulit chamois
taft,tafta
talp,tikus tanah
tetr,tetrao
tibi,tulang kering
tili,kapur
tine,ngengat
torf,gambut
trab,balok
tref,klub
tril,tril
trip,jeroan
trog,palungan
tron,takhta
truf,truffle
trul,kapeletan
trut,ikan trout
turd,burung
turk,Turki
turt,merpati
uter,rahim
ŭat,watt
vafl,wafel
vals,waltz
vekt,balok
zebr,zebra
altar,altar
ambos,landasan
anton,Anton
ardez,batu tulis
argil,tanah liat
aspid,ular kobra
balen,paus
barĉ,borscht
boben,gulungan
brank,insang
bubal,kerbau
bufed,prasmanan
cejan,sian
dativ,datif
datur,datura
demon,iblis
denar,denarius
deviz,motto
domen,domino
embri,embrio
emili,Emilia
ermen,musang
ermit,pertapa
facet,faset
fazan,burung pegar
femur,paha
filik,paku
flegm,tenang
fokus,fokus
franc,Prancis
frank,franc
fring,burung finch
galon,pita
gazel,gazel
genot,genet
georg,George
gitar,gitar
gland,kelenjar
groŝ,koin kecil
hebre,Ibrani
heder,ivy
herez,bidah
herni,hernia
hirud,lintah
hosti,roti misa
husar,kavaleri ringan
ĥaos,kekacauan
idili,idilis
johan,Johan
jozef,Yusuf
kalik,piala
kambi,wesel
kamer,ruang
kanab,ganja
kanap,sofa
kapel,kapel
kapon,ayam jantan
kapor,kapari
kapot,kerudung
karas,ikan mas
karob,karob
katun,kain katun
kerub,kerubim
kiras,lapis
klaft,depa
kloŝ,kubah kaca
koaks,kokas
koleg,rekan
kolon,pilar
komiz,pegawai
komod,lemari
konus,kerucut
kopek,kopeck
koran,Quran
kramp,penjepit
kring,kue kering
krisp,kerut
krist,Kristus
kupol,kubah
kvarc,kuarsa
kvart,keempat
lanug,bulu halus
laŭr,laurel
libel,capung
liken,lumut
livre,seragam
loĝi,pondok
lupol,hop
lustr,lampu hias
luter,Luther
medal,medali
meriz,ceri liar
moned,gagak
morus,murbei
moŝt,kehormatan
negoc,bisnis
nobel,bangsawan
novic,pemula
nuanc,nuansa
oblat,wafer
okzal,sorrel
orden,lencana
orgen,organ
paĝi,pelayan
papav,opium
pariz,Paris
paŭl,Paulus
pavim,paving
pedik,kutu
perĉ,ikan ruff
piked,pos penjaga
pilol,pil
pirit,pirit
pirol,bullfinch
piroz,mulas perut
piŝt,piston
pluŝ,plush
poent,skor
pokal,piala
polus,kutub
potas,abu-abu
prujn,embun beku
pudel,pudel
pumik,batu apung
punĉ,pukulan
putor,musang
raben,rabi
rapir,rapier
regol,burung regulus
rezin,resin
rostr,belalai
ruben,batu rubi
safir,safir
salvi,salvia
sigel,segel
silab,sukulet
silik,batu api
silur,lele
silvi,burung
sirop,sirup
skabi,kudis
skadr,skuadron
skarp,selendang
skvam,sisik
sorik,celurut
spion,mata-mata
spron,dorongan
stabl,bangku
sturg,sturgeon
sturn,jalak
ŝalm,seruling
ŝark,hiu
ŝelk,tali gantung
ŝild,perisai
ŝind,genteng kayu
ŝlim,lumpur
taban,lalat
tavol,lapisan
tempi,pelipis
tetan,tetanus
tetra,tetrao
timon,tongkat
topaz,topas
torĉ,obor
tromb,puting beliung
tulip,tulip
ulcer,borok
urtik,jelatang
vanil,vanila
vasal,bawahan
velen,vellum
verst,verst
vezir,menteri
vipur,ular-ularan
vokal,vokal
zenit,puncak
zibel,cerpelai
zizel,susel
absces,abses
absint,apsintus
alcion,rangkong
amfibi,amfibi
ananas,nanas
artrit,radang sendi
atripl,orak
berlin,Berlin
bismut,bismut
boraks,boraks
buljon,kaldu
bulonj,Boulogne
buŝel,gantang
centim,sen]]
cikori,cikori
cimbal,simba
cinabr,sinemabar
cipres,sipro
ĉarpi,kain kasa
damask,damask
delfen,lumba-lumba
didelf,posum
embusk,sergapan
epolet,epaulet
erinac,landak
ernest,Ernesto
eskadr,skuadron
faktur,tagihan
falbal,renda
fantom,hantu
faring,faring
fenkol,adas manis
ferdek,geladak
fistul,fistula
flanel,flanel
fosfor,fosfor
franĝ,rumbai
furunk,bisul
fusten,fustian
galeri,galeri
gamaŝ,gaiter
german,Jerman
granat,delima
granit,granit
grenad,granat
grifel,pensil
ĝiraf,jerapah
haladz,bau busuk
hamstr,menimbun
hispan,Spanyol
ĥimer,khayalan
ĥoler,kolera
ingven,selangkangan
izrael,Israel
jasmen,melati
kaleŝ,kereta
kalvin,Kalvin
kamfor,kamper
kamlot,kain wol
kanajl,penjahat
kanari,kenari
kantor,penyanyi
kanvas,kanvas
kapsul,kapsul
kapuĉ,kerudung
kardel,kenari
karmin,karmín
karpen,hornbeam
kastor,berang-berang
kaviar,kaviar
kobalt,kobalt
kobold,peri
kolbas,sosis
kolibr,kolibri
kolimb,penyelam
kolubr,ular-ularan
komuni,komuni
kontor,kantor
kontur,kontur
kornic,cornice
korpus,korps
koturn,puyuh
kraken,kerupuk
kratag,hawthorn
krater,kawah
kronik,kronik
kurier,kurir
lampir,kunang-kunang
laring,laring
lavang,longsor
legend,legenda
lekant,marguerite
lentug,bintik
levkoj,gilliflower
likvor,minuman keras
litani,litani
london,London
magnet,magnet
makzel,rahang
mangan,mangan
markot,cangkok
marmor,marmer
marmot,marmot
mastik,dempul
migdal,almond
miogal,muskrat
miozot,lupa lupa
monaĥ,biksu
morbil,campak
morter,mortar
muskat,pala muskat
muslin,muslin
mustel,musang
nanken,kain nankin
narcis,narsis
nikola,Nikolas
notari,notaris
orakol,wahyu
paletr,palet
panter,macan
parget,parket
paroĥ,paroki
parter,lantai dasar
pastel,permen
patent,paten
patrol,patroli
pfenig,pfennig
pistak,pistachio
pistol,pistol
plastr,plester
platen,platina
ponard,belati
porfir,porfiri
porter,porter
primol,primula
prunel,buah prunel
purpur,ungu
rekrut,rekrutan
rempar,benteng
risort,pegas
rosmar,walrus
rozari,tasbih
rubrik,kolom
safran,safron
sambuk,elder
sankci,sanksi
sardel,ikan asin
sceptr,tongkat
selakt,whey
servic,peralatan
servut,perbudakan
siring,lilak
skapol,tulang belikat
skarab,kumbang
skolop,gagangaji
skurĝ,cambuk
sofism,kekeliruan
sopran,soprano
spalir,barisan
stefan,Stefan
sufiks,sufiks
sukcen,ambar
sulfur,belerang
talent,bakat
tambur,drum
tenden,urat
teodor,Teodor
termin,istilah
testik,testis
timian,timian
tombak,kuningan
traĥe,trakea
tremol,populus
tribun,mimbar
tropik,tropis
turban,sorban
turkis,pirus
turnir,turnamen
urogal,capercaillie
variol,cacar
viburn,viburnum
vikari,vikaris
vinagr,cuka
vizier,pelindung
volupt,nafsu
ablativ,ablativus
antimon,antimon
arleken,badut
arsenik,arsenik
artifik,tipu
asparag,asparagus
bajonet,bayonet
bastion,benteng
beladon,beladona
biskvit,biskuit
ĉampan,sampanye
ĉarnir,engsel
diamant,berlian
episkop,uskup
eŝafod,panggung
fraksen,abu-abu
frangol,buckthorn
fringel,siskin
genitiv,genitif
henriet,Henrietta
hidrarg,raksa
hiskiam,henbane
histrik,landak
jugland,kenari
juniper,juniperus
kalikot,kain katun
kamizol,kamisol
kamomil,kamomil
kapitan,kapten
kapitel,kapitel kolom
kapreol,kijang
kapucen,kapusin
karaben,karabin
kartoĉ,peluru
karusel,komidi putar
kavalir,ksatria
klarnet,klarinet
klister,enema
kokluŝ,batuk rejan
kolofon,getah
kompres,kompres
kurator,wali
kvitanc,tanda terima
leontod,dandelion
leopard,macan tutul
limonad,limun
lonicer,lonisera
ludovik,Ludwig
lunatik,gila
maroken,kulit Maroko
marŝal,marsekal
meleagr,kalkun
membran,selaput
miĥael,Mikael
monarĥ,raja
mustard,mustar
negliĝ,negligee
nikodem,Nikodemus
novjork,New York
oksigen,oksigen
oksikok,cranberi
parazit,parasit
pasteĉ,pai daging
pelikan,pelikan
perdrik,puyuh
poligon,poligon
prefiks,awalan
redakci,redaksi
rinocer,badak
salpetr,sendawa
sentenc,pepatah
skarlat,merah tua
skorbut,skorbut
skrofol,skrofula
smerald,zamrud
sterled,sterlet
stertor,mendengkur
ŝiller,Schiller
umbilik,pusar
univers,semesta
varsovi,Warsawa
verdigr,patina
vertebr,tulang belakang
vespert,kelelawar
vestibl,lobi
vilhelm,William
virtuoz,virtuoso
vitriol,vitriol
zingibr,jahe
akcipitr,elang
akuzativ,kasus akusatif
argument,argumen
arĥaism,arkaisme
artiŝok,articok
baldaken,kanopi
briliant,permata
diplomat,diplomat
distrikt,distrik
elizabet,Elisabet
fragment,pecahan
framason,freemason
frugileg,gagak
hidrogen,hidrogen
hortulan,ortolan
institut,institusi
kantarid,kumbang
kariofil,cengkeh
kartilag,tulang rawan
katarakt,katarak
koĉenil,kocenil
kokcinel,kumbang
konvulsi,kejang
leksikon,leksikon
marcipan,marzipan
medalion,medali besar
monarĥi,monarki
obstrukc,hambatan
paradoks,paradoks
parentez,kurung
particip,partisipel
pasament,hiasan
pastinak,parsnip
pergamen,perkamen
peritone,peritoneum
perlamot,mutiara
petromiz,lamprey
petrosel,peterseli
ranunkol,buttercup
redaktor,editor
rezultat,hasil
rosmaren,rosemary
serĝent,sersan
sublimat,sublimat
taĉment,detasemen
terebint,terpentin
tornistr,ransel
zamenhof,Zamenhof
aleksandr,Aleksander
anunciaci,Kabar malaikat
balustrad,pagar
ĉambelan,pelayan
ĉarlatan,penipu
deklinaci,deklinasi
diplomati,diplomasi
ekscelenc,keagungan
ekzempler,salinan
entuziasm,antusiasme
fortepian,piano besar
galanteri,aksesoris
iĥtiokol,isinglas
instituci,institusi
instrukci,perintah
kancelari,kanselari
kancelier,kanselir
kataplasm,plester
kondolenc,belasungkawa
konjugaci,konjugasi
konjunkci,konjungsi
konsonant,konsonan
korporaci,perusahaan
kvaranten,karantina
nominativ,kasus subjek
pentekost,Pentakosta
piedestal,alas
prepozici,preposisi
privilegi,hak istimewa
promontor,tanjung
salamandr,salamander
testament,wasiat
vermiĉel,bihun
interjekci,seruan
superstiĉ,takhayul
vaŝington,Washington
violonĉel,celo
arĥitektur,arsitektur
interpunkci,tanda baca
jork,York
parok,paroki
navig,navigasi
kaos,kekacauan
kimer,makhluk mitos
korus,paduan suara
monak,biarawan
iktiokol,lem ikan
ald,alto
alo,lidah buaya
api,seledri liar
ari,aria
bas,bas
car,tsar
dog,anjing besar
dok,dermaga
doz,dosis
ego,ego
elf,peri
etn,etnis
faz,fase
fon,latar
fuk,puing
gaz,kasa gas
gem,permata
hum,humus
jod,iodin
jud,Yahudi
kep,topi
lat,bilah
lob,lobus
mim,peniru
mit,mitos
muz,muse
nas,perangkap
nav,nave
niz,elang
oaz,oasis
opi,opium
puf,bengkak
raj,pari
ras,ras
ref,terumbu
rit,ritual
rut,rue
sod,soda
tif,tifus
tog,toga
viz,visa
agat,batu akik
aĝi,premi tukar
alen,pahat
ambr,ambergris
amor,cinta
aort,aorta
arom,harum
astm,asma
astr,benda langit
azil,suaka
bard,penyair
bomb,bom
bosk,rerimbunan
brom,bromin
bust,bust
cend,sen
cidr,sari apel
cirk,sirkus
dali,dahlia
dign,martabat
duel,duel
duet,duet
ebur,gading
eden,Eden
egid,perisai
erik,heather
etik,etika
etim,etimon
fars,lelucon
fili,cabang
fisk,kas negara
furi,dewi balas dendam
gnom,peri
grog,grog
gruz,kerikil
ĝin,gin
hidr,hidra
hien,hiena
irid,iris
iris,iris
istm,tanah genting
jesu,Yesus
junk,rumput
kabl,kabel
kali,kalium
kame,kameo
kast,kasta
klor,klorin
kofr,koper
kolz,kolza
kont,akun
krab,kepiting
kres,selada
kupe,kompartemen
laik,awam
lama,lama僧
lanc,tombak
lens,lensa
lord,tuan
malt,malt
mani,kecanduan
medi,lingkungan
milv,elang
mitr,mitra
moru,ikan kod
mosk,musk
mumi,mumi
naft,minyak
negr,negro
nimb,aura
norm,bakuan
obol,obolos
ogiv,ogif
orgi,pesta ria
ozon,ozon
penc,sen
pleb,rakyat jelata
podi,panggung
polk,polka
pomp,megah
pore,bawang prei
rabi,rabies
rism,rim kertas
romb,belah ketupat
rubl,rubel
sabr,pedang
sagu,sagu
sald,saldo
salv,tembakan serentak
sekt,sekte
sfer,bola
skem,skema
skol,aliran
slip,kartu
sokl,alas
sold,gaji
sole,ikan sole
spad,pedang
ŝah,syah
talk,talc
teni,cacing pita
tiar,mahkota
tink,tench
tors,badan
tost,bersulang
trop,kiasan
turb,gasing
ukaz,dekret
ulan,ulan
uzur,riba
verv,semangat
vink,tapak dara
visk,mistletoe
vist,whist
vizi,visi
zuav,zouave
abism,jurang
adept,pendukung
afiks,afiks
afust,kereta meriam
agraf,pengait
akaci,akasia
akciz,cukai
aksel,ketiak
albin,albino
alibi,alibi
aline,paragraf
alkov,relung
amfor,amfora
angin,angina
angor,gelisah
anten,antena
apati,apatis
apoge,apogee
arkad,lengkung
arkiv,arsip
arnik,arnika
atlas,atlas
atlet,atlet
aviad,terbang
balad,balada
balet,balet
barak,gubuk
baron,baron
basen,kolam
beril,beril
bibli,Alkitab
bigot,fanatik
biret,topi
bitum,aspal
bivak,berkemah
breĉ,celah
broĉ,bros
bronk,bronkial
cigan,Gipsi
cikut,cikuta
ĉifr,sandi
debat,debat
dekan,dekan
dilem,dilema
diluv,banjir
divan,sofa
dolar,dolar
drakm,drakma
dukat,dukato
edikt,dekrit
eklog,idil
ekzem,eksim
elegi,elegi
elips,elips
elizi,elisi
emfaz,penekanan
epope,epos
fagot,fagot
fakir,fakir
fatal,takdir
feŭd,feodal
fiakr,kereta sewa
fiask,gagal
final,final
fjord,teluk
forum,forum
fresk,fresco
furor,laku
galer,galai
galop,lari kencang
garol,gagak
goril,gorila
hamak,tempat tidur gantung
harem,harem
harpi,harpi
helic,baling-baling
helik,siput
hisop,hisop
hoboj,obo
humer,humerus
idiom,idiom
idiot,idiot
ileks,ileks
iluzi,ilusi
indiga,nila
jalap,obat jalap
jud/ism##,jud/ism##
kabal,kabbala
kadet,taruna
kalif,kalifah
kanon,meriam
karat,karat
kazin,kasino
kinin,kinin
kirŝ,kirsch
kloak,selokan
kobaj,marmut
kokon,kepompong
kolik,kolik
kolos,kolosal
komet,komet
koral,karang
korne,kornea
korol,mahkota bunga
kozak,Kozak
krabr,tawon
kreol,kreol
kript,kubah bawah tanah
kulis,sayap
kumin,jinten
kvast,rumbai
kvint,kelima
lagun,laguna
lapis,perak nitrat
larik,lariks
later,sisi
lazur,biru langit
legat,utusan
lirik,puisi
madon,Madonna
major,mayor
mamut,mamut
medol,sumsum
meduz,ubur-ubur
melas,molase
melis,melisa
miasm,miasma
mimoz,mimosa
mitul,kerang
moske,masjid
motiv,alasan
natri,natrium
nikel,nikel
nimfe,teratai
noktu,burung hantu
nomad,nomaden
novel,cerita
nunci,nunsius
oksid,oksida
oktav,oktaf
oniks,oniks
optik,optik
orbit,orbit
oriol,kutilang
ovaci,ovasi
pagod,pagoda
panel,panel
panik,panik
paraf,inisial
patos,perasaan
pedal,pedal
pedel,petugas
peoni,peoni
peruk,rambut palsu
pigme,pigmi
pirat,bajak laut
pivot,poros
polip,polip
polis,polis asuransi
pomad,pomade
prior,pemimpin biara
prism,prisma
psalm,mazmur
raket,roket
rebus,teka-teki
retin,retina
retor,retorikawan
rezed,reseda
ricin,jarak
rokok,rokoko
rubus,beri hitam
rutin,kebiasaan
saliv,ludah
satan,Setan
saten,satin
seraf,serafim
sifon,sifon
sinap,mustar
sinod,sinode
siren,duyung
skalp,kulit kepala
skerc,scherzo
skism,perpecahan
sonat,sonata
sonet,soneta
spasm,kejang
sperm,sperma
splen,murung
stopl,tunggul
strof,bait
sutan,jubah
ŝose,jalan raya
ŝpat,sekopokok
taler,taler
tanin,tanin
tarok,tarot
teism,teisme
teist,teisme
templ,kuil
tenor,tenor
teror,teror
tindr,pemantik
tiran,tiran
tonel,tonel
trofe,trofi
trust,kepercayaan bisnis
tunik,tunik
utopi,utopia
vanel,burung
vinkt,pengait
viper,ular-ularan
viski,wiski
zefir,angin lembut
advent,kedatangan
aksiom,aksioma
akvari,akuarium
algebr,aljabar
alkemi,alkimia
ambici,ambisi
amulet,jimat
anagal,pimpernel
anarki,anarki
anatom,ahli anatomi
anĉov,ikan teri
anemon,anemon
anilin,anilin
aplomb,tenang
apolog,fabel
arbust,semak
arĥiv,arsip
asesor,penasehat
ateism,ateisme
ateist,ateis
aŭkci,lelang
balast,pemberat
balkon,balkon
balzam,balsam
bandit,perampok
barbar,biadab
barier,penghalang
bateri,baterai
batist,batiste
bazalt,batu basal
beletr,sastra
bilanc,neraca
bilard,biliar
binokl,teropong
biolog,ahli biologi
blazon,lambang
blokad,blokade
bordel,rumah bordil
braman,Brahmana
brigad,brigade
buduar,kamar pribadi
burnus,jubah
celeri,seledri
cidoni,quince
ciklon,siklon
ciklop,raksasa mata satu
dekret,dekrit
depeŝ,pesan
despot,despotik
diabet,diabetes
diadem,diadem
diakon,diakon
diplom,sertifikat
divizi,divisi
dragon,dragoon
eklips,gerhana
eksces,berlebihan
ekstaz,ekstasi
ekvaci,persamaan
emblem,lambang
emulsi,emulsi
endivi,endive
epilog,epilog
epitet,epitet
epizod,episode
erupci,letusan
eskort,pengawal
estrad,panggung
etiket,sopan santun
eŭnuk,kasim
ezofag,kerongkongan
faktor,faktor
falang,formasi
fanfar,fanfare
feniks,feniks
feston,rangkaian
fetiĉ,fetis
fleksi,fleksi
floren,florin
format,format
frakci,pecahan
fregat,fregat
galant,galant
gangli,ganglion
genist,sapu
geolog,geolog
gerani,geranium
gigant,raksasa
glazur,lapisan
glikoz,glukosa
glukoz,glukosa
gondol,gondola
grafit,grafit
gulden,gulden
harpun,tombak ikan
hetman,pemimpin
hipnot,hipnosis
incens,dupa
indeks,indeks
inflam,radang
jaguar,jaguar
jezuit,Yesuit
ĵaket,jaket
kadavr,mayat
kadenc,irama
kalibr,kaliber
kameli,camelia
kantat,kantata
kanton,kanton
karbon,karbon
karcer,penjara
karier,karier
kariol,kereta kuda
katedr,katedral
kaŭci,jaminan
kazern,barak
kokard,kokarda
kolodi,kolodion
koloni,koloni
kompas,kompas
kondor,kondor
konjak,konyak
korife,pemimpin paduan suara
kornet,kornet
korsar,bajak laut
korset,korset
korvet,korvet
kotlet,daging potong
kursiv,miring
laktuk,selada
lavend,lavendel
loteri,lotre
lucern,lampu gereja
maksim,prinsip
malari,malaria
marasm,kelemahan
markiz,markis
martir,martir
masaĝ,pijat
mazurk,mazurka
medium,medium
melodi,melodi
mentor,pembimbing
merkat,pasar
mespil,medlar
meteor,fenomena atmosfer
metrik,metrik
mikrob,kumanan
mirakl,keaja
miriad,banyak
molusk,moluska
monark,raja
morfin,morfin
mozaik,mozaik
munici,amunisi
nektar,nektar
orkide,anggrek
paĉul,pachuli
parodi,parodi
pavian,babun
pedant,pedan
pepsin,pepsin
petard,petasan
piastr,piaster
pistil,aluat
podagr,asam urat
ponton,pontoon
portal,portal
portik,serambi
prelat,uskup
prelud,pembukaan
premis,praduga
profan,profan
profil,siluet
prolog,prolog
puding,puding
pupitr,meja
pustul,pustula
rabarb,rhubarb
regent,pemangku
rektor,rektor
relief,relief
retort,retort
romanc,romansa
rotond,rotonda
sandal,sandal
santal,cendana
sarong,sarung
satrap,satrap
sektor,sektor
septet,septet
serajl,istana
sevrug,sevruga
sfinks,sphinx
siluet,siluet
simbol,simbol
sinkop,sinkop
sintez,sintesis
skelet,kerangka
sofist,sofist
spektr,spektrum
spiral,spiral
sponde,spondee
suflor,pembisik
sultan,sultan
ŝalup,perahu
ŝankr,ulkus
ŝarad,teka-teki
taksus,cemara
taktik,taktik
talmud,Talmud
tamtam,tamtam
tandem,sepeda tandem
tapiok,tapioka
teolog,teolog
teorem,teorema
terapi,terapi
tercet,trio
termit,rayap
tonsur,cukur kepala
torped,torpedo
trapez,trapesium
tribut,upeti
triumf,kemenangan
turbin,turbin
unison,unisono
uragan,badai
vampir,vampir
verand,teras
vermut,vermut
vinjet,hiasan
zigzag,zigzag
zodiak,zodiak
admiral,laksamana
aerolit,meteorit
aforism,aforisme
agronom,ahli tani
akrobat,akrobat
akvarel,lukisan air
alegori,alegori
alĥemi,alkimia
almanak,almanak
ambrozi,ambrosia
ametist,ametis
amnesti,amnesti
anagram,anagram
analogi,analogi
anapest,anapest
anatomi,anatomi
angelik,angelika
anomali,anomali
antilop,antelope
antipod,antipoda
antitez,antitesis
apoteoz,deifikasi
apozici,aposisí
arabesk,arabesque
arkaism,arkaisme
asonanc,asonansi
atavism,atavisme
atribut,atribut
aŭreol,halo
bankier,bankir
barikad,barikade
bariton,bariton
bastard,anak haram
bazilik,basilika
biograf,penulis biografi
biologi,biologi
bisturi,pisau bedah
bombast,bombastis
botanik,botani
celuloz,selulosa
ceramik,keramik
cilindr,silinder
cistern,tangki
citadel,benteng
ĉevron,kasau
demagog,demagog
diagnoz,diagnosis
dialekt,dialek
diametr,diameter
difteri,difteria
diftong,diftong
dinamik,dinamis
dinamit,dinamit
dinasti,dinasti
doktrin,doktrin
ekspres,ekspres
eliksir,eliksir
eminenc,keunggulan
epiderm,epidermis
epifani,epifani
epigraf,inskripsi
epigram,epigram
erudici,cendekia
estetik,estetika
etim/olog##,etim/olog##
etiolog,ahli etiologi
evoluci,evolusi
farmaci,farmasi
filolog,filolog
filozof,filsuf
fonetik,fonetik
fronton,pedimen
gangren,gangren
gardeni,kacapiring
gencian,gentian
geodezi,geodesi
geograf,ahli geografi
geologi,geologi
geometr,ahli geometri
gerundi,gerundium
gilotin,guillotine
gimnast,pesenam
gimnazi,sekolah menengah
guberni,provinsi
hiacint,hiacint
hipotek,gadai
hipotez,hipotesis
histeri,histeria
homonim,homonim
ĥirurg,bedah
judaism,Yudaisme
ĵargon,jargon
kalomel,kalomel
kanaben,burung kenari
kanibal,kanibal
kanonik,kanonikus
kaporal,kopral
karamel,karamel
karavan,kafilah
kartuŝ,kartus
katolik,Katolik
kazemat,benteng
komplot,komplot
koncesi,konsesi
kontakt,kontak
korsaĵ,korset
kreozot,kreosot
kriteri,patokan
kvadril,kadriil
kvestor,bendahara
letargi,lesuai
liturgi,liturgi
lozanĝ,belah ketupat
lumbrik,cacing tanah
mahagon,mahoni
majolik,majolika
makadam,makadam
makaron,makaron
malakit,malasit
mansard,loteng
marĝen,pinggir
matador,matador
mekanik,mekanik
merlang,ikan merlang
metafor,metafora
minaret,menara
mirabel,mirabel
molekul,molekul
monarki,monarki
monolog,monolog
monopol,monopoli
nikotin,nikotin
obelisk,obelisk
oleandr,oleander
oligark,oligark
omnibus,omnibus
onobrik,sainfoin
optativ,optatif
pacient,pasien
palinur,lobster
pamflet,pamflet
panoram,panorama
papirus,papirus
parabol,parabola
parafin,parafin
paskvil,sindiran
paŝtel,pastel
patolog,patolog
patrici,bangsawan
patriot,patriot
pedagog,pendidik
pelerin,cape
pension,penginapan
percept,indraja
pilastr,pilaster
piramid,piramida
plagiat,plagiat
plantag,pisang raja
polemik,kontroversi
prefekt,prefek
procesi,arak-arakan
prognoz,ramalan
prozodi,prosodi
puritan,puritan
retorik,retorika
revizor,auditor
samovar,samovar
sarkasm,sarkasme
segment,segmen
sekreci,sekresi
semafor,sinyal
serenad,serenada
sifilis,sifilis
simetri,simetri
simfoni,simfoni
simptom,gejala
sinagog,sinagoga
sinedri,mahkamah
sinonim,sinonim
sintaks,sintaksis
skandal,skandal
skrupul,teliti
stearin,stearin
sugesti,sugesti
ŝiling,syiling
taburet,bangku
tangent,tangen
teokrat,teokrat
teologi,teologi
trombon,trombon
ultimat,ultimatum
uvertur,pembukaan
variant,varian
vazelin,vaselin
verdikt,putusan
veteran,veteran
vokativ,kasus vokatif
abnegaci,pengorbanan
adjutant,ajudan
aeroplan,pesawat
agronomi,ilmu tani
akvafort,etsa
akvilegi,akleja
alabastr,alabaster
aligator,buaya
ambulanc,ambulans
antipati,antipati
antologi,antologi
apostrof,apostrof
arbalest,busur
areometr,hidrometer
arkeolog,arkeolog
arkitekt,arsitek
artileri,artileri
astrolog,astrolog
astronom,ahli astronomi
atmosfer,atmosfer
aŭdienc,audiensi
balistik,balistik
balzamin,balsam
banderol,pembungkus
barelief,relief rendah
batalion,batalion
bazilisk,basilisk
biografi,biografi
ceremoni,upacara
dekadenc,kemerosotan
delegaci,delegasi
demagogi,demagogi
demokrat,demokrat
diafragm,diafragma
diagonal,diagonal
diapazon,garpu tala
didaktik,didaktik
difterit,difteria
diktator,diktator
disĉipl,murid
dispepsi,dispepsia
ditiramb,dithyramb
dromedar,unta unta
ekstrakt,ekstraksi
epilepsi,epilepsi
erizipel,erisipelas
etimologi##,etimologi##
etiologi,etiologi
etnograf,etnografer
evangeli,injil
faksimil,faksimile
fakultat,fakultas
felieton,feuilleton
feminism,feminisme
feminist,feminis
filologi,filologi
filozofi,filsafat
fiziolog,ahli fisiologi
fonograf,fonograf silinder
galantin,galantin
garnitur,aksesoris
garnizon,garnisun
genealog,ahli silsilah
geometri,geometri
glicerin,gliserin
gliciriz,akar manis
grafolog,ahli grafologi
gramofon,gramofon
gutaperk,gutta-percha
halebard,halberd
harmonik,harmonika
hegemoni,dominasi
hekatomb,hekatombe
hierarki,hierarki
hipodrom,arena balap
honorari,honorarium
horoskop,horoskop
hortensi,hortensia
ĥirurgi,bedah
idiotism,idiom
imperial,atap atas
indiĝen,pribumi
inkognit,menyamar
intervju,wawancara
kalendul,marigold
kardinal,kardinal
katafalk,keranda
katakomb,katakomba
katedral,katedral
katekist,katekis
kavaleri,kavaleri
komandit,persekutuan
konfekci,pakaian
konflikt,konflik
kontralt,kontralto
kontrast,kontras
konvenci,konvensi
kosmetik,kosmetik
kreditor,kreditor
ksilofon,ksilofon
kvocient,hasil bagi
labirint,labirin
laŭreat,pemenang
logaritm,logaritma
logogrif,teka-teki
makaroni,makaroni
mandaren,pejabat
mandolin,mandolin
manifest,pernyataan
manometr,alat ukur tekanan
margarin,margarin
marionet,boneka
maŭzole,makam
mekanism,mekanisme
melodram,melodrama
meridian,meridian
metronom,metronom
metropol,metropolis
mikrofon,mikrofon
miniatur,miniatur
monogram,monogram
monomani,monomania
naftalin,naftalena
narkotik,narkotika
navigaci,navigasi
nekrolog,obituari
nepotism,nepotisme
nihilism,nihilisme
nihilist,nihilis
nostalgi,kerinduan
numismat,numismatis
obligaci,obligasi
oligarĥ,oligark
oligarki,oligarki
optimism,optimisme
optimist,optimis
organism,organisme
orografi,orografi
pacifism,pasifisme
pacifist,pasifis
palanken,usungan
panteism,panteisme
panteist,panteis
pantomim,pantomim
paradigm,paradigma
parafraz,parafrase
paragraf,paragraf
partitur,partitur
patologi,patologi
pedagogi,pedagogi
perimetr,keliling
peristil,peristil
pesimism,pesimisme
pesimist,pesimis
pleonasm,redundansi
poliglot,poliglot
preterit,lampau
procedur,prosedur
projekci,proyeksi
proporci,rasio
prospekt,brosur
protokol,protokol
prototip,prototipe
prozelit,mualaf
psikolog,psikolog
referenc,rujukan
renesanc,renaisans
reputaci,reputasi
revelaci,wahyu
revolver,revolver
rojalist,royalis
sacerdot,pendeta agama
sakristi,sakristi
sarkofag,sarkofagus
seminari,seminar
sensaci,sensasi
sfinkter,sfingter
silogism,silogisme
solecism,kesalahan
stipendi,beasiswa
strategi,strategi
subvenci,subsidi
talisman,jimat
tamburin,tamborin
tarantel,tarantela
tarantul,tarantula
teleskop,teleskop
teokrati,teokrasi
tipograf,tipografer
topograf,kartografer
toreador,matador
transept,transept
tuberkul,nodul
amfiteatr,amfiteater
apopleksi,stroke
arbitraci,arbitrase
arĥeolog,arkeolog
arĥitekt,arsitek
aritmetik,aritmetika
arkeologi,arkeologi
arkipelag,kepulauan
astrologi,astrologi
astronomi,astronomi
aŭditori,aula
aŭtograf,tanda tangan
aŭtokrat,diktator
deklaraci,deklarasi
demokrati,demokrasi
dialektik,dialektika
disciplin,disiplin
disenteri,disentri
entomolog,ahli serangga
etnografi,etnografi
filantrop,dermawan
fiziologi,fisiologi
fizionomi,fisiognomi
fotografi,fotografi
genealogi,silsilah
gladiator,gladiator
grafologi,grafologi
harmonium,harmonium
heksametr,heksameter
heliotrop,heliotropium
hidrofobi,rabies
hieroglif,hieroglif
higrometr,higrometer
hipopotam,kuda nil
homeopati,homeopati
ideografi,ideografi
imperativ,imperatif
imperfekt,tidak sempurna
impresari,impresario
indikativ,indikatif
infanteri,infanteri
infinitiv,infinitif
inkvizici,inkuisisi
intendant,pengurus
kabriolet,kabriolet
kandelabr,kandelaber
karikatur,karikatur
kartograf,kartografer
kastanjet,kastanyet
katalepsi,katalepsi
katastrof,bencana
kateĥist,katekis
kompromis,kompromi
konduktor,kondektur
konkurenc,bersaing
kontinent,benua
kontrabas,kontrabas
konvolvul,gulma
kosmogoni,kosmogoni
kosmograf,kosmografer
krizantem,krisan
kronologi,kronologi
kronometr,kronometer
krucifiks,salib
kvadratur,kuadratur
litografi,litografi
lokomobil,mesin traksi
melankoli,murung
metafizik,metafisika
mikrometr,mikrometer
mikroskop,mikroskop
mineralog,ahli mineralogi
monoteism,monoteisme
neologism,neologisme
oligarĥi,oligarki
ornitolog,ahli burung
ostracism,pengasingan
paleograf,paleografer
palisandr,rosewood
paroksism,serangan
pentametr,pentameter
plutokrat,plutokrat
politeism,politeisme
providenc,takdir
pulĉinel,badut
purgatori,api
recitativ,resitatif
reformaci,reformasi
rekrement,ampas
repertuar,repertoar
rezignaci,pasrah
sakrament,sakramen
sekundant,pendamping
skarlatin,demam merah
skolastik,skolastik
somnambul,tidur jalan
sortiment,stok barang
spekulaci,spekulasi
spirit/ism##,spirit/ism##
spirit/ist##,spirit/ist##
stalagmit,stalagmit
stalaktit,stalaktit
statistik,statistik
ŝovinism,chauvinisme
ŝovinist,nasionalis ekstremis
tipografi,tipografi
topografi,topografi
velociped,sepeda
veterinar,dokter hewan
vivisekci,viviseksinya
abiturient,lulusan SMA
alternativ,alternatif
anakronism,anakronisme
antropolog,antropolog
arĥeologi,arkeologi
arĥipelag,kepulauan
aristokrat,bangsawan
arkitektur,arsitektur
aŭtokrati,otokrasi
beletristik,sastra indah
bibliograf,bibliografer
civilizaci,peradaban
dinamometr,alat ukur daya
ekskrement,kotoran
entomologi,entomologi
eŭkaristi,ekaristi
filantropi,dermawan
hipertrofi,hipertrofi
ingredienc,bahan
inkvizitor,inquisitor
kartografi,kartografi
koeficient,koefisien
kompliment,pujian
kongregaci,jemaat
konsistori,konsistori
kontraband,penyelundupan
kontribuci,reparasi
kosmografi,kosmografi
kosmopolit,kosmopolit
krestomati,antologi
kvintesenc,inti
manufaktur,pabrik
manuskript,naskah
metamorfoz,transformasi
meteorolog,ahli cuaca
mineralogi,mineralogi
naturalism,naturalisme
numismatik,numismatik
ornitologi,ornitologi
paleografi,paleografi
perspektiv,pandangan
plutokrati,plutokrasi
pneŭmatik,ban udara
prerogativ,hak istimewa
pseŭdonim,nama samaran
stenografi,stenografi
subjunktiv,subjungtif
superlativ,superlatif
tuberkuloz,tuberkulosis
admiralitat,admiralitas
antropologi,antropologi
aristokrati,aristokrasi
bibliografi,bibliografi
cirkumfleks,sirkumfleks
demonstraci,bukti
departement,departemen
enciklopedi,ensiklopedia
hermafrodit,hermafrodit
hidrostatik,hidrostatik
hidroterapi,hidroterapi
imperialism,imperialisme
inaŭguraci,peresmian
kalejdoskop,kaleidoskop
kondicional,kondisional
konfederaci,konfederasi
konglomerat,konglomerat
kontrapunkt,kontrapungtasi
manifestaci,demo
metempsikoz,reinkarnasi
meteorologi,meteorologi
observatori,observatorium
paleontolog,paleontolog
pleŭronekt,ikan pipih
protagonist,tokoh utama
protektorat,protektorat
pseŭd,palsu
racional/ism##,racional/ism##
racional/ist##,racional/ist##
reŭmatism,rematik
temperament,temperamen
tragikomedi,tragikomedi
administraci,administrasi
demonstrativ,penunjuk
konservatori,akademi musik
paleontologi,paleontologi
paralelogram,jajaran genjang
spiritualism,spiritualisme
spiritualist,spiritualis
trigonometri,trigonometri
aŭtobiografi,otobiografi
t.e.,yaitu
k.t.p.,dll.
kiom,berapa
kiom##,kiom##
kiom##,kiom##
dum,selama
dum##,dum##
ĝis,sampai
ĝis##,ĝis##
anstataŭ,sebagai
anstataŭ##,anstataŭ##
kiu##,kiu##
kiu,siapa
tiu##,tiu##
tiu,itu
ĉiu,setiap
ĉiu##,ĉiu##
neniu,tak satupun
neniu##,neniu##
ambaŭ,kedua
ambaŭ##,ambaŭ##
tiu ĉi##,tiu ĉi##
tiu ĉi##,tiu ĉi##
fiks,tetap
fiks##,fiks##
fals,palsu
fals##,fals##
ĉu##,ĉu##
ĉu,apakah
kial,mengapa
kial##,kial##
kiel,seperti
kiel##,kiel##
tamen,namun
tamen##,tamen##
apenaŭ,hampir tidak
apenaŭ##,apenaŭ##
kvazaŭ,seolah-olah
kvazaŭ##,kvazaŭ##
ĉirkaŭ,sekitar
ĉirkaŭ##,ĉirkaŭ##
precip##,precip##
precip,utama
tut,seluruh
tut##,tut##
rest##,rest##
rest,sisa
ĉiel,berbagai
ĉiel##,ĉiel##
interes,menarik
interes##,interes##
lig,ikat
lig##,lig##
rul,gulir
rul##,rul##
arm##,arm##
arm,senjata
fos,gali
fos##,fos##
plant,tanam
plant##,plant##
orient##,orient##
orient,timur
fald,lipat
fald##,fald##
kaj,dan
kaj##,kaj##
amas,massa
amas##,amas##
kopi,salin
kopi##,kopi##
fotograf,memotret
fotograf##,fotograf##
ĉar,karena
ĉar##,ĉar##
fikci##,fikci##
fikci,fiksi
nul,nol
nul##,nul##
klar##,klar##
klar,jelas
artikol,artikel
artikol##,artikol##
aŭgust,Agustus
aŭgust##,aŭgust##
por,untuk
por##,por##
opozici,menentang
opozici##,opozici##
fot,foto
vibr,bergetar
oscil,bergetar
fluktu,berfluktuasi
indigo,nila
ad##,ad##
ad,terus
ag,bertindak
al,ke
am,cinta
an,anggota
ar,kelompok
as,sekarang
at,sedang
av,kakek
bo,menikah
ci,kau
da,dari
de,dari
di,dewa
Di##,Di##
do,jadi
du,dua
ec,sifat
eg,besar
ej,tempat
ek,mulai
el,dari
em,cenderung
en,dalam
er,unit
et,kecil
fe,peri
fi##,fi##
fi,kotor
ge,laki-perempuan
ha,ah
he,hei
ho,wah!
ia,keledai
id,anak
ie,suatu tempat
ig,membuat
il,alat
in,wanita
io,sesuatu
ir,pergi
is,lampau
it,selesai
iu##,iu##
iu,seseorang
ja,sungguh
je,pada
ju,lebih
ke,bahwa
l',la
la,itu
li,dia
lu,sewa
mi,saya
ne,tidak
ni,kita
nj,panggilan kecil
nu,sekarang
od,ode
ok,delapan
ol,daripada
on,pecahan
op,bersama
or,emas
os,akan
ot,belum
ov,telur
pi,saleh
po,masing-masing
re,lagi
se,jika
si,diri sendiri
te,teh
uj,wadah
ul,orang
um,tak tentu
ur,banteng
us,kondisional
uz,gunakan
ve,duka
vi,kamu
homeopat,homeopat
zoolog,ahli zoologi