###❝Gốc từ Esperanto❞,Các dòng được đánh dấu là ❝(hoàn toàn giống nhau) gốc từ Esperanto❞ có mức độ ưu tiên tương đương với những dòng có chuỗi ký tự thay thế tương ứng  nhưng thực tế cho biết sẽ không thực hiện thay thế ký tự (Kanji) nào.
Gốc từ Esperanto##,Bản dịch tiếng Việt kèm chú thích ruby##
adiaŭ,tạm biệt
bis,lại!
hura,hoan hô
ŭa,oa
kia,như thế nào
tia,như vậy
ĉia,mọi
kies,của ai
nenia,không loại nào
ali,khác
alt,cao
bel,đẹp
bon,tốt
jun,trẻ
nov,mới
sam,giống
fort,mạnh
grav,quan trọng
kelk,một vài
last,cuối cùng
long,dài
mult,nhiều
plen,đầy đủ
riĉ,giàu
ruĝ,đỏ
facil,dễ
grand,to lớn
liber,tự do
rapid,nhanh
feliĉ,hạnh phúc
proksim,gần
fru,sớm
pur,sạch
sol,đơn
ver,thật
cert,chắc chắn
nigr,đen
varm,nóng
afabl,dễ mến
blank,trắng
dolĉ,ngọt
neces,cần
propr,riêng
simpl,đơn giản
dekstr,phải
kuraĝ,dũng cảm
trankvil,bình tĩnh
blu,xanh
dik,dày
gaj,vui vẻ
hel,sáng
kar,thân yêu
lac,mệt
san,khỏe
sat,no đủ
just,công bằng
prav,đúng
pret,sẵn sàng
util,hữu ích
verd,xanh
apart,riêng
atent,chú ý
fremd,lạ
ĝust,đúng
komun,chung
larĝ,rộng
agrabl,dễ chịu
divers,đa dạng
intern,bên trong
sufiĉ,đủ
kontent,hài lòng
profund,sâu
mol,mềm
pez,nặng
sek,khô
brun,nâu
egal,bằng
flav,vàng
griz,xám
kulp,có tội
lert,khéo léo
rekt,thẳng
saĝ,khôn ngoan
vast,rộng
ceter,còn lại
freŝ,tươi
simil,giống
kapabl,có khả năng
serioz,nghiêm túc
efektiv,thực tế
ordinar,thường
akr,sắc bén
fam,nổi tiếng
ies,của ai đó
avar,tham lam
dens,dày
eben,phẳng
fier,tự hào
firm,vững chắc
nepr,tuyệt đối
plat,phẳng
plur,nhiều
surd,điếc
vigl,nhanh nhẹn
fidel,trung thành
kviet,yên tĩnh
matur,chín
sankt,thiêng liêng
spert,giàu kinh nghiệm
subit,đột ngột
taŭg,phù hợp
honest,trung thực
konven,phù hợp
plur,nhiều
preciz,chính xác
strang,lạ
delikat,tinh tế
ĝentil,lịch sự
komfort,thoải mái
pacienc,kiên nhẫn
special,đặc biệt
ĝeneral,chung
konstant,không đổi
lam,què
mut,câm
nud,trần
pal,tái nhợt
ruz,xảo quyệt
van,vô ích
acid,chua
glat,trơn
kler,có học
krud,thô
mild,nhẹ nhàng
abund,dồi dào
blind,mù
blond,vàng
ĉarm,hấp dẫn
etern,vĩnh cửu
favor,thuận lợi
graci,duyên dáng
humil,khiêm tốn
laŭt,to rõ
sever,nghiêm
stult,ngu ngốc
fortik,bền vững
frenez,điên
kurioz,lạ
privat,riêng
sincer,chân thành
evident,rõ ràng
oportun,tiện lợi
prudent,khôn ngoan
sci/vol##,sci/vol##
diligent,chăm chỉ
proksim/um##,proksim/um##
ard,rực rỡ
avid,thèm khát
brav,dũng cảm
ebri,say rượu
krut,dốc
naiv,ngây thơ
nobl,cao quý
sobr,điềm tĩnh
humid,ẩm
ident,giống hệt
komik,hài hước
kripl,tàn tật
kruel,tàn nhẫn
moder,vừa phải
sagac,sắc sảo
seren,bình yên
sprit,lanh lợi
akurat,đúng giờ
fervor,nhiệt tình
inklin,nghiêng
ĵaluz,ghen
kapric,thất thường
modern,hiện đại
modest,khiêm tốn
nenies,không ai's
normal,bình thường
sovaĝ,hoang dã
ekstrem,cực đoan
elegant,thanh lịch
eminent,xuất sắc
komplet,hoàn toàn
oficial,chính thức
perfekt,hoàn hảo
probabl,có thể
reciprok,tương hỗ
indiferent,thờ ơ
inteligent,thông minh
amar,đắng
imun,miễn dịch
real,thực
ties,của nó
unik,độc nhất
vant,kiêu ngạo
virg,trinh nữ
aktiv,năng động
civil,dân sự
ĉies,mọi người
elast,đàn hồi
human,nhân đạo
intim,thân mật
kaduk,cũ kỹ
koket,lả lơi
lojal,trung thành
malic,ác ý
mir/ind##,mir/ind##
raŭk,khàn
rigid,cứng nhắc
sekur,an toàn
solen,trang trọng
tener,dịu dàng
valid,hợp lệ
abrupt,đột ngột
absurd,phi lý
aktual,hiện tại
arbitr,tùy ý
aŭdac,táo bạo
ekzakt,chính xác
furioz,giận dữ
graved,mangthai
klasik,cổ điển
majest,uy nghi
nervoz,lo lắng
oblikv,xiên
obstin,bướng bỉnh
plen/aĝ##,plen/aĝ##
social,xã hội
subtil,tinh tế
tragik,bi thảm
absolut,tuyệt đối
kontant,tiền mặt
popular,phổ biến
relativ,tương đối
sin/don##,sin/don##
solidar,đoàn kết
vegetar,ăn chay
familiar,thân quen
grandioz,hùng vĩ
kolektiv,tập thể
sin/gard##,sin/gard##
kompetent,có khả năng
universal,phổ quát
kvit,hết nợ
miop,cận thị
punc,đỏ thắm
ranc,ôi thiu
ĉast,trinh tiết
ekstr,thêm
masiv,nặng nề
antikv,cổ xưa
arogant,kiêu ngạo
konform,phù hợp
trivial,tầm thường
elokvent,hùng biện
kriminal,hình sự
predikat,vị ngữ
akut,sắc bén
dual,kép đôi
hirt,dựng đứng
kalv,hói
banal,tầm thường
cinik,hoài nghi
gotik,gô-tích
inert,trì trệ
obtuz,cùn
okult,huyền bí
pasiv,bị động
rigor,nghiêm ngặt
stoik,bình thản
analog,tương tự
anonim,vô danh
arkaik,cổ xưa
diafan,trong suốt
efemer,ngắn ngủi
erotik,khiêu dâm
fiktiv,hư cấu
formal,hình thức
frivol,nông nổi
intens,mãnh liệt
invers,ngược
konciz,ngắn gọn
konkav,lõm
mistik,huyền bí
neŭtr,trung tính
vulgar,thô tục
akcesor,phụ kiện
apokrif,ngụy tác
arĥaik,cổ xưa
burlesk,khôi hài
decimal,thập phân
diskret,kín đáo
fanatik,cuồng tín
grotesk,kỳ quái
konkret,cụ thể
kontinu,liên tục
liberal,tự do
monoton,đơn điệu
negativ,tiêu cực
nominal,danh nghĩa
pozitiv,tích cực
radikal,cấp tiến
skeptik,hoài nghi
solvent,có khả năng trả nợ
abstrakt,trừu tượng
aŭtonom,tự trị
eventual,có thể xảy ra
inkluziv,bao gồm
neŭtral,trung lập
objektiv,khách quan
ortodoks,chính thống
primitiv,nguyên thủy
provizor,tạm thời
racional,hợp lý
romantik,lãng mạn
sinoptik,tóm tắt
spontane,tự phát
aŭtentik,xác thực
definitiv,dứt khoát
ekskluziv,độc quyền
korelativ,tương quan
respektiv,tương ứng
subjektiv,chủ quan
transitiv,tha động từ
spekulativ,suy đoán
impertinent,xấc xược
konservativ,bảo thủ
sentimental,đa cảm
dek,mười
mil,nghìn
sep,bảy
ses,sáu
tri,ba
unu,một
cent,trăm
kvar,bốn
kvin,năm
naŭ,chín
aŭ,hoặc
nek,không
sed,nhưng
kvankam,dù
plus,cộng
minus,trừ
ĉe,ở
kun,cùng
per,qua
pri,về
pro,do
sen,không
sub,dưới
sur,trên
tra,qua
apud,gần
krom,ngoài
laŭ,theo
post,sau
inter,giữa
super,trên
trans,bên kia
antaŭ,trước
ekster,ngoài
preter,qua
kontraŭ,chống lại
malgraŭ,mặc dù
ĝi,nó
ili,họ
kio,gì
oni,người ta
ŝi,cô ấy
tio,điều đó
ĉio,mọi thứ
nenio,không gì
tio ĉi##,tio ĉi##
dis,rải rác
mal,trái ngược
ĉef,chính
eks,cựu
mis,sai
pra,cổ xưa
dev,phải
dir,nói
don,cho
est,là
far,làm
fin,kết thúc
hav,có
kon,biết
leg,đọc
lev,nâng
met,đặt
mov,di chuyển
pet,xin
pov,có thể
rid,cười
sci,biết
sid,ngồi
ten,giữ
ven,đến
vid,nhìn
viv,sống
vol,muốn
ĝoj,vui
help,giúp
kred,tin
lern,học
loĝ,ở
mort,chết
okaz,xảy ra
port,mang theo
pren,lấy
sekv,theo
send,gửi
star,đứng
dezir,muốn
labor,làm việc
milit,chiến tranh
montr,chỉ
parol,nói
ricev,nhận
skrib,viết
ŝajn,có vẻ
vetur,lái xe
demand,hỏi
komenc,bắt đầu
kompren,hiểu
respond,đáp
bat,đánh
fal,rơi
kri,hét
kur,chạy
las,bỏ
lum,sáng
mir,ngạc nhiên
pag,trả
pas,qua
reg,kiểm soát
son,vang
tim,sợ
tir,kéo
aŭd,nghe
brul,cháy
dank,cảm ơn
dorm,ngủ
ferm,đóng
flug,bay
halt,dừng
ĵet,ném
kant,hát
kost,đắt
mank,thiếu
nask,sinh
okup,bận
pens,nghĩ
perd,mất
prem,ấn
prov,thử
sent,cảm nhận
turn,xoay
aĉet,mua
atend,chờ
bezon,cần
kresk,tăng trưởng
manĝ,ăn
memor,nhớ
serĉ,tìm
trink,uống
konsil,khuyên
permes,cho phép
postul,đòi hỏi
rakont,kể
rigard,nhìn
rimark,chú ý
ŝanĝ,đổi
vojaĝ,du lịch
konstru,xây dựng
prezent,trình bày
renkont,gặp
bru,ồn
dub,nghi ngờ
lav,rửa
lud,chơi
pen,cố gắng
vek,đánh thức
vok,gọi
aper,xuất hiện
bril,sáng
erar,sai
fest,ăn mừng
frap,đánh
gajn,thắng
kapt,bắt
kaŝ,giấu
kovr,che phủ
kuir,nấu
kuŝ,nằm
paŝ,bước
plor,khóc
romp,phá
salt,nhảy
serv,phục vụ
tuŝ,chạm
vend,bán
zorg,chăm sóc
batal,đánh nhau
elekt,chọn
esper,hy vọng
koler,giận
mezur,đo lường
opini,nghĩ
ordon,ra lệnh
plend,phàn nàn
ripoz,nghỉ ngơi
salut,chào
sufer,chịu đựng
akcept,nhận
forges,quên
kalkul,tính
komerc,buôn bán
konduk,dẫn dắt
pardon,tha thứ
silent,im lặng
tranĉ,cắt
konsent,đồng ý
aŭskult,nghe
ban,tắm
flu,chảy
kre,tạo
mok,chế nhạo
amuz,giải trí
ĉes,dừng
efik,hiệu quả
gard,canh giữ
juĝ,xét xử
klin,nghiêng
pend,treo
puŝ,đẩy
spir,thở
stud,học
ŝat,thích
tond,cắt
traf,trúng
ating,đạt
decid,quyết định
estim,kính trọng
invit,mời
kurac,chữa trị
marŝ,diễu hành
plaĉ,vui lòng
ripet,lặp lại
ŝlos,khóa
ŝtel,trộm
vizit,thăm
aranĝ,sắp xếp
ekzist,tồn tại
instru,dạy
intenc,cố ý
kompat,thương hại
prefer,thích hơn
prepar,chuẩn bị
promen,đi dạo
promes,hứa
sukces,thành công
konserv,giữ gìn
bol,sôi
kis,hôn
obe,vâng lời
paf,bắn
pel,đuổi
pik,chích
pun,phạt
sav,cứu
tus,ho
akir,đạt được
apog,dựa
atak,tấn công
bala,quét
blov,thổi
ĉas,săn
danc,nhảy
eduk,giáo dục
evit,tránh
fleg,chăm sóc
glit,trượt
gvid,dẫn dắt
ĝen,cản trở
hejt,sưởi
hont,xấu hổ
imag,tưởng tượng
imit,bắt chước
komb,chải
mend,đặt
miks,trộn
naĝ,bơi
plug,cày
pres,in ấn
soif,khát
spez,giao dịch
ŝir,xé rách
trem,rung rinh
trov,tìm
venk,thắng
viŝ,lau
volv,cuộn
anonc,quảng cáo
aprob,tán thành
avert,cảnh báo
merit,xứng đáng
minac,đe dọa
pentr,vẽ
posed,sở hữu
preĝ,cầu nguyện
rifuz,từ chối
rilat,liên quan
ripar,sửa chữa
skrap,cạo
ŝerc,đùa
tromp,lừa
defend,bảo vệ
desegn,vẽ
esting,dập tắt
inform,báo tin
kompar,so sánh
kondut,cư xử
konfes,thú nhận
konsci,nhận thức
kultur,trồng
mensog,nói dối
rezult,kết quả
rikolt,thu hoạch
streĉ,căng
ŝovel,xúc
akompan,đi cùng
aparten,thuộc về
bedaŭr,tiếc
konsist,gồm
organiz,tổ chức
progres,tiến bộ
respekt,tôn trọng
riproĉ,trách
diferenc,khác
rekomend,đề xuất
korespond,thư từ
enu,chán
fid,tin tưởng
ĝu,thưởng thức
hak,chặt
log,dụ
pek,phạm tội
pes,cân
raz,cạo
dron,chìm
fajf,huýt sáo
fand,nấu chảy
farm,thuê đất
fart,khỏe
frot,chà xát
ĝem,rên rỉ
krev,nổ
kudr,may
mord,cắn
muel,nghiền
nutr,nuôi dưỡng
odor,bốc mùi
rajd,cưỡi
solv,giải
taks,đánh giá
teks,dệt
tent,dụ dỗ
urĝ,khẩn
babil,tán gẫu
detru,phá hủy
difin,định nghĩa
distr,giải trí
diven,đoán
divid,chia
etend,mở rộng
evolu,tiến hóa
forĝ,rèn
frand,thưởng thức
grimp,leo lên
hezit,do dự
kroĉ,móc
laŭd,khen
mason,xây dựng
ofert,đề nghị
ornam,trang trí
petol,nghịch ngợm
sonĝ,mơ
stern,trải ra
supoz,giả định
ŝirm,bảo vệ
ŝpar,tiết kiệm
ŝtop,bịt kín
ŝuld,nợ
ŝvel,phồng
toler,chịu đựng
verŝ,đổ
aspekt,trông
daŭr/ig##,daŭr/ig##
difekt,hỏng
diskut,thảo luận
domaĝ,tiếc
ekscit,kích thích
ekzerc,luyện tập
esplor,nghiên cứu
esprim,biểu đạt
konsol,an ủi
murmur,thì thầm
prezid,chủ trì
signif,nghĩa
skulpt,tạc
traduk,dịch
ekskurs,dã ngoạisẽ
ekzamen,kiểm tra
komunik,truyền đạt
koncern,liên quan
konstat,xác nhận
protekt,bảo vệ
protest,phản đối
renvers,lật
surpriz,gây ngạc nhiên
konsider,xem xét
persekut,bức hại
reprezent,đại diện
bak,nướng
ben,chúc phúc
boj,sủa
bor,khoan
ced,nhượng bộ
cit,trích dẫn
lek,liếm
rab,cướp đoạt
rav,mê hoặc
rem,chèo
rev,mơ mộng
seg,cưa
sku,rung lắc
ted,chán
teg,bọc
abon,đặt mua
dung,thuê
envi,ghen tị
flar,ngửi
fond,lập
frit,rán
friz,uốn tóc
gest,ra hiệu
glad,ủi
glut,nuốt
ĵur,thề
kned,nhào
maĉ,nhai
melk,vắt sữa
migr,di cư
munt,lắp ráp
ofer,hiến
pent,hối hận
pruv,chứng minh
pump,bơm
putr,thối
ramp,bò
risk,liều
ronk,ngáy
rost,nướng
sven,ngất
ŝov,đẩy
ŝut,đổ
tajl,cắt
tord,vặn
tren,kéo
vari,biến đổi
velk,héo
adici,cộng
admir,khâm phục
admon,khuyên răn
adopt,nhận nuôi
akcel,tăng tốc
atest,chứng nhận
ĉerp,múc
degel,tan chảy
deleg,ủy nhiệm
fleks,bẻ
flirt,tán tỉnh
hered,thừa kế
influ,ảnh hưởng
kares,âu yếm
medit,thiền
naŭz,ghê tởm
osced,ngáp
paŝt,chăn thả
paŭz,nghỉ
pinĉ,bóp
plekt,bện
regal,đãi
ribel,nổi loạn
sopir,mong nhớ
sorĉ,phép thuật
strik,đình công
sufok,nghẹt thở
sving,vung
ŝarg,nạp
ŝmir,bôi
trakt,xử lý
tremp,nhúng
afrank,dán tem
asekur,bảo hiểm
balanc,đung đưa
barakt,vật lộn
dediĉ,dâng
deklar,tuyên bố
destin,định sẵn
disput,tranh cãi
escept,loại trừ
festen,tiệc
frakas,đập vỡ
gratul,chúc mừng
ilustr,minh họa
import,nhập khẩu
insist,khăng khăng
instal,lắp đặt
instig,khuyến khích
insult,xúc phạm
komand,chỉ huy
komisi,giao phó
konfid,tin cậy
konfit,ướp đường
konfuz,bối rối
konkur,thi đấu
kritik,phê bình
observ,quan sát
penetr,thấm
perfid,phản bội
proced,tiến hành
raport,báo cáo
reklam,quảng cáo
rezign,từ bỏ
rezist,chống lại
rifuĝ,trú ẩn
brak/um##,brak/um##
civiliz,khai hóa
ĉagren,phiền muộn
de/pend##,de/pend##
disting,phân biệt
eksplod,nổ
garanti,bảo đảm
komplez,tử tế
kondamn,kết tội
konfirm,xác nhận
konjekt,phỏng đoán
konklud,kết luận
kontrol,kiểm tra
konvink,thuyết phục
operaci,phẫu thuật
plen/um##,plen/um##
pretend,đòi hỏi
suspekt,nghi ngờ
turment,hành hạ
distribu,phân phối
fanfaron,khoe khoang
kontrakt,hợp đồng
mastr/um##,mastr/um##
prokrast,hoãn
administr,quản lý
el/turn/iĝ##,el/turn/iĝ##
entrepren,đảm nhận
dec,phù hợp
juk,ngứa
lul,ru ngủ
vad,lội
vag,lang thang
vet,cá cược
vom,nôn
zum,reo
ador,tôn sùng
agit,kích động
akuz,buộc tội
alud,ám chỉ
bapt,rửa tội
bind,đóng sách
blek,kêu
bred,nuôi
buĉ,giết mổ
ĉif,nhàu
dikt,đọc chính tả
dres,huấn luyện
ekip,trang bị
est/ig##,est/ig##
fast,nhịn ăn
flat,nịnh
flik,vá つ
fuĝ,chạy trốn
fuŝ,vụng về
garn,trang trí
grat,cào
hav/ig##,hav/ig##
izol,cô lập
jung,buộc
lukt,vật lộn
muĝ,gầm
opon,phản đối
palp,sờ
pekl,muối
pere,diệt vong
pli/ig##,pli/ig##
sark,làm cỏ
sekc,cắt
sorb,hấp thụ
spit,bất chấp
suĉ,hút
svat,mai mối
tajp,gõ
tern,hắt hơi
tikl,cù lét
tint,kêu leng keng
trik,đan
trud,áp đặt
vart,chăm sóc
adapt,điều chỉnh
aplik,áp dụng
asert,khẳng định
asist,hỗ trợ
balot,bỏ phiếu
ĉe/est##,ĉe/est##
delir,mê sảng
depon,gửi
deput,cử
enket,khảo sát
eskap,thoát
falĉ,cắt
flagr,bùng lên
for/est##,for/est##
grinc,kêu cọt kẹt
ignor,bỏ qua
impet,lao tới
incit,kích động
indik,chỉ ra
insid,gài bẫy
inund,ngập
kraĉ,nhổ
liver,cung cấp
menci,đề cập
modif,sửa đổi
ofend,xúc phạm
rezon,lý luận
rivel,tiết lộ
start,bắt đầu
susur,xào xạc
ŝpin,xe chỉ
trejn,huấn luyện
venĝ,báo thù
abstin,kiêng
aflikt,đau khổ
altern,luân phiên
balbut,lắp bắp
cirkul,lưu hành
deĵor,trực
denunc,tố cáo
de/ten##,de/ten##
dev/ont/ig##,dev/ont/ig##
digest,tiêu hóa
dispon,dùng
dorlot,nuông chiều
eksped,gửi đi
el/don##,el/don##
establ,lập
flustr,thì thầm
grimac,nhăn mặt
grumbl,cằn nhằn
implik,vướng
indign,phẫn nộ
indulg,khoan dung
infekt,lây nhiễm
injekt,tiêm
inspir,truyền cảm hứng
invent,phát minh
klopod,cố gắng
kolizi,va chạm
kombin,kết hợp
kompon,kết hợp
konsum,tiêu thụ
korekt,sửa
lubrik,bôi trơn
manovr,diễn tập
plonĝ,lặn
preleg,giảng bài
propon,đề xuất
provok,khiêu khích
recenz,phê bình
redakt,biên tập
redukt,giảm
revizi,kiểm tra
ŝpruc,phun ra
aplaŭd,vỗ tay
blasfem,báng bổ
bon/vol##,bon/vol##
brokant,đồ cũ
eksport,xuất khẩu
ekzekut,xử tử
gust/um##,gust/um##
iniciat,khởi xướng
kalumni,vu khống
kompens,bồi thường
komplik,phức tạp
kontest,phản đối
manipul,điều khiển
neglekt,bỏ bê
persist,kiên trì
prononc,phát âm
prosper,thịnh vượng
reflekt,phản xạ
re/form##,re/form##
subtrah,trừ
ŝancel,làm lung lay
televid,xem TV
determin,quyết định
ekspluat,khai thác
koncentr,tập trung
mistifik,lừa gạt
preskrib,kê đơn
revoluci,cách mạng
riverenc,cúi chào
interpret,phiên dịch
kompromit,đe dọa
multiplik,nhân
propagand,quảng bá
konversaci,trò chuyện
interpelaci,chất vấn
erp,cày
kov,ấp
lut,hàn
pep,hót
tan,thuộc da
agac,kích thích
brod,thêu
brog,dội nước sôi
ĉiz,đục
edif,giáo dục
fajl,giũa
krak,nổ lách tách
kroz,duyệt
pist,nghiền
rasp,bào
rast,cào
rigl,chốt
rukt,ợ
sibl,rít lên
skiz,phác thảo
sput,nhổ
steb,khâu
stuk,trát vữa
ŝim,mốc
torn,tiện
trot,phi nước kiệu
urin,tiểu
varb,tuyển
adult,ngoại tình
afekt,giả tạo
akuŝ,sinh con
arest,bắt
asign,phân bổ
atenc,tấn công
draŝ,đập
drink,uống
ekzil,đày
filtr,lọc
infuz,truyền
kribr,lọc
parad,diễu hành
rabot,bào
rafin,tinh chế
satur,bão hòa
sieĝ,bao vây
skerm,đấu kiếm
strab,lé mắt
ŝmac,hôn nhẹ
uzurp,chiếm đoạt
veget,sinh trưởng
border,viền
ĉikan,bắt bẻ
degrad,giáng chức
diboĉ,trụy lạc
distil,chưng cất
drapir,phủ vải
gargar,súc miệng
gravur,khắc
guvern,dạy kèm
ilumin,soi sáng
inokul,tiêm
intrig,âm mưu
ĵongl,ảo thuật
kartav,phát âm R
kontuz,bầm
likvid,thanh lý
makler,môi giới
plaŭd,vỗ nước
predik,giảng đạo
rembur,nhồi
ventol,thông gió
deĉifr,giải mã
degener,thoái hóa
diskont,giảm giá
ferment,lên men
kalfatr,trét kín
kolport,bán rong
kompost,dàn chữ
konspir,âm mưu
konvert,chuyển đổi
paraliz,tê liệt
proklam,tuyên bố
singult,nấc
ĉarpent,xây dựng
hipokrit,giả dối
intermit,gián đoạn
konstern,sửng sốt
marĉand,mặc cả
kapitulac,đầu hàng
kaŭteriz,đốt cháy
komentari,bình luận
koment,chú thích
poz,tạo dáng
vak,trống
boks,đấm bốc
ĝir,chuyển khoản
kirl,khuấy
klak,kêu lách cách
kluk,cục tác
knar,kêu ken két
murd,giết
pled,kêu gọi
sond,thăm dò
tatu,xăm
abdik,từ chức
abort,sẩy thai
agoni,hấp hối
aklam,hoan hô
amput,cắt bỏ
aneks,sáp nhập
aspir,khao khát
deriv,phái sinh
feder,liên bang
impon,ấn tượng
invad,xâm lược
kaŭr,cúi
klaĉ,nói xấu
kliŝ,rập khuôn
kotiz,đóng góp
marin,ướp
miaŭ,kêu meo
modul,điều chỉnh
refut,bác bỏ
rikan,cười nhạo
streb,nỗ lực
svarm,đông đúc
ŝveb,lơ lửng
absorb,thu hút
akapar,độc quyền
analiz,phân tích
asimil,đồng hóa
asperg,tưới
atribu,gán
aŭgur,tiên đoán
bojkot,tẩy chay
cenzur,kiểm duyệt
dedukt,suy diễn
deklam,ngâm thơ
dekolt,cắt thấp
indukt,quy nạp
kompil,biên soạn
konced,thừa nhận
konker,chinh phục
korupt,hối lộ
kverel,cãi nhau
lament,than khóc
narkot,gây mê
stimul,kích thích
strigl,chải
ŝrump,héo
amortiz,khấu hao
anticip,dự đoán
apelaci,kháng cáo
bankrot,phá sản
bombard,bắn phá
emancip,giải phóng
inspekt,kiểm tra
katekiz,giáo lý
koincid,trùng hợp
konfisk,tịch thu
konsekr,thánh hóa
konsult,tư vấn
legitim,hợp pháp
mobiliz,huy động
pilgrim,hành hương
improviz,ứng biến
inaŭgur,khai mạc
karambol,va chạm
kateĥiz,giáo lý
klasifik,phân loại
kontribu,đóng góp
litograf,in thạch bản
prostitu,mại dâm
centraliz,tập trung
stenograf,tốc ký
ekskomunik,rút phép thông công
karakteriz,đặc trưng
aĵ,vật
ant,đang
ebl,có thể
iĝ,trở thành
ind,đáng
int,hoàn tất
ism,chủ nghĩa
ist,người
obl,bội
ont,sắp
estr,trưởng
aĉ,tệ
ĉj##,ĉj##
end,cần
ing,vỏ
ajn,bất kỳ
ĉi##,ĉi##
eĉ##,eĉ##
for,xa
iam,trước đây
iom,một chút
jam,đã
jen,đây
jes,vâng
kie,đâu
mem,tự
nun,hiện nay
nur,chỉ
pli,hơn
plu,thêm
tie,ở đó
tre,rất
tro,quá
tuj,ngay
ĉie,khắp nơi
ĵus,vừa rồi
kiam,khi nào
plej,nhất
tial,vì thế
tiam,khi đó
tiel,như vậy
tiom,nhiều
ĉiam,luôn
nenie,không đâu
ankaŭ,cũng
neniam,không bao giờ
baldaŭ,sắp
hieraŭ,hôm qua
hodiaŭ,hôm nay
morgaŭ,ngày mai
tie ĉi##,tie ĉi##
almenaŭ,ít nhất
ankoraŭ,vẫn
preskaŭ,gần như
tiel ĉi##,tiel ĉi##
oft,thường xuyên
ial,vì lý do nào đó
iel,bằng cách nào đó
volont,tự nguyện
des,càng
neniom,không chút nào
ĉial,mọi lý do
ĉiom,toàn bộ
ia/foj##,ia/foj##
nenial,không lý do
neniel,không cách nào
parker,thuộc lòng
foj,lần
hom,người
jar,năm
kap,đầu
kor,tim
lok,chỗ
man,tay
nom,tên
tag,ngày
ter,đất
vir,nam
voj,đường
afer,việc
amik,bạn bè
form,dạng
kamp,đồng
land,nước
mond,thế giới
naci,quốc gia
patr,cha bố
temp,thời gian
vort,từ
flank,bên
infan,trẻ em
patr/in##,patr/in##
ĉambr,phòng
sinjor,quý ông
akv,nước
arb,cây
art,nghệ thuật
dom,nhà
edz,chồng
fil,con trai
har,tóc
hor,giờ
lit,giường
mar,biển
mon,tiền
mur,tường
pac,hòa bình
pec,mảnh
sun,mặt trời
urb,thành phố
bild,ảnh
bird,chim
buŝ,miệng
frat,anh em
hejm,nhà
knab,cậu bé
kort,sân
libr,sách
mont,núi
okul,mắt
part,phần
pied,chân
pord,cửa
rajt,quyền
tabl,bàn
vent,gió
vest,áo
fingr,ngón
frukt,quả
kolor,màu
leter,thư
lingv,ngôn ngữ
maten,sáng
popol,dân
punkt,chấm
rimed,cách
valor,giá trị
ĉeval,ngựa
famili,gia đình
fraŭl,độc thân
person,người
semajn,tuần
vesper,tối
vizaĝ,mặt
fenestr,cửa sổ
aer,không khí
aĝ,tuổi
cel,mục tiêu
fer,sắt
ide,ý tưởng
kat,mèo
kol,cổ
mez,giữa
naz,mũi
nub,mây
ord,trật tự
pan,bánh mì
roz,hoa hồng
best,động vật
bord,bờ
brak,tay
dent,răng
fajr,lửa
fiŝ,cá
flor,hoa
glas,cốc
hund,chó
korp,cơ thể
lakt,sữa
lign,gỗ
lini,đường
mark,dấu
neĝ,tuyết
nokt,đêm
onkl,bác
orel,tai
plum,bút
pluv,mưa
rond,tròn
sang,máu
seĝ,ghế
spec,loại
stat,trạng thái
supr,trên
ŝip,tàu
vitr,kính
angul,góc
daŭr,kéo dài
dolor,đau
gazet,báo chí
kaŭz,nguyên nhân
kutim,thói quen
minut,phút
monat,tháng
natur,tự nhiên
nombr,số
paper,giấy
plank,sàn
river,sông
somer,hè
staci,ga
strat,đường
suker,đường
ŝton,đá
vagon,toa
veter,thời tiết
vintr,mùa đông
aŭtun,thu
ĉapel,mũ
direkt,hướng
kolekt,thu thập
moment,khoảnh khắc
plezur,vui sướng
vilaĝ,làng
ekzempl,ví dụ
ĝarden,vườn
histori,lịch sử
printemp,xuân
bov,bò
ink,mực
kaf,cà phê
kok,gà
kuk,bánh
kuz,anh em họ
lag,hồ
lim,giới hạn
lun,trăng
maj,tháng 5
pak,gói
sak,túi
sum,tổng
tru,lỗ
vin,rượu
anim,hồn
azen,lừa
benk,ghế băng
dors,lưng
foli,lá
font,nguồn
fund,đáy
genu,đầu gối
gren,ngũ cốc
grup,nhóm
herb,cỏ
juli,tháng 7
juni,tháng 6
kart,thẻ
klas,phân loại
korb,giỏ
kruc,thánh giá
krur,chân
lang,lưỡi
leĝ,luật
lund,thứ hai
mard,thứ Ba
mart,tháng 3
ofic,chức vụ
ombr,bóng
paĝ,trang
pork,lợn
poŝ,túi
radi,tia sáng
reĝ,vua
senc,ý nghĩa
stel,sao
ŝaf,cừu
verk,tác phẩm
voĉ,giọng
adres,địa chỉ
april,tháng 4
brust,ngực
buter,bơ
donac,quà tặng
glaci,băng
kuler,muỗng
mastr,chủ
muzik,nhạc
numer,số
poŝt,bưu điện
prunt,vay mượn
sabat,thứ bảy
ŝtat,nhà nước
ŝtup,bậc
teler,đĩa
terur,kinh hoàng
vapor,hơi
insekt,côn trùng
januar,tháng 1
ĵaŭd,thứ năm
kovert,phong bì
krajon,bút chì
manier,cách
objekt,vật
oktobr,tháng 10
plafon,trần
region,vùng
religi,tôn giáo
spirit,tinh thần
arĝent,bạc
danĝer,nguy hiểm
decembr,tháng 12
dimanĉ,chủ nhật
februar,tháng 2
horloĝ,đồng hồ
merkred,thứ tư
novembr,tháng 11
produkt,sản xuất
vendred,thứ sáu
septembr,tháng 9
bar,cản trở
bek,mỏ
fak,chuyên môn
fum,khói
gas,khí
gut,giọt
jak,áo khoác
kel,hầm
kuv,bồn tắm
lip,môi
nep,cháu trai
nev,cháu trai
not,ghi chú
ole,dầu
ond,sóng
ost,xương
par,cặp
pom,táo
pot,vại
rad,bánh xe
ret,mạng
sal,muối
sap,xà phòng
sem,hạt giống
sud,nam
sup,súp
ŝu,giày
tas,cốc
tol,vải lanh
tuk,vải
ung,móng
val,thung lũng
vic,hàng
barb,râu
bros,bàn chải
fakt,thực tế
flag,cờ
fork,nĩa
forn,lò
gast,khách
gras,mỡ
kapr,dê
karb,than
kest,hộp
korn,còi
krim,tội phạm
lamp,đèn
mebl,đồ nội thất
mien,vẻ mặt
muŝ,ruồi
nord,bắc
past,bột nhão
pilk,bóng
pint,đỉnh
polv,bụi
pont,cầu
prez,giá
rand,mép
regn,quốc gia
seri,chuỗi
sign,dấu
sort,số phận
spic,gia vị
vang,má
vost,đuôi
vund,thương
botel,chai
buton,nút
cifer,số
faden,sợi
frunt,trán
haŭt,da 皮肤
honor,vinh dự
insul,đảo
kajer,vở
kamen,lò sưởi
legom,rau
liter,chữ
metal,kim loại
pingl,kim
polic,cảnh sát
polur,đánh bóng
premi,giải thưởng
regul,quy tắc
sezon,mùa
ŝanc,cơ hội
ŝnur,dây
tabul,ván
viand,thịt
baston,gậy
branĉ,nhánh
ĉemiz,áo sơ mi
doktor,bác sĩ
kravat,cà vạt
lecion,bài học
maŝin,máy móc
milion,triệu
najbar,láng giềng
parenc,họ hàng
publik,công cộng
scienc,khoa học
sekret,bí mật
skatol,hộp
soldat,lính
spegul,gương
ŝarĝ,tải
ŝrank,tủ
tualet,toilette
ĉapitr,chương
fromaĝ,pho mát
kondiĉ,điều kiện
praktik,thực hành
serpent,rắn
ŝtrump,tất dài
tegment,mái
telefon,điện thoại
industri,công nghiệp
kilogram,kilôgam
okcident,tây
pantalon,quần
abi,cây thông
agl,đại bàng
ber,quả mọng
bot,ủng
bul,cục
dat,ngày
glu,keo
jup,váy
kav,hốc
lan,len
led,da thuộc
mod,mốt
mor,phong tục
pin,thông
pip,ống
piz,đậu xanh
put,giếng
rel,ray
riz,gạo
rok,đá
suk,nước
tem,chủ đề
tub,ống
tur,tháp
vat,bông
vaz,bình
zon,đai
arme,quân đội
bank,ngân hàng
bien,điền trang
bier,bia
bret,kệ
brik,gạch
cikl,chu kỳ
ĉap,mũ
drat,dây
epok,thời đại
fask,bó
feri,nghỉ
film,phim
flam,lửa
flos,bè gỗ
fojn,cỏ khô
fulm,sét
glob,cầu
grad,mức độ
gust,vị
kadr,khung
krem,kem
kurb,cong
kurs,khóa học
larm,nước mắt
leon,sư tử
litr,lít
luks,xa xỉ
meti,nghề
metr,mét
najl,đinh
nest,tổ
pajl,rơm
plac,quảng trường
plad,đĩa
plan,kế hoạch
poet,nhà thơ
pugn,nắm đấm
ring,vòng
sabl,cát
scen,cảnh
skal,tỉ lệ
soci,xã hội
spac,không gian
stal,chuồng
task,nhiệm vụ
tomb,mộ
verm,sâu
vers,thơ
viol,hoa tím
agord,hòa hợp
balon,bóng
bilet,vé
burĝ,tư sản
centr,trung tâm
etaĝ,tầng
farun,bột
figur,hình
frost,băng giá
gorĝ,họng
grund,đất
haven,cảng
hotel,khách sạn
humor,tâm trạng
karot,cà rốt
katar,viêm mũi
kling,lưỡi dao
koton,bông
kvant,lượng
lepor,thỏ rừng
makul,vết bẩn
manik,tay áo
membr,thành viên
mizer,khốn khổ
nebul,sương mù
organ,cơ quan
parti,phép phể
pastr,giáo sĩ
radik,rễ
serur,khóa
solid,rắn
sonor,vang
strek,vạch
ŝvit,mồ hôi
tabak,thuốc lá
tabel,bảng
titol,tựa
tondr,sấm sét
valiz,vali
ventr,bụng
alumet,diêm
aparat,thiết bị
brasik,bắp cải
citron,chanh
ĉifon,giẻ rách
dekliv,dốc
dezert,hoang mạc
elektr,điện
energi,năng lượng
fianĉ,hôn phu
hirund,én nhạn
kelner,phục vụ
kvalit,chất lượng
majstr,bậc thầy
mantel,áo choàng
martel,búa
matrac,nệm
menton,cằm
oranĝ,cam
origin,gốc
potenc,quyền lực
salajr,lương
sekund,giây
societ,hội
stomak,dạ dày
ŝultr,vai
tapiŝ,thảm
tritik,lúa mì
aventur,phiêu lưu
cigared,thuốc lá
distanc,khoảng cách
embaras,bối rối
kamarad,bạn bè
kaserol,nồi hầm
komitat,ủy ban
kongres,hội nghị
kvadrat,hình vuông
magazen,kho hàng
pasport,hộ chiếu
politik,chính trị
registr,ghi chép
ter/pom##,ter/pom##
akcident,tai nạn
aŭtobus,xe buýt
aŭtomat,tự động
ĉokolad,sôcôla
direktor,giám đốc
instinkt,bản năng
karakter,tính cách
kaŭĉuk,cao su
material,vật liệu
standard,cờ
telegraf,điện báo
restoraci,nhà hàng
ark,vòm
baz,cơ bản
beb,bé nhỏ
bub,nhóc
bud,lều
fel,da lông
hok,móc
huf,móng
jur,luật
kas,két
kin,phim
kom,dấu phẩy
kot,bùn
lup,sói
mam,vú
map,bản đồ
min,mỏ
mus,chuột
net,rõ ràng
nod,nút
orf,mồ côi
ort,vuông góc
pat,chảo
pil,pin điện
pir,lê
pup,búp bê
rat,chuột
rip,xương sườn
rob,áo choàng
tip,kiểu
ton,âm điệu
urs,gấu
var,hàng hóa
vel,buồm
vit,nho
abel,ong
aŭt,xe ô tô
bluz,áo blouse
boat,thuyền
brov,mày
cerb,não
ĉek,séc
ĉen,xích
disk,đĩa
dram,kịch
drap,vải
duŝ,tắm
ezok,cá chó
farb,sơn
febr,sốt
fend,vết nứt
foir,chợ phiên
fost,cột
frag,dâu tây
fulg,bồ hóng
funt,pao
gant,găng tay
geni,thiên tài
glor,vinh quang
golf,vịnh
hajl,mưa đá
hero,anh hùng
kemi,hóa học
kord,dây
kork,nút bần
krad,lưới
kran,vòi
kret,phấn
kriz,khủng hoảng
kron,vương miện
kugl,đạn
kupr,đồng
lift,thang máy
list,danh sách
mast,cột buồm
nadl,kim chỉ
nerv,dây thần kinh
oliv,ô liu
park,công viên
pasi,đam mê
pask,phục sinh
pelt,da lông
plet,khay
poem,thơ
proz,văn xuôi
pulm,phổi
pulv,thuốc nổ
rang,cấp bậc
revu,tạp chí
ritm,nhịp
seks,giới
sens,giác quan
silk,lụa
simi,khỉ
sojl,ngưỡng
stil,phong cách
stri,vằn
ŝel,vỏ
tend,lều
verb,động từ
verg,roi
vert,đỉnh đầu
vidv,góa vợ
virt,đức
vual,khăn che
vulp,cáo
afiŝ,áp phích
album,album
almoz,xin bố thí
arane,nhện
asoci,hội
avenu,đại lộ
aviad/il##,aviad/il##
barel,thùng
bazar,chợ
betul,bạch dương
brems,phanh
butik,cửa tiệm
detal,chi tiết
diabl,quỷ
emoci,xúc động
enigm,bí ẩn
esenc,bản chất
faŭk,miệng
fizik,vật lý
framb,mâm xôi
grajn,hạt
ĥemi,hóa học
ideal,lý tưởng
juvel,trang sức
katen,xiềng
kitel,áo choàng
kruĉ,bình nước
krust,vỏ cứng
kubut,khuỷu tay
kukol,cúc cu
kverk,sồi
lamen,lớp
marĉ,đầm lầy
metod,phương pháp
model,mô hình
motor,động cơ
nivel,mức
palac,cung điện
panj,mẹ
penik,cọ vẽ
pioĉ,cuốc
plumb,chì
poezi,thơ ca
salon,phòng khách
saŭc,nước sốt
sitel,xô
sklav,nô lệ
sport,thể thao
stamp,dấu
stang,cây gậy
stump,gốc cây
ŝtal,thép
ŝtof,vải
teatr,nhà hát
teori,lý thuyết
teren,đất
trajn,tàu hỏa
trajt,nét mặt
trunk,thân
venen,độc
veŝt,áo gile
abomen,ghê tởm
anĝel,thiên thần
animal,động vật
apetit,thèm ăn
apotek,hiệu thuốc
benzin,xăng
bicikl,xe đạp
bombon,kẹo
cement,xi măng
ĉeriz,anh đào
desert,tráng miệng
fabrik,nhà máy
financ,tài chính
funebr,tang tóc
funkci,chức năng
garaĝ,nhà xe
imperi,đế quốc
impost,thuế
impres,ấn tượng
kalkan,gót chân
kalson,quần lót
kamion,xe tải
kandel,nến
kanzon,bài hát
kastel,lâu đài
klient,khách
kol/um##,kol/um##
kurten,rèm
mandat,ủy nhiệm
mister,bí ẩn
moskit,muỗi
muskol,cơ bắp
ombrel,ô
paĉj,bố
parfum,nước hoa
patron,người đỡ đầu
petrol,dầu
posten,chức vụ
pozici,vị trí
proces,kiện tụng
profit,lợi ích
proviz,cung cấp
pulvor,bột
recept,công thức
rekord,ghi chép
rezerv,dự trữ
signal,tín hiệu
sistem,hệ thống
surfac,bề mặt
ŝofor,tài xế
tajlor,thợ may
trezor,kho báu
trikot,đan
vakcin,vắc-xin
advokat,luật sư
alkohol,cồn
ampleks,kích cỡ
broŝur,sách mỏng
bulvard,đại lộ
deficit,thiếu hụt
ekonomi,kinh tế
elefant,voi
ĵurnal,báo chí
kabinet,nội các
kapital,vốn
koncert,hòa nhạc
krepusk,chạng vạng
kvartal,khu vực
miliard,tỉ
pejzaĝ,phong cảnh
problem,vấn đề
profesi,nghề nghiệp
simpati,cảm thông
student,sinh viên
ŝraŭb,vít
tempest,bão tố
traktor,máy kéo
tri/angul##,tri/angul##
trotuar,vỉa hè
adjektiv,tính từ
dekoraci,trang trí
ekvilibr,cân bằng
esperant,hy vọng
hospital,bệnh viện
intelekt,trí tuệ
kalendar,lịch
kilometr,cây số
komision,ủy ban
meĥanik,cơ học
milimetr,mi-li-mét
original,nguyên bản
pretekst,cớ
struktur,cấu trúc
telegram,điện tín
tribunal,tòa án
bibliotek,thư viện
fundament,nền tảng
inĝenier,kỹ sư
konferenc,hội nghị
konscienc,lương tâm
literatur,văn học
meĥanism,cơ chế
rekompenc,đền đáp
respublik,cộng hòa
sekretari,thư ký
apartament,căn hộ
aŭtomobil,xe hơi
aŭtoritat,quyền lực
instrument,dụng cụ
medikament,thuốc
temperatur,nhiệt độ
cirkonstanc,hoàn cảnh
eksperiment,thí nghiệm
mal/varm/um##,mal/varm/um##
ajl,tỏi
akn,mụn
aks,trục
akt,hành động
ale,đại lộ
alg,tảo
apr,lợn rừng
azi,châu Á
bal,vũ hội
bet,củ cải đường
buk,khóa
cep,hành
cir,xí xịnh
dot,của hồi môn
eĥ,vang
fab,đậu
fac,mặt
fag,cây sồi
fig,sung
gal,mật
gru,sếu
gum,tẩy
hal,sảnh
jug,ách nô
kal,vết chai
kaz,vụ việc
kub,lập phương
lad,tấm thiếc
lak,sơn
lap,ngưu bàng
lin,lanh
lot,rút thăm
luk,cửa sổ trời
mas,khối
mat,chiếu tướng
nuk,gáy
pap,giáo hoàng
pav,công
pig,chim ác là
pus,mủ
ran,ếch
ren,thận
rib,lý chua
rim,vần
rol,vai trò
ros,sương
sag,tên
sin,ngực
ski,trượt tuyết
sof,ghế sofa
tig,thân
tuf,bó束
tun,tấn
vip,roi
akci,cổ phần
atom,nguyên tử
aven,yến mạch
bant,nơ
bark,thuyền
bask,đuôi áo
bend,dây
blok,khối
bors,sàn giao dịch
bovl,bát
brid,cái cương
brut,gia súc
bukl,tóc xoăn
bulb,củ
bulk,bánh mì tròn
cerv,nai
cign,thiên nga
ĉel,tế bào
dand,công tử
diet,ăn kiêng
dorn,gai
etap,giai đoạn
etat,báo cáo
feĉ,cặn
felt,nỉ
frak,đuôi tôm
fraz,câu
fung,nấm
garb,bó
gent,dân tộc
glav,kiếm
gobi,cá bống
gram,gam
greg,bầy đàn
grip,cúm
grot,hang
gudr,hắc ín
ĝib,bướu
heĝ,hàng rào
himn,thánh ca
ĥor,hợp xướng
kaĉ,cháo
kaĝ,lồng
kaka,ca cao
kakt,xương rồng
karn,thịt
karp,cá chép
kejl,chốt
kern,lõi
klub,câu lạc bộ
korv,quạ
kosm,vũ trụ
kult,thờ cúng
laĉ,dây
lard,mỡ lợn
larv,ấu trùng
lice,trường cấp ba
likv,chất lỏng
lili,hoa ly
maiz,ngô
malv,cẩm quỳ
mens,tâm trí
menu,thực đơn
miel,mật ong
musk,rêu
muze,bảo tàng
nuks,hạt
oper,nhạc kịch
oval,hình bầu dục
palm,cây cọ
palt,áo khoác
pane,hỏng
perl,ngọc trai
pian,đàn piano
pice,vân sam
pipr,tiêu
plag,tai ương
prun,mận
pudr,phấn
punt,ren lưới
raci,lý trí
rent,thuê
ruin,đổ nát
rust,gỉ
situ,vị trí
sled,xe trượt
sorg,kênh kênh
spik,bông
spur,dấu vết
stan,thiếc
sulk,rãnh
takt,nhịp
tali,eo
tigr,hổ
tort,bánh ngọt
tram,xe điện
trup,đoàn
vaks,sáp
vejn,tĩnh mạch
vesp,ong vò vẽ
vind,tã lót
zink,kẽm
afrik,châu Phi
agent,đại lý
akord,phù hợp
akrid,châu chấu
aktor,diễn viên
alarm,báo động
ampol,ống thuốc
angil,lươn
anser,ngỗng
artik,khớp
bacil,vi khuẩn
bambu,tre
banan,chuối
brand,rượu mạnh
bronz,đồng thiếc
buked,bó hoa
cigar,xì gà
cikad,ve sầu
cinam,quế
cindr,tro bụi
cirkl,tròn
civit,thành phố tự trị
ĉerk,quan tài
debet,ghi nợ
diant,cẩm chướng
dogan,thuế quan
efekt,hiệu quả
ekran,màn hình
emajl,men sứ
event,sự kiện
fabel,truyện cổ tích
fasad,mặt tiền
fason,cắt may
fluid,chất lỏng
fotel,ghế bành
front,mặt trước
funel,phễu
ĝerm,mầm
hepat,gan
horde,lúa mạch
infer,địa ngục
ironi,mỉa mai
kaban,lều
kahel,gạch
kajut,buồng
kamel,lạc đà
kanal,kênh
kankr,cua-cua
karaf,bình rót
kokos,dừa
krani,sọ
krest,mào gà
kukum,dưa chuột
kupon,phiếu
kusen,gối
latun,đồng thau
laŭb,nhà vườn
lekci,bài giảng
lesiv,giặt
limak,sênhưai
logik,lôgic
lotus,sen
melon,dưa
moral,đạo đức
muzel,mõm động vật
nilon,nilông
ocean,đại dương
palat,vòm miệng
palis,cọc
papag,vẹt
paser,chim sẻ
pensi,lương hưu
peron,bậc thềm
pilot,phi công
pland,lòng chân
plast,nhựa
porci,phần
princ,hoàng tử
pupil,đồng tử
rabat,giảm giá
rafan,củ cải
raŭp,sâu bướm
resum,tóm tắt
rimen,dây đai
roman,tiểu thuyết
salat,xà lách
salik,liễu
satir,châm biếm
sciur,sóc
sekal,lúa mạch
sekci,phần
senat,thượng viện
split,mảnh vỡ
spong,bọt biển
stadi,giai đoạn
statu,tượng
sterk,phân bón
strig,cú mèo
strut,đà điểu
ŝink,giăm bông
ŝtip,khúc gỗ
tapet,giấy dán tường
tarif,thuế biểu
tegol,ngói
tekst,văn bản
teras,sân thượng
tomat,cà chua
tuber,bướu
tunel,đường hầm
velur,nhung
veruk,mụn cóc
vezik,bọng
volum,tập
adverb,trạng từ
akcent,nhấn mạnh
alaŭd,chim sơn ca
amator,nghiệp dư
amerik,Mỹ
arteri,động mạch
asfalt,nhựa đường
aŭtor,tác giả
barbir,thợ cắt tóc
buĝet,ngân sách
bulten,bản tin
cikatr,sẹo
cikoni,cò trắng
cirkel,com-pa-sơ
daktil,chà là
dialog,đối thoại
ego/ist##,ego/ist##
eklezi,giáo hội
emerit,người hưu trí
eŭrop,Âu châu
fajenc,đồ gốm
fazeol,đậu
fontan,đài phun nước
formik,kiến
formul,công thức
fripon,gian lận
furaĝ,cỏ khô
galoŝ,ủng
gvardi,vệ binh
ĝemel,sinh đôi
hangar,nhà chứa
haring,cá trích
hazard,ngẫu nhiên
hektar,hecta
herold,sứ giả
higien,vệ sinh
impuls,xung lực
insign,huy hiệu
intest,ruột
jubile,lễ hội
karton,bìa cứng
kasked,mũ lưỡi trai
kavern,hang động
kirurg,phẫu thuật
klimat,khí hậu
klinik,phòng khám
kolegi,trường học
kolomb,bồ câu
kolumn,cột
komedi,hài kịch
konsul,lãnh sự
konval,lan chuông
kornik,quạ hooded
kostum,trang phục
kredit,tín dụng
kukurb,bí đỏ
kunikl,thỏ
kurent,dòng điện
lacert,thằn lằn
licenc,giấy phép
maleol,mắt cá chân
materi,vật liệu
mirtel,việt quất
monstr,quái vật
oficir,sĩ quan
orator,diễn giả
papili,bướm
pendol,con lắc
period,chu kỳ
persik,đào
pionir,tiên phong
planed,hành tinh
platan,cây bàng
plural,số nhiều
profet,tiên tri
prolet,vô sản
pronom,đại từ
reakci,phản động
reĝim,chế độ
rivolu,cách mạng
ruband,dải
skorpi,bọ cạp
spinac,rau mâm xôi
stamen,nhị hoa
statur,tầm vóc
surtut,áo khoác
ŝakal,linh cẩu
ŝaŭm,bọt
teknik,kỹ thuật
testud,rùa
torent,dòng chảy
trafik,giao thông
tumult,náo động
turism,du lịch
turist,du khách
vertic,đỉnh
viktim,nạn nhân
violon,vĩ cầm
vulkan,núi lửa
vultur,kền kền
abrikot,mơ
akademi,học viện
alfabet,bảng chữ cái
alumini,nhôm
ambasad,đại sứ quán
anekdot,giai thoại
apertur,lỗ mở
apostol,tông đồ
asemble,hội nghị
bagatel,vật nhỏ nhặt
bakteri,vi khuẩn
bandaĝ,băng
bifstek,bít tết
budĝet,ngân sách
burĝon,chồi
central,trung tâm
cirkvit,mạch
ĉar/um##,ĉar/um##
dimensi,kích thước
ekvator,xích đạo
element,yếu tố
epidemi,dịch bệnh
fantazi,ảo tưởng
fenomen,hiện tượng
gelaten,gelatin
general,tướng
girland,vòng hoa
harmoni,hài hòa
instanc,cấp thẩm quyền
invalid,tàn tật
kaldron,nồi đun
kaŝtan,hạt dẻ
katalog,danh mục
kirurgi,phẫu thuật
kolonel,đại tá
komisar,ủy viên
kompani,công ty
koncept,khái niệm
konkord,hòa hợp
konkurs,thi đấu
koridor,hành lang
kristal,pha lê
lantern,đèn lồng
latitud,vĩ độ
medicin,y học
mineral,khoáng
minimum,tối thiểu
ministr,bộ trưởng
obstakl,chướng ngại
orkestr,dàn nhạc
pacifik,Thái Bình Dương
palpebr,mí mắt
pantofl,dép lê
paradiz,thiên đường
paralel,đường song song
plastik,nghệ thuật tạo hình
portret,chân dung
princip,nguyên tắc
program,chương trình
projekt,dự án
proverb,tục ngữ
provinc,tỉnh
rendevu,hẹn hò
sin/ten##,sin/ten##
situaci,tình huống
stadion,sân vận động
subjekt,chủ đề
teĥnik,kỹ thuật
tendenc,xu hướng
tinktur,thuốc nhuộm
tradici,truyền thống
tragedi,bi kịch
traktat,hiệp ước
trumpet,kèn trumpet
uniform,đồng phục
vegetal,cây
viadukt,cầu cạn
volumen,thể tích
zoologi,động vật học
atlantik,Đại Tây Dương
avantaĝ,lợi thế
bracelet,vòng tay
cirkuler,thông tư
dokument,tài liệu
federaci,liên bang
generaci,thế hệ
geografi,địa lý
gramatik,ngữ pháp
ĝendarm,hiến binh
horizont,chân trời
individu,cá nhân
kandidat,ứng viên
karnaval,lễ hội
kategori,loại
komun/um##,komun/um##
krokodil,cá sấu
longitud,kinh độ
maksimum,tối đa
marmelad,mứt
monument,đài kỷ niệm
paraŝut,dù bay
pasaĝer,hành khách
pland/um##,pland/um##
porcelan,sứ
procent,phần trăm
profesor,giáo sư
radiator,bộ tản nhiệt
regiment,trung đoàn
rekt/angul##,rekt/angul##
sandviĉ,bánh mì
sindikat,công đoàn
singular,số ít
specimen,mẫu
spektakl,buổi diễn
substanc,chất
teritori,lãnh thổ
vertikal,thẳng đứng
ambasador,đại sứ
aŭstrali,Úc
centimetr,xen-ti-mét
ekspozici,triển lãm
inspektor,thanh tra
kalkan/um##,kalkan/um##
konfidenc,bí mật
lokomotiv,đầu máy
matematik,toán học
metalurgi,luyện kim
ministeri,bộ
najtingal,chim sơn ca
ortografi,chính tả
parlament,quốc hội
proletari,vô sản
propozici,mệnh đề
psikologi,tâm lý học
suplement,bổ sung
termometr,nhiệt kế
elektronik,điện tử
helikopter,trực thăng
horizontal,ngang
komplement,bổ ngữ
konsekvenc,hệ quả
konstituci,hiến pháp
laboratori,phòng thí nghiệm
leŭtenant,trung úy
mediterane,Địa Trung Hải
substantiv,danh từ
universitat,đại học
s-ro##,s-ro##
s-ino##,s-ino##
sinjor/in##,sinjor/in##
alk,nai sừng tấm
aln,cây trăn
ann,Anna
bed,luống
boa,trăn
buf,cóc
cim,bọ
col,inch
dam,quý bà
dig,đê
duk,công tước
fav,ghẻ
fok,hải cẩu
fut,bộ (đơn vị)
gad,cá tuyết
gam,thang âm
gri,ngũ cốc
guf,cú mèo
huz,cá tầm
kan,sậy
ken,gỗ nhựa
ker,tim
kil,kiền
kuf,mũ
kul,muỗi
kup,cốc giác
laf,dung nham
lir,đàn lia
lod,lô
lol,lúa mạch
mac,bánh không men
mel,lửng
mes,lễ misa
mev,mòng biển
muf,bịt tai
muk,dịch nhầy
mul,la ừa
nap,cải bẹ
peg,gõ kiến
pol,Ba Lan
pul,bọ chét
rap,củ cải
rif,đá ngầm
rod,bến đỗ
rot,đội
rub,mảnh vụn
rum,rượu rum
rus,Nga
seb,mỡ động vật
sel,yên ngựa
tez,luận văn
tul,tulle
ulm,cây du
uln,xương trụ
unc,ao-xơ
urn,bình urn
vil,lông
abat,viện trưởng
acer,cây phong
akar,bọ chét
alte,cẩm quỳ
alun,phèn
amel,hồ tinh bột
anas,vịt
angl,Anh
aniz,hồi
ankr,neo
arĉ,cung đàn
arde,diệc
aren,đấu trường
atut,át chủ bài
avel,hạt dẻ
aviz,thông báo
azot,nitơ
bast,vỏ cây
bert,Berta
blat,gián
bram,cá bream
bran,cám
burd,ong vò vẽ
cedr,tuyết tùng
citr,đàn tranh
ĉam,linh dương
ĉan,búa súng
dogm,giáo điều
drak,rồng
drog,thuốc
ebon,gỗ mun
eter,ê-te-rin
fabl,truyện ngụ ngôn
falk,chim ưng
fibr,sợi
flan,bánh flan
flok,mảnh
flut,sáo
fraj,trứng cá
ftiz,lao phổi
gajl,mụn cây
gips,thạch cao
glan,hạt sồi
glim,mica
graf,bá tước
gril,dế
gros,lý gai
gurd,đàn quay tay
ibis,cò quắm
idol,thần tượng
kalk,vôi
kand,kẹo
kard,cây kế
karo,rô bài
kask,mũ bảo hiểm
kaze,sữa đông
kegl,kỳnh 9
klap,van
klav,phím
kluz,cửa cống
kojn,nêm
koks,hông
konk,vỏ sò
kren,cải ngựa
krep,vải crepe
krop,diều
krup,bệnh croup
lake,đầy tớ
laks,tiêu chảy
legi,quân đoàn
lent,đậu lăng
lepr,phong
lian,dây leo
lien,lách
link,linh miêu
liut,đàn tì bà
lojt,cá bống bớp
lorn,ống nhòm
lumb,thắt lưng
lutr,rái cá
magi,ma thuật
mana,manna
mari,Maria
mask,mặt nạ
maŝ,mắt lưới
meĉ,bấc
mejl,dặm
ment,bạc hà
merl,chim sáo
mesi,đấng cứu thế
mili,kê
mirh,nhựa cây
mirt,cây sim
misi,nhiệm vụ
mops,chó mũi tẹt
most,nước nho
niĉ,hốc tường
omar,tôm hùm
opal,đá opal
ostr,hàu
paru,chim sẻ
peĉ,hắc ín
pelv,chậu
perk,cá vược
pest,dịch hạch
petr,Phêrô
pini,thông
pips,bệnh chim
plik,tóc rối
plot,cá chép
popl,cây dương
pram,phà
sakr,xương cùng
salm,cá hồi
sepi,mực nang
sofi,Sofia
sorp,quả sơn tra
spat,đá spar
spin,cột sống
stab,sĩ quan
step,thảo nguyên
stip,cuống
stof,vải
stup,kéo sợi
ŝak,cờ vua
ŝal,khăn choàng
ŝam,da thuộc
taft,lụa taffeta
talp,chuột chũi
tetr,gà gô trắng
tibi,xương ống chân
tili,đoài
tine,bọ chét
torf,than bùn
trab,dầm
tref,cỏ ba lá
tril,rung rinh
trip,lòng bò
trog,máng ăn
tron,ngai vàng
truf,nấm cục
trul,bay trát
trut,cá hồi
turd,chim chích chòe
turk,Thổ Nhĩ Kỳ
turt,bồ câu
uter,tử cung
ŭat,oát
vafl,bánh quế
vals,vanxơ
vekt,đòn cân
zebr,ngựa vằn
altar,bàn thờ
ambos,đên
anton,Antôn
ardez,đá phiến
argil,đất sét
aspid,hổ mang
balen,cá voi
barĉ,súp củ cải đỏ
boben,cuộn
brank,mang cá
bubal,trâu
bufed,tiệc đứng
cejan,cúc ngô
dativ,cách đối
datur,cà độc dược
demon,quỷ
denar,đồng denarius
deviz,khẩu hiệu
domen,đôminô
embri,phôi thai
emili,Emilia
ermen,chồn ermin
ermit,ẩn sĩ
facet,mặt cắt
fazan,gà lôi
femur,xương đùi
filik,dương xỉ
flegm,bình tĩnh
fokus,tiêu điểm
franc,Pháp
frank,frăng
fring,chim sẻ
galon,dây viền
gazel,linh dương
genot,cầy genet
georg,Giôc
gitar,đàn guitar
gland,tuyến
groŝ,xu bạc
hebre,Do Thái
heder,cây thường xuân
herez,dị giáo
herni,thoát vị
hirud,đỉa
hosti,bánh thánh
husar,kỵ binh
ĥaos,hỗn loạn
idili,đồng quê
johan,Giăng
jozef,Giô-sép
kalik,cốc thánh
kambi,hối phiếu
kamer,phòng
kanab,gai dầu
kanap,ghế dài
kapel,nhà nguyện
kapon,gà thiến
kapor,cây nụ bạch hoa
kapot,mũ trùm
karas,cá chép
karob,cây keo
katun,vải bông
kerub,thiên thần
kiras,giáp
klaft,sải
kloŝ,chuông kính
koaks,cốc
koleg,đồng nghiệp
kolon,cột
komiz,nhân viên
komod,tủ áo
konus,hình nón
kopek,kopeck
koran,Kinh Qur'an
kramp,kẹp
kring,bánh vòng
krisp,nếp gấp
krist,Chúa
kupol,mái vòm
kvarc,thạch anh
kvart,bậc bốn
lanug,lông tơ
laŭr,nguyệt quế
libel,chuồn chuồn
liken,địa yến
livre,đồng phục
loĝi,hộp
lupol,hoa bia
lustr,đèn chùm
luter,Luther
medal,huy chương
meriz,anh đào dại
moned,giẻ cùi
morus,dâu tằm
moŝt,tôn kính
negoc,kinh doanh
nobel,quý tộc
novic,tập sự
nuanc,sắc thái
oblat,bánh lễ
okzal,me chua
orden,huy chương
orgen,đàn ống
paĝi,hầu cận
papav,thuốc phiện
pariz,Paris
paŭl,Phaolô
pavim,lát đường
pedik,chí rận
perĉ,cá ruff
piked,đồn
pilol,thuốc viên
pirit,pyrit
pirol,chim sẻ thông
piroz,ợ nóng
piŝt,pítông
pluŝ,nhung
poent,điểm
pokal,cốc rượu
polus,cực
potas,kali
prujn,sương
pudel,chó xù
pumik,đá bọt
punĉ,rượu đấm
putor,chồn hôi
raben,giáo sĩ
rapir,kiếm dài
regol,họa mi vàng
rezin,nhựa
rostr,vòi
ruben,hồng ngọc
safir,ngọc bích
salvi,xô thơm
sigel,niêm phong
silab,âm tiết
silik,đá lửa
silur,cá trê
silvi,chim chích chòe
sirop,xi-rô
skabi,ghẻ
skadr,phi đội
skarp,khăn choàng
skvam,vảy
sorik,chuột chù
spion,gián điệp
spron,khuyến khích
stabl,bàn làm việc
sturg,cá tầm
sturn,chim sáo
ŝalm,ống sáo
ŝark,cá mập
ŝelk,dây đeo
ŝild,khiên
ŝind,ván lợp
ŝlim,bùn
taban,ruồi trâu
tavol,tầng
tempi,thái dương
tetan,uốn ván
tetra,gà gỗ
timon,đòn kéo
topaz,hoàng ngọc
torĉ,đuốc
tromb,vòi rồng
tulip,hoa tulip
ulcer,loét
urtik,cây tầm ma
vanil,vani
vasal,chư hầu
velen,giấy da bê
verst,vecxtat
vezir,tể tướng
vipur,rắn lục
vokal,nguyên âm
zenit,thiên đỉnh
zibel,chồn sable
zizel,chuột đất
absces,áp xe
absint,ngải cứu
alcion,chim bói cá
amfibi,lưỡng cư
ananas,dứa
artrit,viêm khớp
atripl,rau dền biển
berlin,Berlin
bismut,bismut
boraks,hàn thep
buljon,nước dùng
bulonj,ブローニュ
buŝel,giạ
centim,xu (tiền)
cikori,cải bỉ
cimbal,chũm chọe
cinabr,chu sa
cipres,cây bách
ĉarpi,vải xơ
damask,đan hoa văn
delfen,cá heo
didelf,thú có túi
embusk,phục kích
epolet,cầu vai
erinac,nhím
ernest,Ernesto
eskadr,hạm đội
faktur,hóa đơn
falbal,diềm áo
fantom,mâ hồi
faring,hầu
fenkol,thì là
ferdek,boong tàu
fistul,rò rỉ
flanel,vải flanen
fosfor,phốtpho
franĝ,viền
furunk,mụn nhọt
fusten,vải thô
galeri,phòng trưng bày
gamaŝ,bó ống chân
german,người Đức
granat,lựu
granit,đá hoa cương
grenad,lựu đạn
grifel,bút chì
ĝiraf,hươu cao cổ
haladz,hôi thối
hamstr,tích trữ
hispan,Tây Ban Nha
ĥimer,ảo ảnh
ĥoler,dịch tả
ingven,háng
izrael,Israel
jasmen,nhài
kaleŝ,xe ngựa
kalvin,Canvin
kamfor,long não
kamlot,gấm
kanajl,côn đồ
kanari,chim hoàng yến
kantor,ca sĩ
kanvas,vải bố
kapsul,viên nang
kapuĉ,mũ trùm
kardel,chim sẻ vàng
karmin,carmine
karpen,cây sồi
kastor,hải ly
kaviar,trứng cá muối
kobalt,coban
kobold,yêu tinh
kolbas,xúc xích
kolibr,chim ruồi
kolimb,chim lặn
kolubr,rắn
komuni,lễ thánh
kontor,văn phòng
kontur,đường viền
kornic,gờ mái
korpus,quân đoàn
koturn,chim cút
kraken,bánh quy
kratag,sơn trà
krater,hố núi lửa
kronik,biên niên sử
kurier,sứ giả
lampir,đom đóm
laring,thanh quản
lavang,tuyết lở
legend,truyền thuyết
lekant,cúc trắng
lentug,tàn nhang
levkoj,hoa giáp trúc
likvor,rượu
litani,kinh cầu nguyện
london,Luân Đôn
magnet,nam châm
makzel,hàm
mangan,mangan
markot,chiết cành
marmor,đá cẩm thạch
marmot,chuột đất
mastik,bột trét
migdal,hạnh nhân
miogal,chuột xạ
miozot,hoa lưu ly
monaĥ,tu sĩ
morbil,sởi
morter,vữa xây dựng
muskat,nhục đậu khấu
muslin,vải muslin
mustel,chồn
nanken,vải nankin
narcis,thuỷ tiên
nikola,Nicolas
notari,công chứng viên
orakol,tiên tri
paletr,bảng màu
panter,báo
parget,sàn gỗ
paroĥ,giáo xứ
parter,tầng trệt
pastel,viên ngậm
patent,bằng sáng chế
patrol,tuần tra
pfenig,phơ-ninh
pistak,hạt dẻ cười
pistol,súng
plastr,băng dán
platen,bạch kim
ponard,dao găm
porfir,đá hoa cương
porter,bia đen
primol,hoa anh thảo
prunel,mận gai
purpur,tím
rekrut,tân binh
rempar,thành lũy
risort,lò xo
rosmar,hải mã
rozari,tràng hạt
rubrik,mục
safran,nhụy hoa nghệ tây
sambuk,cây cơm cháy
sankci,phê duyệt
sardel,cá trích muối
sceptr,vương trượng
selakt,váng sữa
servic,bộ đồ ăn
servut,nô lệ
siring,tử đinh hương
skapol,xương vai
skarab,bọ cánh cứng
skolop,dẽ gỗ
skurĝ,roi
sofism,ngụy biện
sopran,soprano
spalir,hàng rào cây
stefan,Stê-ven
sufiks,hậu tố
sukcen,hổ phách
sulfur,lưu huỳnh
talent,tài năng
tambur,trống
tenden,gân
teodor,Teodor
termin,thuật ngữ
testik,tinh hoàn
timian,cỏ xạ hương
tombak,đồng thau đỏ
traĥe,khí quản
tremol,dương liễu
tribun,bục
tropik,nhiệt đới
turban,khăn xếp
turkis,ngọc lam
turnir,giải đấu
urogal,gà gô trắng
variol,đậu mùa
viburn,nhót trắng
vikari,phó tế
vinagr,giấm
vizier,tấm che
volupt,khoái lạc
ablativ,cách tách
antimon,antimon
arleken,hề
arsenik,thạch tín
artifik,mưu mẹo
asparag,măng tây
bajonet,lưỡi lê
bastion,pháo đài
beladon,cây cà độc dược
biskvit,bánh quy
ĉampan,sâm panh
ĉarnir,bản lề
diamant,kimcương
episkop,giám mục
eŝafod,giàn xử tử
fraksen,tần bì
frangol,cây táo gai
fringel,chim sẻ thông
genitiv,cách sở hữu
henriet,Henrietta
hidrarg,thuỷ ngân
hiskiam,cây hiền nhân
histrik,nhím
jugland,quả óc chó
juniper,bách xù
kalikot,vải calico
kamizol,áo lót
kamomil,cúc La Mã
kapitan,thuyền trưởng
kapitel,đầu cột
kapreol,hươu
kapucen,tu sĩ
karaben,súng trường
kartoĉ,đạn
karusel,vòng quay
kavalir,kỵ sĩ
klarnet,kèn clarinet
klister,thụt tháo
kokluŝ,ho gà
kolofon,nhựa thông
kompres,nén ép
kurator,người giám hộ
kvitanc,biên nhận
leontod,bồ công anh
leopard,báo
limonad,nước chanh
lonicer,kim ngân hoa
ludovik,Ludwig
lunatik,điên loạn
maroken,da thuộc Ma-rốc
marŝal,nguyên soái
meleagr,gà tây
membran,màng
miĥael,Micae
monarĥ,vua
mustard,mù tạt
negliĝ,luộm thuộm
nikodem,Nicôđêm
novjork,New York
oksigen,ôxy
oksikok,nam việt quất
parazit,ký sinh
pasteĉ,pâté
pelikan,bồ nông
perdrik,gà gô trắng
poligon,đa giác
prefiks,tiếp đầu ngữ
redakci,tòa soạn
rinocer,tê giác
salpetr,diêm tiêu
sentenc,châm ngôn
skarlat,đỏ tươi
skorbut,bệnh scorbut
skrofol,lao hạch
smerald,ngọc lục bảo
sterled,cá tầm
stertor,thở khò khè
ŝiller,Schiller
umbilik,rốn
univers,vũ trụ
varsovi,Vácsava
verdigr,gỉ đồng
vertebr,đốt sống
vespert,dơi
vestibl,sảnh
vilhelm,William
virtuoz,bậc thầy
vitriol,axit sunfuric
zingibr,gừng
akcipitr,diều hâu
akuzativ,đối cách
argument,lập luận
arĥaism,cổ ngữ
artiŝok,a-ti-sôk
baldaken,mái che
briliant,đá quý
diplomat,nhà ngoại giao
distrikt,khu vực
elizabet,Elizabet
fragment,mảnh
framason,Hội viên Mason
frugileg,quạ đen
hidrogen,hydro
hortulan,chim sẻ
institut,viện
kantarid,bọ cánh cứng
kariofil,đinh hương
kartilag,sụn
katarakt,đục thủy tinh thể
koĉenil,cánh kiến đỏ
kokcinel,bọ rùa
konvulsi,co giật
leksikon,từ điển
marcipan,mứt hạnh nhân
medalion,mề đay
monarĥi,quân chủ
obstrukc,cản trở
paradoks,nghịch lý
parentez,ngoặc
particip,phân từ
pasament,viền
pastinak,củ cải trắng
pergamen,giấy da
peritone,phúc mạc
perlamot,xà cừ
petromiz,cá mút đá
petrosel,mùi tây
ranunkol,cây mao lương
redaktor,biên tập viên
rezultat,kết quả
rosmaren,hương thảo
serĝent,trung sĩ
sublimat,thăng hoa
taĉment,đội
terebint,nhựa thông
tornistr,ba lô
zamenhof,Zamenhof
aleksandr,A-lếch-xan-đơ
anunciaci,truyền tin
balustrad,lan can
ĉambelan,thị vệ
ĉarlatan,bịp bợm
deklinaci,cách biến đổi
diplomati,ngoại giao
ekscelenc,ngài
ekzempler,bản sao
entuziasm,nhiệt tình
fortepian,đàn piano
galanteri,đồ trang điểm
iĥtiokol,keo cá
instituci,cơ sở
instrukci,chỉ thị
kancelari,văn phòng
kancelier,thủ tướng
kataplasm,thuốc đắp
kondolenc,chia buồn
konjugaci,chia động từ
konjunkci,liên từ
konsonant,phụ âm
korporaci,công ty
kvaranten,cách ly
nominativ,chủ ngữ
pentekost,Lễ Ngũ Tuần
piedestal,bệ
prepozici,giới từ
privilegi,đặc quyền
promontor,mũi đất
salamandr,kỳ nhông
testament,di chúc
vermiĉel,bún sợi
interjekci,thán từ
superstiĉ,mê tín
vaŝington,Washington
violonĉel,đàn cello
arĥitektur,kiến trúc
interpunkci,chấm câu
jork,York
parok,giáo xứ
navig,điều hướng
kaos,hỗn loạn
kimer,quái vật
korus,hợp xướng
monak,tu sĩ
iktiokol,cá keo
ald,alto
alo,lô hội
api,cần tây
ari,giai điệu
bas,trầm
car,ngài tsar
dog,chó bẹc-giê
dok,bến tàu
doz,liều
ego,bản ngã
elf,yêu tinh
etn,dân tộc
faz,giai đoạn
fon,nền
fuk,tảo bẹ
gaz,khí
gem,đá quý
hum,mùn
jod,i-ốt
jud,Do Thái
kep,mũ kepi
lat,ván lót
lob,thùy
mim,kịch câm
mit,thần thoại
muz,nàng thơ
nas,bẫy cá
nav,gian giữa
niz,diều hâu
oaz,ốc đảo
opi,thuốc phiện
puf,phồng
raj,cá đuối
ras,chủng tộc
ref,rạn san hô
rit,nghi lễ
rut,cây rễ hương
sod,sôđa
tif,sốt phát ban
tog,áo choàng
viz,thị thực
agat,mã não
aĝi,phí đổi
alen,dùi
ambr,long não
amor,tình ái
aort,động mạch chủ
arom,hương thơm
astm,hen suyễn
astr,thiên thể
azil,nơi trú ẩn
bard,nghệ sĩ
bomb,bom
bosk,bụi cây
brom,bromine
bust,ngực
cend,xu
cidr,rượu táo
cirk,xiếc
dali,cây thược dược
dign,phẩm giá
duel,đấu tay đôi
duet,song ca
ebur,ngà
eden,vườn địa đàng
egid,khiên
erik,thạch nam
etik,đạo đức
etim,nguyên nghĩa
fars,hài kịch
fili,chi nhánh
fisk,ngân khố
furi,nữ thần復仇
gnom,yêu tinh
grog,rượu grog
gruz,sỏi
ĝin,rượu gin
hidr,thuỷ quái
hien,linh cẩu
irid,hoa diên vĩ
iris,mống mắt
istm,eo đất liền
jesu,Giê-su
junk,cói
kabl,dây
kali,kali
kame,camee
kast,đẳng cấp
klor,clo
kofr,rương
kolz,cải dầu
kont,tài khoản
krab,cua
kres,cải xoong
kupe,toa xe
laik,người phàm
lama,lạt-ma僧
lanc,giáo
lens,kính
lord,quý tộc
malt,mạch nha
mani,nghiện
medi,môi trường
milv,diều hâu
mitr,mũ giáo sĩ
moru,cá tuyết
mosk,xạ hương
mumi,xác ướp
naft,dầu thô
negr,người da đen
nimb,hào quang
norm,chuẩn
obol,obol
ogiv,ogive
orgi,trác táng
ozon,ôzôn
penc,xu pence
pleb,dân thường
podi,bục
polk,điệu polka
pomp,tráng lệ
pore,tỏi tây
rabi,dại
rism,ramen
romb,hình thoi
rubl,rúp Nga
sabr,kiếm
sagu,bột sago
sald,cân đối
salv,loạt bắn
sekt,giáo phái
sfer,hình cầu
skem,sơ đồ
skol,trường phái
slip,thẻ ghi chú
sokl,bệ đỡ
sold,lương
sole,cá bơn
spad,kiếm
ŝah,vua Ba Tư
talk,tan bột
teni,sán dây
tiar,vương miện
tink,cá tench
tors,thân
tost,chúc mừng
trop,phép tu từ
turb,con quay
ukaz,chỉ dụ
ulan,kỵ binh
uzur,cho vay nặng lãi
verv,nhiệt huyết
vink,dừa cạn
visk,tầm gửi
vist,whist
vizi,ảo giác
zuav,lính Zouave
abism,vực thẳm
adept,người theo
afiks,phụ tố
afust,bệ pháo
agraf,cái móc
akaci,cây keo
akciz,thuế tiêu thụ
aksel,nách
albin,bạch tạng
alibi,chứng cớ
aline,đoạn
alkov,hốc tường
amfor,amphora
angin,viêm họng
angor,đau khổ
anten,ăng-ten
apati,thờ ơ
apoge,điểm xa
arkad,vòm
arkiv,lưu trữ
arnik,cây arnica
atlas,bản đồ
atlet,vận động viên
aviad,hàng không
balad,ballad
balet,ba lê
barak,nhà tạm
baron,nam tước
basen,bể
beril,beryl
bibli,Kinh Thánh
bigot,cuồng tín
biret,mũ beret
bitum,nhựa đường
bivak,cắm trại
breĉ,khe hở
broĉ,ghim cài
bronk,phế quản
cigan,người Di-gan
cikut,cây độc
ĉifr,mã
debat,tranh luận
dekan,trưởng khoa
dilem,tiến thoái lưỡng nan
diluv,lũ lụt
divan,ghế dài
dolar,đô la
drakm,đồng drachma
dukat,đucat
edikt,sắc lệnh
eklog,mục ca
ekzem,chàm
elegi,ai ca
elips,hình elip
elizi,lược âm
emfaz,nhấn mạnh
epope,sử thi
fagot,kèn gỗ
fakir,tu sĩ
fatal,số mệnh
feŭd,phong kiến
fiakr,xe ngựa thuê
fiask,thất bại
final,chung kết
fjord,vịnh hẹp
forum,diễn đàn
fresk,bích họa
furor,cơn sốt
galer,thuyền galê
galop,phi nước đại
garol,giẻ cùi
goril,khỉ đột
hamak,võng
harem,hậu cung
harpi,quái điểu
helic,cánh quạt
helik,ốc sên
hisop,cây hương thảo
hoboj,ô-boa
humer,xương cánh tay
idiom,ngôn ngữ
idiot,ngốc
ileks,nhựa ruồi
iluzi,ảo giác
indiga,chàm
jalap,thuốc xổ
jud/ism##,jud/ism##
kabal,âm mưu
kadet,học viên sĩ quan
kalif,vua Hồi giáo
kanon,đại bác
karat,cara
kazin,sòng bạc
kinin,kí ninh
kirŝ,rượu kirsch
kloak,cống ngầm
kobaj,chuột lang
kokon,kén
kolik,đau bụng
kolos,khổng lồ
komet,sao chổi
koral,san hô
korne,giác mạc
korol,tràng hoa
kozak,Cô-dắc
krabr,ong vò vẽ
kreol,Creole
kript,hầm ngầm
kulis,cánh gà
kumin,cumin
kvast,tua rua
kvint,ngũ độ音程
lagun,đầm phá
lapis,đá bạc
larik,cây thông
later,cạnh
lazur,xanh da trời
legat,đặc sứ
lirik,trữ tình
madon,Đức mẹ
major,thiếu tá
mamut,voi ma mút
medol,tủy
meduz,sứa
melas,mật đường
melis,cây bạc hà
miasm,khí độc
mimoz,cây trinh nữ
mitul,vẹm
moske,nhà thờ Hồi giáo
motiv,động cơ
natri,natri
nikel,niken
nimfe,súngọc
noktu,cú nhỏ
nomad,du mục
novel,truyện
nunci,sứ thần
oksid,ôxít
oktav,quãng tám
oniks,mã não
optik,quang học
orbit,quỹ đạo
oriol,chim vàng anh
ovaci,hoan hô
pagod,chùa
panel,bảng
panik,hoảng loạn
paraf,ký tắt
patos,cảm xúc
pedal,bàn đạp
pedel,người hầu
peoni,mẫu đơn
peruk,tóc giả
pigme,lùn tị
pirat,cướp biển
pivot,trục
polip,u bướu
polis,hợp đồng bảo hiểm
pomad,thuốc mỡ
prior,viện trưởng
prism,lăng kính
psalm,thánh ca
raket,tên lửa
rebus,câu đố
retin,võng mạc
retor,nhà hùng biện
rezed,cây thơm
ricin,thầu dầu
rokok,rococo
rubus,mâm xôi
rutin,thói quen
saliv,nước bọt
satan,Satan
saten,sa tan
seraf,seraphim
sifon,xi phông
sinap,mù tạc
sinod,hội nghị giáo hội
siren,nàng tiên cá
skalp,da đầu
skerc,khúc vui
skism,ly giáo phái
sonat,sonata
sonet,sonnet
spasm,co giật
sperm,tinh dịch
splen,u sầu
stopl,gốc rạ
strof,khổ thơ
sutan,áo lễ
ŝose,xa lộ
ŝpat,xẻng
taler,taler
tanin,tanin
tarok,tarot
teism,thuyết thần
teist,hữu thần
templ,đền
tenor,giọng nam cao
teror,khủng bố
tindr,bùi nhùi
tiran,bạo chúa
tonel,tấn
trofe,cúp
trust,tín thác
tunik,áo chùng
utopi,không tưởng
vanel,chim tew tew
vinkt,ghim
viper,rắn lục
viski,rượu
zefir,gió nhẹ
advent,mùa vọng
aksiom,tiên đề
akvari,bể cá
algebr,đại số
alkemi,giả kim
ambici,tham vọng
amulet,bùa hộ mệnh
anagal,cây cỏ pimpernel
anarki,vô chính phủ
anatom,nhà giải phẫu
anĉov,cá trích ướp
anemon,hoa anemôn
anilin,anilin
aplomb,bình tĩnh
apolog,ngụ ngôn
arbust,bụi cây
arĥiv,lưu trữ
asesor,cố vấn
ateism,vô thần
ateist,vô thần
aŭkci,đấu giá
balast,chất nặng
balkon,ban công
balzam,dầu thơm
bandit,kẻ cướp
barbar,man rợ
barier,rào chắn
bateri,pin điện
batist,vải mỏng
bazalt,bazanhtit
beletr,văn chương
bilanc,bảng cân đối
bilard,bi-a-đô
binokl,ống nhòm
biolog,nhà sinh học
blazon,huy hiệu
blokad,phong tỏa
bordel,nhà thổ
braman,Bà-la-môn
brigad,lữ đoàn
buduar,phòng riêng
burnus,áo choàng
celeri,cần tây
cidoni,mộc qua
ciklon,bão
ciklop,người khổng lồ
dekret,sắc lệnh
depeŝ,công văn
despot,bạo chúa
diabet,tiểu đường
diadem,vương miện
diakon,phó tế
diplom,bằng cấp
divizi,sư đoàn
dragon,kỵ binh
eklips,nhật thực
eksces,quá mức
ekstaz,ngây ngất
ekvaci,phương trình
emblem,biểu trưng
emulsi,nhũ tương
endivi,cải xoăn
epilog,kết thúc
epitet,biệt danh
epizod,tập phim
erupci,phun trào
eskort,hộ tống
estrad,sân khấu
etiket,lễ nghi
eŭnuk,hoạn quan
ezofag,thực quản
faktor,yếu tố
falang,đội hình
fanfar,kèn hùng hồn
feniks,phượng hoàng
feston,dây hoa
fetiĉ,bùa chú
fleksi,uốn cong
floren,florin
format,định dạng
frakci,phân số
fregat,tàu chiến
galant,hoa tuyết
gangli,hạch
genist,cây chổi
geolog,nhà địa chất
gerani,phong lữ
gigant,khổng lồ
glazur,men sứ
glikoz,glucoza
glukoz,đường葡萄
gondol,gondola
grafit,than chì
gulden,guilder
harpun,lao
hetman,tướng lĩnh
hipnot,thôi miên
incens,nhang
indeks,mục lục
inflam,viêm
jaguar,báo đốm
jezuit,Dòng Tên
ĵaket,áo khoác
kadavr,xác chết
kadenc,nhịp điệu
kalibr,cỡ nòng
kameli,hoa trà
kantat,cantata
kanton,quận
karbon,các-bon
karcer,nhà giam
karier,nghề nghiệp
kariol,xe ngựa
katedr,giảng đường
kaŭci,bảo lãnh
kazern,trại lính
kokard,huy hiệu
kolodi,collodion
koloni,thuộc địa
kompas,la bàn
kondor,kền kền
konjak,rượu cognac
korife,trưởng ca đoàn
kornet,kèn cornet
korsar,cướp biển
korset,áo nịt
korvet,tàu chiến
kotlet,cốt-lết
kursiv,nghiêng
laktuk,rau diếp
lavend,oải hương
loteri,xổ số
lucern,đèn treo
maksim,châm ngôn
malari,sốt rét
marasm,suy kiệt
markiz,hầu tước
martir,tử đạo
masaĝ,xoa bóp
mazurk,mazurka
medium,đồng cốt
melodi,giai điệu
mentor,cố vấn
merkat,chợ
mespil,táo tây
meteor,hiện tượng khí quyển
metrik,nhịp điệu
mikrob,vi khuẩn
mirakl,kỳ diệu
miriad,vô số
molusk,nhuyễn thể
monark,vua
morfin,morphin
mozaik,khảm
munici,đạn dược
nektar,mật hoa
orkide,lan
paĉul,hoắc hương
parodi,chế nhạo
pavian,khỉ đầu chó
pedant,tỉ mỉ
pepsin,pepsin
petard,pháo
piastr,piastre
pistil,cái chày
podagr,gút
ponton,phà nổi
portal,cổng chính
portik,hiên
prelat,giám mục
prelud,khúc dạo đầu
premis,giả định
profan,báng bổ
profil,mặt横
prolog,mở đầu
puding,bánh ngọt
pupitr,bàn học
pustul,mụn mủ
rabarb,đại hoàng
regent,nhiếp chính
rektor,hiệu trưởng
relief,chạm nổi
retort,bình hóa học
romanc,lãng mạn
rotond,nhà tròn
sandal,dép
santal,gỗ đàn hương
sarong,xà rông
satrap,thái thú
sektor,ngành
septet,bảy người
serajl,cung điện
sevrug,cá tầm sao
sfinks,nhân sư
siluet,bóng dáng
simbol,biểu tượng
sinkop,ngất
sintez,tổng hợp
skelet,bộ xương
sofist,ngụy biện gia
spektr,phổ
spiral,xoắn ốc
sponde,trường trường
suflor,nhắc tuồng
sultan,sultan
ŝalup,thuyền
ŝankr,loét
ŝarad,trò chơi đoán chữ
taksus,thông đỏ
taktik,chiến thuật
talmud,Talmud
tamtam,trống
tandem,xe đạp đôi
tapiok,bột sắn
teolog,nhà thần học
teorem,định lý
terapi,trị liệu
tercet,bài thơ ba câu
termit,mối
tonsur,cạo đầu
torped,ngư lôi
trapez,hình thang
tribut,cống nạp
triumf,chiến thắng
turbin,tuabin
unison,đồng âm
uragan,bão lớn
vampir,ma cà rồng
verand,hiên
vermut,rượu vermouth
vinjet,họa tiết
zigzag,zíc zắc
zodiak,hoàng đạo
admiral,đô đốc
aerolit,thiên thạch
aforism,châm ngôn
agronom,nhà nông học
akrobat,nhào lộn
akvarel,tranh màu nước
alegori,ngụ ngôn
alĥemi,giả kim thuật
almanak,niên giám
ambrozi,thức ăn thần thánh
ametist,thạch anh tím
amnesti,ân xá
anagram,đảo chữ
analogi,tương tự
anapest,anapét
anatomi,giải phẫu
angelik,thiên sứ
anomali,dị thường
antilop,linh dương
antipod,đối cực
antitez,phản đề
apoteoz,thần hóa
apozici,đồng cách
arabesk,hoa văn
arkaism,cổ ngữ
asonanc,vần điệu
atavism,lại giống
atribut,thuộc tính
aŭreol,hào quang
bankier,chủ ngân hàng
barikad,rào chắn
bariton,bariton
bastard,con hoang
bazilik,vương cung thánh đường
biograf,nhà viết tiểu sử
biologi,sinh học
bisturi,dao mổ
bombast,khoa trương
botanik,thực vật học
celuloz,xenluloza
ceramik,gốm
cilindr,trụ
cistern,bể chứa
citadel,thành lũy
ĉevron,dầm hỗ trợ
demagog,kẻ mị dân
diagnoz,chẩn đoán
dialekt,phương ngữ
diametr,đường kính
difteri,bạch hầu
diftong,nguyên âm đôi
dinamik,động lực học
dinamit,thuốc nổ
dinasti,triều đại
doktrin,học thuyết
ekspres,tàu tốc hành
eliksir,thuốc tiên
eminenc,đức hồng y
epiderm,biểu bì
epifani,Lễ Hiển Linh
epigraf,chữ khắc
epigram,châm ngôn
erudici,uyên bác
estetik,thẩm mỹ
etim/olog##,etim/olog##
etiolog,nhà bệnh học
evoluci,tiến hóa
farmaci,dược学
filolog,nhà ngữ văn
filozof,triết gia
fonetik,ngữ âm
fronton,đầu hồi
gangren,hoại thư
gardeni,dành dành
gencian,cây long đởm
geodezi,trắc địa học
geograf,nhà địa lý
geologi,địa chất học
geometr,hình học
gerundi,động danh từ
gilotin,máy chém
gimnast,huấn luyện viên
gimnazi,trường cấp hai
guberni,tỉnh
hiacint,dạ lan hương
hipotek,thế chấp
hipotez,giả thuyết
histeri,cuồng loạn
homonim,đồng âm
ĥirurg,bác sĩ phẫu thuật
judaism,Do Thái giáo
ĵargon,biệt ngữ
kalomel,calomel
kanaben,chim sẻ hồng
kanibal,ăn thịt người
kanonik,giáo sĩ
kaporal,hạ sĩ
karamel,kẹo caramel
karavan,đoàn xe
kartuŝ,cuộn giấy
katolik,Công giáo
kazemat,pháo đài
komplot,âm mưu
koncesi,nhượng quyền
kontakt,liên hệ
korsaĵ,áo nịt
kreozot,creozot
kriteri,tiêu chuẩn
kvadril,khiêu vũ
kvestor,quan chức
letargi,hôn mê
liturgi,nghi lễ
lozanĝ,hình thoi
lumbrik,giun đất
mahagon,gỗ gụ
majolik,gốm majolica
makadam,đá dăm
makaron,bánh ngọt
malakit,đá lông công
mansard,gác mái
marĝen,lề
matador,đấu sĩ
mekanik,cơ học
merlang,cá merlan
metafor,ẩn dụ
minaret,tháp minaret
mirabel,mận vàng
molekul,phân tử
monarki,quân chủ
monolog,độc thoại
monopol,độc quyền
nikotin,nicotin
obelisk,tháp đá
oleandr,trúc đào
oligark,đầu sỏ
omnibus,xe ngựa
onobrik,cỏ đậu sainfoin
optativ,thức cầu mong
pacient,bệnh nhân
palinur,tôm hùm
pamflet,sách châm biếm
panoram,toàn cảnh
papirus,giấy cói
parabol,parabol
parafin,parafin
paskvil,châm biếm
paŝtel,phấn màu
patolog,nhà bệnh lý
patrici,quý tộc
patriot,yêu nước
pedagog,nhà giáo
pelerin,áo choàng
pension,nhà trọ
percept,nhận thức
pilastr,trụ tường
piramid,kim tự tháp
plagiat,đạo văn
plantag,mã đề
polemik,tranh luận
prefekt,tỉnh trưởng
procesi,diễu hành
prognoz,dự báo
prozodi,phép thơ
puritan,thanh giáo
retorik,hùng biện
revizor,kiểm toán viên
samovar,samovar
sarkasm,mỉa mai
segment,đoạn thẳng
sekreci,tiết ra
semafor,tín hiệu
serenad,dạ khúc
sifilis,giang mai
simetri,đối xứng
simfoni,giao hưởng
simptom,triệu chứng
sinagog,giáo đường
sinedri,tòa án
sinonim,đồng nghĩa
sintaks,cú pháp
skandal,tai tiếng
skrupul,tỉ mỉ
stearin,stearin
sugesti,gợi ý
ŝiling,sơ-linh
taburet,ghế đẩu
tangent,tiếp tuyến
teokrat,thần quyền
teologi,thần học
trombon,kèn trombon
ultimat,tối hậu thư
uvertur,khúc dạo đầu
variant,biến thể
vazelin,vazơlin
verdikt,phán quyết
veteran,cựu binh
vokativ,hô cách
abnegaci,từ bỏ bản thân
adjutant,phó tá
aeroplan,máy bay
agronomi,nông học
akvafort,khắc axit
akvilegi,hoa bồ câu
alabastr,thạch cao
aligator,cá sấu
ambulanc,xe cứu thương
antipati,ác cảm
antologi,tuyển tập
apostrof,dấu nháy đơn
arbalest,nỏ
areometr,tỉ trọng kế
arkeolog,nhà khảo cổ
arkitekt,kiến trúc sư
artileri,pháo binh
astrolog,nhà chiêm tinh
astronom,nhà thiên văn
atmosfer,khí quyển
aŭdienc,tiếp kiến
balistik,đạn đạo học
balzamin,balsam
banderol,băng giấy
barelief,phù điêu
batalion,tiểu đoàn
bazilisk,tử xà
biografi,tiểu sử
ceremoni,lễ nghi
dekadenc,suy tàn
delegaci,phái đoàn
demagogi,kích động
demokrat,dân chủ
diafragm,cơ hoành
diagonal,đường chéo
diapazon,âm thoa
didaktik,giáo dục
difterit,bệnh bạch hầu
diktator,độc tài
disĉipl,đệ tử
dispepsi,khó tiêu
ditiramb,thơ ca tụng
dromedar,lạc đà
ekstrakt,trích xuất
epilepsi,động kinh
erizipel,bệnh hồng ban
etimologi##,etimologi##
etiologi,nguyên nhân học
etnograf,nhà dân tộc học
evangeli,phúc âm
faksimil,bản sao
fakultat,khoa
felieton,phần phụ
feminism,nữ quyền
feminist,người ủng hộ nữ quyền
filologi,nghiên cứu văn học
filozofi,triết học
fiziolog,nhà sinh lý học
fonograf,máy hát ống
galantin,galantin
garnitur,trang trí
garnizon,đồn trú
genealog,nhà phả hệ
geometri,hình học
glicerin,glyxerin
gliciriz,cam thảo
grafolog,chuyên gia chữ viết tay
gramofon,máy hát
gutaperk,gutta-percha
halebard,rìu chiến
harmonik,đàn harmonica
hegemoni,bá quyền
hekatomb,tế lễ lớn
hierarki,hệ thống cấp bậc
hipodrom,trường đua
honorari,thù lao
horoskop,tử vi
hortensi,cẩm tú cầu
ĥirurgi,phẫu thuật
idiotism,thành ngữ
imperial,tầng trên xe
indiĝen,bản địa
inkognit,ẩn danh
intervju,phỏng vấn
kalendul,cúc vạn thọ
kardinal,hồng y
katafalk,bàn linh cữu
katakomb,hầm mộ
katedral,nhà thờ lớn
katekist,giáo lý viên
kavaleri,kỵ binh
komandit,công ty hợp danh
konfekci,quần áo may sẵn
konflikt,xung đột
kontralt,giọng nữ trầm
kontrast,tương phản
konvenci,hiệp ước
kosmetik,mỹ phẩm
kreditor,chủ nợ
ksilofon,đàn gõ
kvocient,thương
labirint,mê cung
laŭreat,quán quân
logaritm,logarit
logogrif,câu đố
makaroni,mì ống
mandaren,quan lại
mandolin,măng-đô-lin
manifest,tuyên bố
manometr,áp kế
margarin,bơ thực vật
marionet,rối
maŭzole,lăng mộ
mekanism,cơ chế
melodram,kịch bi
meridian,kinh tuyến
metronom,máy nhịp
metropol,đô thị
mikrofon,micrô
miniatur,thu nhỏ
monogram,chữ lồng
monomani,ám ảnh đơn
naftalin,naphtalen
narkotik,thuốc mê
navigaci,điều hướng
nekrolog,cáo phó
nepotism,ưu ái người thân
nihilism,hư vô
nihilist,hư vô chủ nghĩa
nostalgi,hoài niệm
numismat,nhà tiền tệ học
obligaci,trái phiếu
oligarĥ,đầu sỏ
oligarki,đầu sỏ trị
optimism,lạc quan
optimist,người lạc quan
organism,sinh vật
orografi,địa hình học
pacifism,chủ nghĩa hòa bình
pacifist,người hòa bình
palanken,kiệu
panteism,thuyết vạn vật hữu thần
panteist,thuyết vạn vật nhất thể
pantomim,kịch câm
paradigm,mẫu hình
parafraz,diễn giải
paragraf,đoạn
partitur,bản nhạc
patologi,bệnh lý học
pedagogi,giáo dục
perimetr,chu viền
peristil,hành lang cột
pesimism,bi quan
pesimist,bi quan
pleonasm,dư thừa
poliglot,đa ngữ
preterit,quá khứ
procedur,thủ tục
projekci,chiếu
proporci,tỷ lệ
prospekt,tờ rơi
protokol,biên bản
prototip,mẫu gốc
prozelit,tín đồ
psikolog,tâm lý học
referenc,tham khảo
renesanc,phục hưng
reputaci,danh tiếng
revelaci,mặc khải
revolver,súng lục
rojalist,người ủng hộ vua
sacerdot,linh mục
sakristi,phòng thánh
sarkofag,quan tài đá
seminari,hội thảo
sensaci,giật gân
sfinkter,cơ vòng
silogism,tam đoạn luận
solecism,lỗi ngữ pháp
stipendi,học bổng
strategi,chiến lược
subvenci,trợ cấp
talisman,bùa hộ mệnh
tamburin,trống lục lạc
tarantel,tarantella
tarantul,nhện lớn
teleskop,kính viễn vọng
teokrati,thần quyền
tipograf,thợ in chữ
topograf,nhà địa hình
toreador,đấu sĩ bò tót
transept,gianh ngang
tuberkul,nốt
amfiteatr,đấu trường
apopleksi,đột quỵ
arbitraci,phân xử
arĥeolog,nhà khảo cổ
arĥitekt,kiến trúc sư
aritmetik,số học
arkeologi,khảo cổ học
arkipelag,quần đảo
astrologi,chiêm tinh
astronomi,thiên văn học
aŭditori,khán phòng
aŭtograf,chữ ký
aŭtokrat,chuyên quyền
deklaraci,tuyên bố
demokrati,dân chủ
dialektik,biện chứng
disciplin,kỷ luật
disenteri,kiết lỵ
entomolog,nhà côn trùng học
etnografi,dân tộc học
filantrop,nhà từ thiện
fiziologi,sinh lý học
fizionomi,tướng mạo
fotografi,nhiếp ảnh
genealogi,phả hệ học
gladiator,đấu sĩ
grafologi,phân tích chữ viết
harmonium,đàn harmonium
heksametr,thơ lục bát
heliotrop,cây hướng dương
hidrofobi,sợ nước
hieroglif,chữ tượng hình
higrometr,ẩm kế
hipopotam,hà mã
homeopati,vi lượng đồng căn
ideografi,chữ tượng hình
imperativ,mệnh lệnh
imperfekt,quá khứ không hoàn chỉnh
impresari,bầu sô
indikativ,lối chỉ định
infanteri,bộ binh
infinitiv,động từ nguyên mẫu
inkvizici,tòa án tôn giáo
intendant,quản lý
kabriolet,xe mui trần
kandelabr,chân nến
karikatur,biếm họa
kartograf,người vẽ bản đồ
kastanjet,catanhẹt
katalepsi,bất động
katastrof,thảm họa
kateĥist,giáo lý viên
kompromis,thỏa hiệp
konduktor,nhân viên soát vé
konkurenc,cạnh tranh
kontinent,lục địa
kontrabas,đàn contrabass
konvolvul,bìm bàm
kosmogoni,vũ trụ học
kosmograf,nhà vũ trụ học
krizantem,cúc
kronologi,niên đại học
kronometr,đồng hồ đo thời gian
krucifiks,thánh giá
kvadratur,phép cầu tích
litografi,in thạch bản
lokomobil,động cơ kéo
melankoli,u sầu
metafizik,siêu hình học
mikrometr,vi kế vi mô
mikroskop,kính hiển vi
mineralog,nhà khoáng vật
monoteism,nhất thần giáo
neologism,từ mới
oligarĥi,đầu sỏ
ornitolog,nhà điểu học
ostracism,khai trừ
paleograf,nhà cổ văn học
palisandr,cây hồng mộc
paroksism,cơn kịch phát
pentametr,ngũ bộ thơ
plutokrat,tài phiệt
politeism,đa thần giáo
providenc,sự quan phòng
pulĉinel,rối đấm bốc
purgatori,luyện ngục
recitativ,xướng ngâm
reformaci,cải cách tôn giáo
rekrement,cặn bã
repertuar,tiết mục
rezignaci,từ bỏ
sakrament,bí tích
sekundant,người phụ tá
skarlatin,sốt đỏ tươi
skolastik,giáo điều
somnambul,mộng du
sortiment,bộ sưu tập
spekulaci,đầu cơ
spirit/ism##,spirit/ism##
spirit/ist##,spirit/ist##
stalagmit,thạch nhũ
stalaktit,thạch nhũ
statistik,thống kê
ŝovinism,chủ nghĩa sô vanh
ŝovinist,người sô vanh
tipografi,in ấn
topografi,địa hình học
velociped,xe đạp cũ
veterinar,thú y
vivisekci,giải phẫu sống
abiturient,tốt nghiệp
alternativ,lựa chọn
anakronism,lỗi thời
antropolog,nhà nhân học
arĥeologi,khảo cổ học
arĥipelag,quần đảo
aristokrat,quý tộc
arkitektur,kiến trúc
aŭtokrati,chuyên chế
beletristik,văn chương
bibliograf,thư mục học
civilizaci,văn minh
dinamometr,đồng hồ đo lực
ekskrement,phân
entomologi,côn trùng học
eŭkaristi,thánh thể
filantropi,nhân ái
hipertrofi,phì đại
ingredienc,thành phần
inkvizitor,thẩm tra viên
kartografi,bản đồ học
koeficient,hệ số
kompliment,khen ngợi
kongregaci,giáo đoàn
konsistori,hội nghị giáo hội
kontraband,buôn lậu
kontribuci,bồi thường
kosmografi,vũ trụ học
kosmopolit,người quốc tế
krestomati,tuyển tập
kvintesenc,tinh túy
manufaktur,xưởng
manuskript,bản thảo
metamorfoz,biến hình
meteorolog,nhà khí tượng
mineralogi,khoáng học
naturalism,chủ nghĩa tự nhiên
numismatik,tiền cổ học
ornitologi,điểu học
paleografi,cổ văn học
perspektiv,triển vọng
plutokrati,chính trị tài phiệt
pneŭmatik,lốp xe
prerogativ,đặc quyền
pseŭdonim,bí danh
stenografi,tốc ký
subjunktiv,giả định cách
superlativ,cấp cao nhất
tuberkuloz,lao phổi
admiralitat,hải quân
antropologi,nhân học
aristokrati,quý tộc
bibliografi,thư mục học
cirkumfleks,dấu mũ
demonstraci,chứng minh
departement,bộ phận
enciklopedi,bách khoa toàn thư
hermafrodit,lưỡng tính
hidrostatik,thủy tĩnh học
hidroterapi,thủy liệu pháp
imperialism,chủ nghĩa đế quốc
inaŭguraci,khánh thành
kalejdoskop,kính vạn hoa
kondicional,thì điều kiện
konfederaci,liên bang
konglomerat,đá kết hợp
kontrapunkt,đối âm
manifestaci,biểu tình
metempsikoz,luân hồi
meteorologi,khí tượng học
observatori,đài quan sát
paleontolog,nhà cổ sinh học
pleŭronekt,cá bơn
protagonist,vai chính
protektorat,bảo hộ quốc
pseŭd,giả
racional/ism##,racional/ism##
racional/ist##,racional/ist##
reŭmatism,bệnh thấp khớp
temperament,tính khí
tragikomedi,bi kịch hài
administraci,quản lý
demonstrativ,chỉ định từ
konservatori,nhạc viện
paleontologi,cổ sinh học
paralelogram,hình bình hành
spiritualism,duy tâm
spiritualist,duy tâm
trigonometri,hình học tam giác
aŭtobiografi,tự truyện
t.e.,tức là
k.t.p.,v.v.
kiom,bao nhiêu
kiom##,kiom##
kiom##,kiom##
dum,trong lúc
dum##,dum##
ĝis,tạm biệt
ĝis##,ĝis##
anstataŭ,thay
anstataŭ##,anstataŭ##
kiu##,kiu##
kiu,ai
tiu##,tiu##
tiu,đó
ĉiu,mọi
ĉiu##,ĉiu##
neniu,không ai
neniu##,neniu##
ambaŭ,cả hai
ambaŭ##,ambaŭ##
tiu ĉi##,tiu ĉi##
tiu ĉi##,tiu ĉi##
fiks,cố định
fiks##,fiks##
fals,giả
fals##,fals##
ĉu##,ĉu##
ĉu,không?
kial,tại sao
kial##,kial##
kiel,như
kiel##,kiel##
tamen,tuy nhiên
tamen##,tamen##
apenaŭ,vừa đủ
apenaŭ##,apenaŭ##
kvazaŭ,như thể
kvazaŭ##,kvazaŭ##
ĉirkaŭ,xung quanh
ĉirkaŭ##,ĉirkaŭ##
precip##,precip##
precip,chính
tut,toàn bộ
tut##,tut##
rest##,rest##
rest,còn lại
ĉiel,trên trời
ĉiel##,ĉiel##
interes,hấp dẫn
interes##,interes##
lig,kết nối
lig##,lig##
rul,lăn
rul##,rul##
arm##,arm##
arm,vũ khí
fos,đào
fos##,fos##
plant,trồng
plant##,plant##
orient##,orient##
orient,hướng đông
fald,gấp
fald##,fald##
kaj,và
kaj##,kaj##
amas,đông đúc
amas##,amas##
kopi,sao chép
kopi##,kopi##
fotograf,chụp ảnh
fotograf##,fotograf##
ĉar,"vì, xe ngựa"
ĉar##,ĉar##
fikci##,fikci##
fikci,hư cấu
nul,không
nul##,nul##
klar##,klar##
klar,rõ ràng
artikol,bài viết
artikol##,artikol##
aŭgust,tháng 8
aŭgust##,aŭgust##
por,để
por##,por##
opozici,phản đối
opozici##,opozici##
fot,chụp ảnh
vibr,rung động
oscil,dao động
fluktu,dao động
indigo,chàm
ad##,ad##
ad,liên tục
ag,hành động
al,tới
am,yêu
an,thành viên
ar,tập thể
as,hiện tại
at,đang
av,ông
bo,hôn nhân
ci,mày
da,của
de,"của, từ"
di,thần
Di##,Di##
do,vậy
du,hai
ec,tính chất
eg,to lớn
ej,nơi chốn
ek,bắt đầu
el,từ
em,khuynh hướng
en,trong
er,hạt
et,nhỏ
fe,tiên
fi##,fi##
fi,bẩn
ge,nam-nữ
ha,a!
he,này!
ho,ồ
ia,kêu be be
id,con cháu
ie,nơi nào đó
ig,làm cho
il,công cụ
in,nữ
io,gì đó
ir,đi
is,đã
it,xong
iu##,iu##
iu,ai đó
ja,thực sự
je,vào
ju,càng
ke,rằng
l',định từ
la,cái
li,anh ấy
lu,thuê
mi,tôi
ne,không
ni,chúng tôi
nj,bé gái
nu,giờ
od,thơ ca
ok,tám
ol,hơn
on,phân số
op,chung
or,vàng
os,tương lai
ot,chưa bắt đầu
ov,trứng
pi,mộ đạo
po,mỗi
re,lại
se,nếu
si,mình
te,trà
uj,hộp
ul,người
um,không xác định
ur,bò rừng
us,điều kiện
uz,dùng
ve,than ôi
vi,bạn
homeopat,bác sĩ đồng căn
zoolog,nhà động vật học