###❝Radice esperanto❞,Le righe contrassegnate come ❝(esattamente uguale) radice esperanto❞ hanno la stessa priorità di quelle con una stringa corrispondente sostitutiva  ma indicano in realtà che non viene effettuata alcuna sostituzione di caratteri (kanji).					
Radice esperanto##,Traduzione italiana con annotazioni ruby##
adiaŭ,addio
bis,bis
hura,evviva
ŭa,evviva!
kia,che tipo di
tia,tale
ĉia,ogni
kies,di chi
nenia,nessun
ali,altro
alt,alto
bel,bello
bon,buono
jun,giovane
nov,nuovo
sam,stesso
fort,forte
grav,importante
kelk,alcuni
last,ultimo
long,lungo
mult,molti
plen,pieno
riĉ,ricco
ruĝ,rosso
facil,facile
grand,grande
liber,libero
rapid,veloce
feliĉ,felice
proksim,vicino
fru,presto
pur,puro
sol,solo
ver,vero
cert,certo
nigr,nero
varm,caldo
afabl,amichevole
blank,bianco
dolĉ,dolce
neces,necessario
propr,proprio
simpl,semplice
dekstr,destro
kuraĝ,coraggioso
trankvil,calmo
blu,blu
dik,grosso
gaj,allegro
hel,luminoso
kar,caro
lac,stanco
san,sano
sat,sazio
just,giusto
prav,giusto
pret,pronto
util,utile
verd,verde
apart,separato
atent,attento
fremd,straniero
ĝust,corretto
komun,comune
larĝ,ampio
agrabl,piacevole
divers,vari
intern,interno
sufiĉ,sufficiente
kontent,soddisfatto
profund,profondo
mol,morbido
pez,pesante
sek,secco
brun,bruno
egal,uguale
flav,giallo
griz,grigio
kulp,colpevole
lert,abile
rekt,dritto
saĝ,saggio
vast,ampio
ceter,restante
freŝ,fresco
simil,simile
kapabl,capace
serioz,serio
efektiv,reale
ordinar,comune
akr,acuto
fam,famoso
ies,di qualcuno
avar,avido
dens,denso
eben,piatto
fier,fiero
firm,solido
nepr,assoluto
plat,piatto
plur,plurale
surd,sordo
vigl,vivace
fidel,fedele
kviet,calmo
matur,maturo
sankt,sacro
spert,esperto
subit,improvviso
taŭg,adatto
honest,onesto
konven,adatto
plur,plurale
preciz,preciso
strang,strano
delikat,delicato
ĝentil,cortese
komfort,comodo
pacienc,paziente
special,speciale
ĝeneral,generale
konstant,costante
lam,zoppo
mut,muto
nud,nudo
pal,pallido
ruz,furbo
van,vano
acid,acido
glat,liscio
kler,colto
krud,grezzo
mild,mite
abund,abbondante
blind,cieco
blond,biondo
ĉarm,affascinante
etern,eterno
favor,favorevole
graci,grazioso
humil,umile
laŭt,forte
sever,rigido
stult,sciocco
fortik,robusto
frenez,pazzo
kurioz,strano
privat,privato
sincer,sincero
evident,chiaro
oportun,comodo
prudent,saggio
sci/vol##,sci/vol##
diligent,diligente
proksim/um##,proksim/um##
ard,ardente
avid,avido
brav,coraggioso
ebri,ubriaco
krut,ripido
naiv,ingenuo
nobl,nobile
sobr,sobrio
humid,umido
ident,identico
komik,comico
kripl,storpio
kruel,crudele
moder,moderato
sagac,astuto
seren,sereno
sprit,spiritoso
akurat,puntuale
fervor,ardente
inklin,incline
ĵaluz,geloso
kapric,capriccioso
modern,moderno
modest,modesto
nenies,di nessuno
normal,normale
sovaĝ,selvaggio
ekstrem,estremo
elegant,elegante
eminent,eminente
komplet,completo
oficial,ufficiale
perfekt,perfetto
probabl,probabile
reciprok,reciproco
indiferent,indifferente
inteligent,intelligente
amar,amaro
imun,immune
real,reale
ties,di quello
unik,unico
vant,vano
virg,vergine
aktiv,attivo
civil,civile
ĉies,di tutti
elast,elastico
human,umano
intim,intimo
kaduk,fatiscente
koket,civettuolo
lojal,leale
malic,malvagio
mir/ind##,mir/ind##
raŭk,rauca
rigid,rigido
sekur,sicuro
solen,solenne
tener,tenero
valid,valido
abrupt,brusco
absurd,assurdo
aktual,attuale
arbitr,arbitrario
aŭdac,audace
ekzakt,esatto
furioz,furioso
graved,incinta
klasik,classico
majest,maestoso
nervoz,agitato
oblikv,obliquo
obstin,ostinato
plen/aĝ##,plen/aĝ##
social,sociale
subtil,sottile
tragik,tragico
absolut,assoluto
kontant,contante
popular,popolare
relativ,relativo
sin/don##,sin/don##
solidar,solidale
vegetar,vegetariano
familiar,familiare
grandioz,grandioso
kolektiv,collettivo
sin/gard##,sin/gard##
kompetent,competente
universal,universale
kvit,libero
miop,miope
punc,rosso acceso
ranc,rancido
ĉast,casto
ekstr,extra
masiv,massiccio
antikv,antico
arogant,arrogante
konform,conforme
trivial,banale
elokvent,eloquente
kriminal,penale
predikat,predicato
akut,acuto
dual,duale
hirt,irto
kalv,calvo
banal,banale
cinik,cinico
gotik,gotico
inert,inerte
obtuz,ottuso
okult,occulto
pasiv,passivo
rigor,rigoroso
stoik,stoico
analog,analogo
anonim,anonimo
arkaik,arcaico
diafan,trasparente
efemer,effimero
erotik,erotico
fiktiv,fittizio
formal,formale
frivol,frivolo
intens,intenso
invers,inverso
konciz,conciso
konkav,concavo
mistik,mistico
neŭtr,neutro
vulgar,volgare
akcesor,secondario
apokrif,apocrifo
arĥaik,arcaico
burlesk,burlesco
decimal,decimale
diskret,discreto
fanatik,fanatico
grotesk,grottesco
konkret,concreto
kontinu,continuo
liberal,liberale
monoton,monotono
negativ,negativo
nominal,nominale
pozitiv,positivo
radikal,radicale
skeptik,scettico
solvent,solvente
abstrakt,astratto
aŭtonom,autonomo
eventual,eventuale
inkluziv,incluso
neŭtral,neutrale
objektiv,oggettivo
ortodoks,ortodosso
primitiv,primitivo
provizor,provvisorio
racional,razionale
romantik,romantico
sinoptik,sinottico
spontane,spontaneo
aŭtentik,autentico
definitiv,definitivo
ekskluziv,esclusivo
korelativ,correlato
respektiv,rispettivo
subjektiv,soggettivo
transitiv,transitivo
spekulativ,speculativo
impertinent,sfacciato
konservativ,conservatore
sentimental,sentimentale
dek,dieci
mil,mille
sep,sette
ses,sei
tri,tre
unu,uno
cent,cento
kvar,quattro
kvin,cinque
naŭ,nove
aŭ,o
nek,né né
sed,ma
kvankam,sebbene
plus,più
minus,meno
ĉe,presso
kun,con
per,tramite
pri,su
pro,per
sen,senza
sub,sotto
sur,su
tra,attraverso
apud,vicino
krom,oltre
laŭ,secondo
post,dopo
inter,tra
super,sopra
trans,oltre
antaŭ,davanti
ekster,fuori
preter,oltre
kontraŭ,contro
malgraŭ,nonostante
ĝi,esso
ili,loro
kio,cosa
oni,si
ŝi,lei
tio,quello
ĉio,tutto
nenio,niente
tio ĉi##,tio ĉi##
dis,separare
mal,opposto
ĉef,principale
eks,ex-
mis,errato
pra,antico
dev,dovere
dir,dire
don,dare
est,essere
far,fare
fin,finire
hav,avere
kon,conoscere
leg,leggere
lev,alzare
met,mettere
mov,muovere
pet,chiedere
pov,poter
rid,ridere
sci,sapere
sid,sedere
ten,tenere
ven,venire
vid,vedere
viv,vivo
vol,volere
ĝoj,gioire
help,aiutare
kred,credere
lern,imparare
loĝ,abitare
mort,morire
okaz,accadere
port,portare
pren,prendere
sekv,seguire
send,inviare
star,stare
dezir,desiderare
labor,lavorare
milit,guerreggiare
montr,mostrare
parol,parlare
ricev,ricevere
skrib,scrivere
ŝajn,sembrare
vetur,guidare
demand,chiedere
komenc,iniziare
kompren,capire
respond,rispondere
bat,colpire
fal,cadere
kri,gridare
kur,correre
las,lasciare
lum,luminoso
mir,meraviglia
pag,pagare
pas,passare
reg,dominare
son,suonare
tim,temere
tir,tirare
aŭd,udire
brul,bruciare
dank,ringraziare
dorm,dormire
ferm,chiudere
flug,volare
halt,fermare
ĵet,lanciare
kant,cantare
kost,costare
mank,mancare
nask,partorire
okup,occupare
pens,pensare
perd,perdere
prem,premere
prov,provare
sent,percepire
turn,girare
aĉet,comprare
atend,aspettare
bezon,necessitare
kresk,crescere
manĝ,mangiare
memor,ricordare
serĉ,cercare
trink,bere
konsil,consigliare
permes,permettere
postul,richiedere
rakont,narrare
rigard,guardare
rimark,notare
ŝanĝ,cambiare
vojaĝ,viaggiare
konstru,costruire
prezent,offrire
renkont,incontrare
bru,rumore
dub,dubitare
lav,lavare
lud,giocare
pen,sforzarsi
vek,svegliare
vok,chiamare
aper,apparire
bril,brillare
erar,sbagliare
fest,celebrare
frap,colpire
gajn,vincere
kapt,catturare
kaŝ,nascondere
kovr,coprire
kuir,cuocere
kuŝ,sdraiato
paŝ,camminare
plor,piangere
romp,rompere
salt,saltare
serv,servire
tuŝ,toccare
vend,vendere
zorg,curare
batal,combattere
elekt,scegliere
esper,sperare
koler,arrabbiarsi
mezur,misurare
opini,ritenere
ordon,comandare
plend,lamentarsi
ripoz,riposare
salut,salutare
sufer,soffrire
akcept,accettare
forges,dimenticare
kalkul,calcolare
komerc,commerciare
konduk,guidare
pardon,perdonare
silent,tacere
tranĉ,tagliare
konsent,accordare
aŭskult,ascoltare
ban,lavare
flu,fluire
kre,creare
mok,deridere
amuz,divertire
ĉes,cessare
efik,efficace
gard,sorvegliare
juĝ,giudicare
klin,piegare
pend,pendere
puŝ,spingere
spir,respirare
stud,studiare
ŝat,apprezzare
tond,tosare
traf,colpire
ating,raggiungere
decid,decidere
estim,stimare
invit,invitare
kurac,curare
marŝ,marciare
plaĉ,piacere
ripet,ripetere
ŝlos,chiudere
ŝtel,rubare
vizit,visitare
aranĝ,sistemare
ekzist,esistere
instru,insegnare
intenc,intendere
kompat,compatire
prefer,preferire
prepar,preparare
promen,passeggiare
promes,promettere
sukces,riuscire
konserv,conservare
bol,bollire
kis,baciare
obe,obbedire
paf,sparare
pel,spingere
pik,pungere
pun,punire
sav,salvare
tus,tossire
akir,ottenere
apog,sostenere
atak,attaccare
bala,spazzare
blov,soffiare
ĉas,cacciare
danc,ballare
eduk,educare
evit,evitare
fleg,curare
glit,scivolare
gvid,guidare
ĝen,disturbare
hejt,scaldare
hont,vergognarsi
imag,immaginare
imit,imitare
komb,pettinare
mend,ordinare
miks,mescolare
naĝ,nuotare
plug,arare
pres,stampare
soif,assetato
spez,transare
ŝir,strappare
trem,tremare
trov,trovare
venk,vincere
viŝ,cancellare
volv,avvolgere
anonc,annunciare
aprob,approvare
avert,avvertire
merit,meritare
minac,minacciare
pentr,dipingere
posed,possedere
preĝ,pregare
rifuz,rifiutare
rilat,relazionare
ripar,riparare
skrap,raschiare
ŝerc,scherzare
tromp,ingannare
defend,difendere
desegn,disegnare
esting,spegnere
inform,informare
kompar,confrontare
kondut,comportarsi
konfes,confessare
konsci,consapevole
kultur,coltivare
mensog,mentire
rezult,risultare
rikolt,raccogliere
streĉ,tendere
ŝovel,pale
akompan,accompagnare
aparten,appartenere
bedaŭr,rimpiangere
konsist,consistere
organiz,organizzare
progres,avanzare
respekt,rispettare
riproĉ,rimproverare
diferenc,differire
rekomend,raccomandare
korespond,corrispondere
enu,annoiarsi
fid,fidare
ĝu,godere
hak,tagliare
log,attrarre
pek,peccare
pes,pesare
raz,radere
dron,annegare
fajf,fischiare
fand,fondere
farm,affittare
fart,stare
frot,sfregare
ĝem,gemere
krev,scoppiare
kudr,cucire
mord,mordere
muel,macinare
nutr,nutrire
odor,odorare
rajd,cavalcare
solv,risolvere
taks,valutare
teks,tessere
tent,tentare
urĝ,urgente
babil,chiacchierare
detru,distruggere
difin,definire
distr,distrarre
diven,indovinare
divid,dividere
etend,estendere
evolu,evolvere
forĝ,forgiare
frand,deliziare
grimp,scalare
hezit,esitare
kroĉ,agganciare
laŭd,lodare
mason,costruire
ofert,offrire
ornam,decorare
petol,scherzare
sonĝ,sognare
stern,stendere
supoz,supporre
ŝirm,proteggere
ŝpar,risparmiare
ŝtop,bloccare
ŝuld,debitore
ŝvel,gonfiare
toler,sopportare
verŝ,versare
aspekt,sembrare
daŭr/ig##,daŭr/ig##
difekt,danneggiare
diskut,discutere
domaĝ,rimpiangere
ekscit,eccitare
ekzerc,allenare
esplor,indagare
esprim,esprimere
konsol,consolare
murmur,mormorare
prezid,presiedere
signif,significare
skulpt,scolpire
traduk,tradurre
ekskurs,gita
ekzamen,esaminare
komunik,comunicare
koncern,riguardare
konstat,verificare
protekt,proteggere
protest,protestare
renvers,rovesciare
surpriz,sorprendere
konsider,considerare
persekut,perseguitare
reprezent,rappresentare
bak,cuocere
ben,benedire
boj,abbaiare
bor,forare
ced,cedere
cit,citare
lek,leccare
rab,saccheggiare
rav,incantare
rem,remare
rev,sognare
seg,segare
sku,scuotere
ted,annoiare
teg,rivestire
abon,abbonare
dung,assumere
envi,invidiare
flar,annusare
fond,fondare
frit,friggere
friz,arricciare
gest,gesticolare
glad,stirare
glut,ingoiare
ĵur,giurare
kned,impastare
maĉ,masticare
melk,mungere
migr,migrare
munt,montare
ofer,offrire
pent,pentirsi
pruv,provare
pump,pompare
putr,marcire
ramp,strisciare
risk,rischiare
ronk,russare
rost,cuocere
sven,svenire
ŝov,spingere
ŝut,versare
tajl,tagliare
tord,torcere
tren,trascinare
vari,variare
velk,appassire
adici,aggiungere
admir,ammirare
admon,ammonire
adopt,adottare
akcel,accelerare
atest,certificare
ĉerp,attingere
degel,sciogliere
deleg,delegare
fleks,piegare
flirt,flirtare
hered,ereditare
influ,influenzare
kares,carezzare
medit,meditare
naŭz,nauseare
osced,sbadigliare
paŝt,pascolare
paŭz,pausa
pinĉ,pizzicare
plekt,intrecciare
regal,banchettare
ribel,ribellare
sopir,desiderare
sorĉ,incantare
strik,scioperare
sufok,soffocare
sving,agitare
ŝarg,caricare
ŝmir,ungere
trakt,gestire
tremp,immergere
afrank,affrancare
asekur,assicurare
balanc,oscillare
barakt,dibattersi
dediĉ,dedicare
deklar,dichiarare
destin,assegnare
disput,litigare
escept,escludere
festen,banchettare
frakas,frantumare
gratul,congratulare
ilustr,illustrare
import,importare
insist,insistere
instal,installare
instig,incitare
insult,insultare
komand,comandare
komisi,incaricare
konfid,fidare
konfit,conservare
konfuz,confondere
konkur,competere
kritik,criticare
observ,osservare
penetr,penetrare
perfid,tradire
proced,procedere
raport,riferire
reklam,pubblicizzare
rezign,rinunciare
rezist,resistere
rifuĝ,rifugiare
brak/um##,brak/um##
civiliz,civilizzare
ĉagren,irritare
de/pend##,de/pend##
disting,distinguere
eksplod,esplodere
garanti,garantire
komplez,gentile
kondamn,condannare
konfirm,confermare
konjekt,supporre
konklud,concludere
kontrol,verificare
konvink,convincere
operaci,operare
plen/um##,plen/um##
pretend,rivendicare
suspekt,sospettare
turment,tormentare
distribu,distribuire
fanfaron,vantarsi
kontrakt,contrattare
mastr/um##,mastr/um##
prokrast,rinviare
administr,gestire
el/turn/iĝ##,el/turn/iĝ##
entrepren,intraprendere
dec,adatto
juk,prudere
lul,cullare
vad,guadare
vag,vagare
vet,scommettere
vom,vomitare
zum,ronzare
ador,adorare
agit,agitare
akuz,accusare
alud,alludere
bapt,battezzare
bind,rilegare
blek,belare
bred,allevare
buĉ,macellare
ĉif,stropicciare
dikt,dettare
dres,addestrare
ekip,equipaggiare
est/ig##,est/ig##
fast,digiunare
flat,lusingare
flik,rammendare
fuĝ,fuggire
fuŝ,sbagliare
garn,rinforzare
grat,graffiare
hav/ig##,hav/ig##
izol,isolare
jung,aggiogare
lukt,lottare
muĝ,muggire
opon,opporsi
palp,palpare
pekl,salare
pere,perire
pli/ig##,pli/ig##
sark,zappare
sekc,tagliare
sorb,assorbire
spit,sfidare
suĉ,succhiare
svat,unire
tajp,digitare
tern,starnutire
tikl,solleticare
tint,tintinnare
trik,lavorare a maglia
trud,imporre
vart,curare
adapt,adattare
aplik,applicare
asert,affermare
asist,assistere
balot,votare
ĉe/est##,ĉe/est##
delir,delirare
depon,depositare
deput,delegare
enket,indagare
eskap,fuggire
falĉ,falciare
flagr,sfarfallare
for/est##,for/est##
grinc,scricchiolare
ignor,ignorare
impet,slancio
incit,provocare
indik,indicare
insid,insidiare
inund,inondare
kraĉ,sputare
liver,fornire
menci,menzionare
modif,modificare
ofend,offendere
rezon,ragionare
rivel,svelare
start,iniziare
susur,frusciare
ŝpin,filare
trejn,allenare
venĝ,vendicare
abstin,astenersi
aflikt,affliggere
altern,alternare
balbut,balbettare
cirkul,circolare
deĵor,servire
denunc,denunciare
de/ten##,de/ten##
dev/ont/ig##,dev/ont/ig##
digest,digerire
dispon,disporre
dorlot,coccolare
eksped,spedire
el/don##,el/don##
establ,fondare
flustr,sussurrare
grimac,smorfiare
grumbl,brontolare
implik,implicare
indign,indignarsi
indulg,perdonare
infekt,infettare
injekt,iniettare
inspir,ispirare
invent,inventare
klopod,tentare
kolizi,collidere
kombin,combinare
kompon,comporre
konsum,consumare
korekt,correggere
lubrik,lubrificare
manovr,manovrare
plonĝ,tuffarsi
preleg,tenere una lezione
propon,proporre
provok,provocare
recenz,recensire
redakt,modificare
redukt,ridurre
revizi,revisionare
ŝpruc,schizzare
aplaŭd,applaudire
blasfem,bestemmiare
bon/vol##,bon/vol##
brokant,barattare
eksport,esportare
ekzekut,giustiziare
gust/um##,gust/um##
iniciat,iniziare
kalumni,diffamare
kompens,compensare
komplik,complicare
kontest,contestare
manipul,manipolare
neglekt,trascurare
persist,perseverare
prononc,pronunciare
prosper,prosperare
reflekt,riflettere
re/form##,re/form##
subtrah,sottrarre
ŝancel,scuotere
televid,guardare TV
determin,determinare
ekspluat,sfruttare
koncentr,concentrare
mistifik,ingannare
preskrib,prescrivere
revoluci,rivoltare
riverenc,inchinarsi
interpret,interpretare
kompromit,compromettere
multiplik,moltiplicare
propagand,pubblicizzare
konversaci,conversare
interpelaci,interrogare
erp,erpice
kov,covare
lut,saldare
pep,cinguettare
tan,conciare
agac,irritare
brod,ricamare
brog,scottare
ĉiz,scolpire
edif,edificare
fajl,limare
krak,scoppiettare
kroz,navigare
pist,macinare
rasp,grattare
rast,rastrellare
rigl,serrare
rukt,ruttare
sibl,fischiare
skiz,schizzare
sput,sputare
steb,trapuntare
stuk,intonacare
ŝim,ammuffire
torn,tornire
trot,trotter
urin,urinare
varb,arruolare
adult,adulterare
afekt,affettare
akuŝ,partorire
arest,arrestare
asign,assegnare
atenc,attentare
draŝ,trebbiare
drink,bere
ekzil,esiliare
filtr,filtrare
infuz,infondere
kribr,setacciare
parad,sfilare
rabot,piallare
rafin,raffinare
satur,saturare
sieĝ,assediare
skerm,schermare
strab,strabico
ŝmac,schioccare
uzurp,usurpare
veget,vegetare
border,bordare
ĉikan,tormentare
degrad,degradare
diboĉ,dissoluto
distil,distillare
drapir,drappeggiare
gargar,gargarizzare
gravur,incidere
guvern,istruire
ilumin,illuminare
inokul,vaccinare
intrig,intrigare
ĵongl,giocolare
kartav,gutturale
kontuz,contundere
likvid,liquidare
makler,mediare
plaŭd,schizzare
predik,predicare
rembur,imbottire
ventol,ventilare
deĉifr,decifrare
degener,degenerare
diskont,scontare
ferment,fermentare
kalfatr,calafatare
kolport,vendere porta a porta
kompost,comporre
konspir,cospirare
konvert,convertire
paraliz,paralizzare
proklam,proclamare
singult,singhiozzare
ĉarpent,costruire
hipokrit,ipocrita
intermit,intermittente
konstern,sconcertare
marĉand,contrattare
kapitulac,arrendersi
kaŭteriz,cauterizzare
komentari,commentare
koment,commentare
poz,posare
vak,vuoto
boks,boxare
ĝir,trasferire
kirl,agitare
klak,cliccare
kluk,chiocciare
knar,stridere
murd,uccidere
pled,appellare
sond,sondare
tatu,tatuare
abdik,abdicare
abort,abortire
agoni,agonizzare
aklam,acclamare
amput,amputare
aneks,annettere
aspir,ambire
deriv,derivare
feder,federare
impon,imporre
invad,invadere
kaŭr,accovacciarsi
klaĉ,spettegolare
kliŝ,stereotipare
kotiz,contribuire
marin,marinare
miaŭ,miagolare
modul,modulare
refut,confutare
rikan,sogghignare
streb,sforzarsi
svarm,brulicare
ŝveb,fluttuare
absorb,assorbire
akapar,monopolizzare
analiz,analizzare
asimil,assimilare
asperg,spruzzare
atribu,attribuire
aŭgur,predire
bojkot,boicottare
cenzur,censurare
dedukt,dedurre
deklam,declamare
dekolt,scollare
indukt,indurre
kompil,compilare
konced,ammettere
konker,conquistare
korupt,corrompere
kverel,litigare
lament,lamentare
narkot,narcotizzare
stimul,incitare
strigl,strigliare
ŝrump,avvizzire
amortiz,ammortizzare
anticip,anticipare
apelaci,appellare
bankrot,fallire
bombard,bombardare
emancip,liberare
inspekt,ispezionare
katekiz,catechizzare
koincid,coincidere
konfisk,confiscare
konsekr,consacrare
konsult,consultare
legitim,legittimare
mobiliz,mobilitare
pilgrim,pellegrinare
improviz,improvvisare
inaŭgur,inaugurare
karambol,scontrare
kateĥiz,catechizzare
klasifik,classificare
kontribu,contribuire
litograf,litografare
prostitu,prostituire
centraliz,centralizzare
stenograf,stenografare
ekskomunik,scomunicare
karakteriz,caratterizzare
aĵ,cosa
ant,presente
ebl,possibile
iĝ,diventare
ind,degno
int,perfetto
ism,ismo
ist,ista
obl,volte
ont,futuro
estr,capo
aĉ,cattivo
ĉj##,ĉj##
end,necessario
ing,custodia
ajn,qualsiasi
ĉi##,ĉi##
eĉ##,eĉ##
for,lontano
iam,un tempo
iom,un po'
jam,già
jen,ecco
jes,sì
kie,dove
mem,sé stesso
nun,ora
nur,solo
pli,più
plu,più
tie,lì
tre,molto
tro,troppo
tuj,subito
ĉie,ovunque
ĵus,appena
kiam,quando
plej,massimo
tial,quindi
tiam,allora
tiel,così
tiom,tanto
ĉiam,sempre
nenie,in nessun luogo
ankaŭ,anche
neniam,mai
baldaŭ,presto
hieraŭ,ieri
hodiaŭ,oggi
morgaŭ,domani
tie ĉi##,tie ĉi##
almenaŭ,almeno
ankoraŭ,ancora
preskaŭ,quasi
tiel ĉi##,tiel ĉi##
oft,spesso
ial,perché
iel,in qualche modo
volont,volontariamente
des,tanto più
neniom,nessun
ĉial,per ogni motivo
ĉiom,tutto
ia/foj##,ia/foj##
nenial,sen motivo
neniel,affatto
parker,a memoria
foj,volta
hom,uomo
jar,anno
kap,testa
kor,cuore
lok,luogo
man,mano
nom,nome
tag,giorno
ter,terra
vir,uomo
voj,via
afer,affare
amik,amico
form,forma
kamp,campo
land,paese
mond,mondo
naci,nazione
patr,padre
temp,tempo
vort,parola
flank,lato
infan,bambino
patr/in##,patr/in##
ĉambr,stanza
sinjor,signore
akv,acqua
arb,albero
art,arte
dom,casa
edz,sposo
fil,figlio
har,capello
hor,ora
lit,letto
mar,mare
mon,denaro
mur,muro
pac,pace
pec,pezzo
sun,sole
urb,città
bild,immagine
bird,uccello
buŝ,bocca
frat,fratello
hejm,casa
knab,ragazzo
kort,corte
libr,libro
mont,monte
okul,occhio
part,parte
pied,piede
pord,porta
rajt,diritto
tabl,tavolo
vent,vento
vest,abito
fingr,dito
frukt,frutto
kolor,colore
leter,lettera
lingv,lingua
maten,mattina
popol,popolo
punkt,punto
rimed,mezzi
valor,valore
ĉeval,cavallo
famili,famiglia
fraŭl,celibe
person,persona
semajn,settimana
vesper,sera
vizaĝ,viso
fenestr,finestra
aer,aria
aĝ,età
cel,scopo
fer,ferro
ide,idea
kat,gatto
kol,collo
mez,mezzo
naz,naso
nub,nuvola
ord,ordine
pan,pane
roz,rosa
best,animale
bord,riva
brak,braccio
dent,dente
fajr,fuoco
fiŝ,pesce
flor,fiore
glas,bicchiere
hund,cane
korp,corpo
lakt,latte
lign,legno
lini,linea
mark,segno
neĝ,neve
nokt,notte
onkl,zio
orel,orecchio
plum,penna
pluv,pioggia
rond,rotondo
sang,sangue
seĝ,sedia
spec,tipo
stat,stato
supr,cima
ŝip,nave
vitr,vetro
angul,angolo
daŭr,durata
dolor,dolore
gazet,rivista
kaŭz,causa
kutim,abitudine
minut,minuto
monat,mese
natur,natura
nombr,numero
paper,carta
plank,pavimento
river,fiume
somer,estate
staci,stazione
strat,strada
suker,zucchero
ŝton,pietra
vagon,vagone
veter,tempo
vintr,inverno
aŭtun,autunno
ĉapel,cappello
direkt,direzione
kolekt,raccolta
moment,istante
plezur,piacere
vilaĝ,villaggio
ekzempl,esempio
ĝarden,giardino
histori,storia
printemp,primavera
bov,bovino
ink,inchiostro
kaf,caffè
kok,pollo
kuk,torta
kuz,cugino
lag,lago
lim,confine
lun,luna
maj,maggio
pak,pacco
sak,sacco
sum,totale
tru,foro
vin,vino
anim,anima
azen,asino
benk,panca
dors,schiena
foli,foglia
font,sorgente
fund,fondo
genu,ginocchio
gren,cereale
grup,gruppo
herb,erba
juli,luglio
juni,giugno
kart,carta
klas,classe
korb,cesto
kruc,croce
krur,gamba
lang,lingua
leĝ,legge
lund,lunedì
mard,martedì
mart,marzo
ofic,ufficio
ombr,ombra
paĝ,pagina
pork,maiale
poŝ,tasca
radi,raggio
reĝ,re
senc,senso
stel,stella
ŝaf,pecora
verk,opera
voĉ,voce
adres,indirizzo
april,aprile
brust,petto
buter,burro
donac,dono
glaci,ghiaccio
kuler,cucchiaio
mastr,padrone
muzik,musica
numer,numero
poŝt,posta
prunt,prestito
sabat,sabato
ŝtat,stato
ŝtup,gradino
teler,piatto
terur,terrore
vapor,vapore
insekt,insetto
januar,gennaio
ĵaŭd,giovedì
kovert,busta
krajon,matita
manier,modo
objekt,oggetto
oktobr,ottobre
plafon,soffitto
region,regione
religi,religione
spirit,spirito
arĝent,argento
danĝer,pericolo
decembr,dicembre
dimanĉ,domenica
februar,febbraio
horloĝ,orologio
merkred,mercoledì
novembr,novembre
produkt,prodotto
vendred,venerdì
septembr,settembre
bar,ostacolo
bek,becco
fak,specialità
fum,fumo
gas,gas
gut,goccia
jak,giacca
kel,cantina
kuv,vasca
lip,labbro
nep,nipote
nev,nipote
not,nota
ole,olio
ond,onda
ost,osso
par,pari
pom,mela
pot,vaso
rad,ruota
ret,rete
sal,sale
sap,sapone
sem,seme
sud,sud
sup,zuppa
ŝu,scarpa
tas,tazza
tol,lino
tuk,stoffa
ung,unghia
val,valle
vic,fila
barb,barba
bros,spazzola
fakt,fatto
flag,bandiera
fork,forchetta
forn,forno
gast,ospite
gras,grasso
kapr,capra
karb,carbone
kest,scatola
korn,corno
krim,crimine
lamp,lampada
mebl,mobili
mien,aspetto
muŝ,mosca
nord,nord
past,pasta
pilk,palla
pint,punta
polv,polvere
pont,ponte
prez,prezzo
rand,bordo
regn,stato
seri,serie
sign,segno
sort,destino
spic,spezia
vang,guancia
vost,coda
vund,ferita
botel,bottiglia
buton,bottone
cifer,cifra
faden,filo
frunt,fronte
haŭt,pelle
honor,onore
insul,isola
kajer,quaderno
kamen,camino
legom,verdura
liter,lettera
metal,metallo
pingl,spillo
polic,polizia
polur,lucentezza
premi,premio
regul,regola
sezon,stagione
ŝanc,fortuna
ŝnur,corda
tabul,tavola
viand,carne
baston,bastone
branĉ,ramo
ĉemiz,camicia
doktor,dottore
kravat,cravatta
lecion,lezione
maŝin,macchina
milion,milione
najbar,vicino
parenc,parente
publik,pubblico
scienc,scienza
sekret,segreto
skatol,scatola
soldat,soldato
spegul,specchio
ŝarĝ,carico
ŝrank,armadio
tualet,toilette
ĉapitr,capitolo
fromaĝ,formaggio
kondiĉ,condizione
praktik,pratica
serpent,serpente
ŝtrump,calza
tegment,tetto
telefon,telefono
industri,industria
kilogram,chilo
okcident,ovest
pantalon,pantaloni
abi,abete
agl,aquila
ber,bacca
bot,stivale
bul,palla
dat,data
glu,colla
jup,gonna
kav,cavo
lan,lana
led,cuoio
mod,moda
mor,costumi
pin,pino
pip,tubo
piz,pisello
put,pozzo
rel,rotaia
riz,riso
rok,roccia
suk,succo
tem,tema
tub,tubo
tur,torre
vat,ovatta
vaz,vaso
zon,cintura
arme,esercito
bank,banca
bien,tenuta
bier,birra
bret,mensola
brik,mattone
cikl,ciclo
ĉap,berretto
drat,filo
epok,epoca
fask,fascio
feri,vacanza
film,film
flam,fiamma
flos,zattera
fojn,fieno
fulm,fulmine
glob,sfera
grad,grado
gust,sapore
kadr,cornice
krem,crema
kurb,curva
kurs,corso
larm,lacrima
leon,leone
litr,litro
luks,lusso
meti,mestiere
metr,metro
najl,chiodo
nest,nido
pajl,paglia
plac,piazza
plad,piatto
plan,piano
poet,poeta
pugn,pugno
ring,anello
sabl,sabbia
scen,scena
skal,scala
soci,sociale
spac,spazio
stal,stalla
task,compito
tomb,tomba
verm,verme
vers,verso
viol,viola
agord,accordo
balon,pallone
bilet,biglietto
burĝ,borghese
centr,centro
etaĝ,piano
farun,farina
figur,figura
frost,gelo
gorĝ,gola
grund,suolo
haven,porto
hotel,hotel
humor,umore
karot,carota
katar,catarro
kling,lama
koton,cotone
kvant,quantità
lepor,lepre
makul,macchia
manik,manica
membr,membro
mizer,miseria
nebul,nebbia
organ,organo
parti,fazione
pastr,prete
radik,radice
serur,lucchetto
solid,solido
sonor,rintocco
strek,linea
ŝvit,sudore
tabak,tabacco
tabel,tabella
titol,titolo
tondr,tuono
valiz,valigia
ventr,addome
alumet,fiammifero
aparat,dispositivo
brasik,cavolo
citron,limone
ĉifon,straccio
dekliv,pendio
dezert,deserto
elektr,elettricità
energi,energia
fianĉ,fidanzato
hirund,rondine
kelner,cameriere
kvalit,qualità
majstr,maestro
mantel,mantello
martel,martello
matrac,materasso
menton,mento
oranĝ,arancia
origin,origine
potenc,potenza
salajr,salario
sekund,secondo
societ,società
stomak,stomaco
ŝultr,spalla
tapiŝ,tappeto
tritik,grano
aventur,avventura
cigared,sigaretta
distanc,distanza
embaras,imbarazzo
kamarad,amico
kaserol,casseruola
komitat,comitato
kongres,congresso
kvadrat,quadrato
magazen,magazzino
pasport,passaporto
politik,politica
registr,registro
ter/pom##,ter/pom##
akcident,incidente
aŭtobus,bus
aŭtomat,automato
ĉokolad,cioccolato
direktor,direttore
instinkt,istinto
karakter,carattere
kaŭĉuk,gomma
material,materiale
standard,bandiera
telegraf,telegrafo
restoraci,ristorante
ark,arco
baz,base
beb,bambino
bub,monello
bud,capanna
fel,pelliccia
hok,gancio
huf,zoccolo
jur,legge
kas,cassa
kin,cinema
kom,virgola
kot,fango
lup,lupo
mam,seno
map,mappa
min,miniera
mus,topo
net,netto
nod,nodo
orf,orfano
ort,retto
pat,padella
pil,pila
pir,pera
pup,bambola
rat,ratto
rip,costola
rob,veste
tip,tipo
ton,tono
urs,orso
var,merce
vel,vela
vit,vite
abel,ape
aŭt,auto
bluz,camicetta
boat,barca
brov,sopracciglio
cerb,cervello
ĉek,assegno
ĉen,catena
disk,disco
dram,dramma
drap,stoffa
duŝ,doccia
ezok,luccio
farb,vernice
febr,febbre
fend,fenditura
foir,fiera
fost,palo
frag,fragola
fulg,fuliggine
funt,libbra
gant,guanto
geni,genio
glor,gloria
golf,baia
hajl,grandine
hero,eroe
kemi,chimica
kord,corda
kork,sughero
krad,griglia
kran,rubinetto
kret,gesso
kriz,crisi
kron,corona
kugl,proiettile
kupr,rame
lift,ascensore
list,lista
mast,albero
nadl,ago
nerv,nervo
oliv,oliva
park,parco
pasi,passione
pask,Pasqua
pelt,pelliccia
plet,vassoio
poem,poesia
proz,prosaico
pulm,polmone
pulv,polvere da sparo
rang,grado
revu,rivista
ritm,ritmo
seks,sesso
sens,senso
silk,seta
simi,scimmia
sojl,soglia
stil,stile
stri,striscia
ŝel,guscio
tend,tenda
verb,verbo
verg,verga
vert,sommità
vidv,vedovo
virt,virtù
vual,velo
vulp,volpe
afiŝ,manifesto
album,album
almoz,elemosina
arane,ragno
asoci,associazione
avenu,viale
aviad/il##,aviad/il##
barel,botte
bazar,mercato
betul,betulla
brems,freno
butik,negozio
detal,dettaglio
diabl,diavolo
emoci,emozione
enigm,enigma
esenc,essenza
faŭk,fauci
fizik,fisica
framb,lampone
grajn,granulo
ĥemi,chimica
ideal,ideale
juvel,gioiello
katen,catena
kitel,camice
kruĉ,brocca
krust,crosta
kubut,gomito
kukol,cuculo
kverk,quercia
lamen,strato
marĉ,palude
metod,metodo
model,modello
motor,motore
nivel,livello
palac,palazzo
panj,mamma
penik,pennello
pioĉ,piccone
plumb,piombo
poezi,poesia
salon,salotto
saŭc,salsa
sitel,secchio
sklav,schiavo
sport,sport
stamp,timbro
stang,asta
stump,ceppo
ŝtal,acciaio
ŝtof,stoffa
teatr,teatro
teori,teoria
teren,terreno
trajn,treno
trajt,tratto
trunk,tronco
venen,veleno
veŝt,gilet
abomen,orrore
anĝel,angelo
animal,animale
apetit,appetito
apotek,farmacia
benzin,benzina
bicikl,bici
bombon,caramella
cement,cemento
ĉeriz,ciliegia
desert,dolce
fabrik,fabbrica
financ,finanza
funebr,lutto
funkci,funzione
garaĝ,garage
imperi,impero
impost,tassa
impres,impressione
kalkan,tallone
kalson,mutande
kamion,camion
kandel,candela
kanzon,canzone
kastel,castello
klient,cliente
kol/um##,kol/um##
kurten,tenda
mandat,mandato
mister,mistero
moskit,zanzara
muskol,muscolo
ombrel,ombrello
paĉj,papà
parfum,profumo
patron,patrono
petrol,petrolio
posten,posto
pozici,posizione
proces,causa
profit,utile
proviz,scorta
pulvor,polvere
recept,ricetta
rekord,record
rezerv,riserva
signal,segnale
sistem,sistema
surfac,superficie
ŝofor,autista
tajlor,sarto
trezor,tesoro
trikot,maglia
vakcin,vaccino
advokat,avvocato
alkohol,alcol
ampleks,ampiezza
broŝur,opuscolo
bulvard,viale
deficit,deficit
ekonomi,economia
elefant,elefante
ĵurnal,giornale
kabinet,gabinetto
kapital,capitale
koncert,concerto
krepusk,crepuscolo
kvartal,quartiere
miliard,miliardo
pejzaĝ,paesaggio
problem,problema
profesi,professione
simpati,simpatia
student,studente
ŝraŭb,vite
tempest,tempesta
traktor,trattore
tri/angul##,tri/angul##
trotuar,marciapiede
adjektiv,aggettivo
dekoraci,decorazione
ekvilibr,equilibrio
esperant,speranza
hospital,ospedale
intelekt,intelletto
kalendar,calendario
kilometr,chilometro
komision,commissione
meĥanik,meccanica
milimetr,millimetro
original,originale
pretekst,pretesto
struktur,struttura
telegram,telegramma
tribunal,tribunale
bibliotek,biblioteca
fundament,base
inĝenier,ingegnere
konferenc,conferenza
konscienc,coscienza
literatur,letteratura
meĥanism,meccanismo
rekompenc,ricompensa
respublik,repubblica
sekretari,segretario
apartament,appartamento
aŭtomobil,auto
aŭtoritat,autorità
instrument,strumento
medikament,farmaco
temperatur,temperatura
cirkonstanc,circostanza
eksperiment,esperimento
mal/varm/um##,mal/varm/um##
ajl,aglio
akn,acne
aks,asse
akt,atto
ale,viale
alg,alga
apr,cinghiale
azi,Asia
bal,festa
bet,barbabietola
buk,fibbia
cep,cipolla
cir,lucido
dot,dote
eĥ,eco
fab,fava
fac,faccia
fag,faggio
fig,fico
gal,bile
gru,gru
gum,gomma
hal,sala
jug,giogo
kal,callo
kaz,caso
kub,cubo
lad,latta
lak,lacca
lap,bardana
lin,lino
lot,lotteria
luk,lucernario
mas,massa
mat,scacco matto
nuk,nuca
pap,papa
pav,pavone
pig,gazza
pus,pus
ran,rana
ren,rene
rib,ribes
rim,rima
rol,ruolo
ros,rugiada
sag,freccia
sin,seno
ski,sci
sof,divano
tig,gambo
tuf,ciuffo
tun,tonnellata
vip,frusta
akci,azione
atom,atomo
aven,avena
bant,fiocco
bark,barca
bask,basso
bend,nastro
blok,blocco
bors,borsa
bovl,ciotola
brid,freno
brut,bestia
bukl,riccio
bulb,bulbo
bulk,panino
cerv,cervo
cign,cigno
ĉel,cellula
dand,dandy
diet,dieta
dorn,spina
etap,tappa
etat,rendiconto
feĉ,feccia
felt,feltro
frak,frac
fraz,frase
fung,fungo
garb,fascio
gent,etnia
glav,spada
gobi,gobione
gram,grammo
greg,gregge
grip,influenza
grot,grotta
gudr,catrame
ĝib,gobba
heĝ,siepe
himn,inno
ĥor,coro
kaĉ,pappa
kaĝ,gabbia
kaka,cacao
kakt,cactus
karn,carne
karp,carpa
kejl,piolo
kern,nucleo
klub,club
korv,corvo
kosm,cosmo
kult,culto
laĉ,laccio
lard,lardo
larv,larva
lice,liceo
likv,liquido
lili,giglio
maiz,mais
malv,malva
mens,mente
menu,menu
miel,miele
musk,muschio
muze,museo
nuks,noce
oper,opera
oval,ovale
palm,palma
palt,cappotto
pane,guasto
perl,perla
pian,pianoforte
pice,abete
pipr,pepe
plag,piaga
prun,prugna
pudr,cipria
punt,merletto
raci,ragione
rent,rendita
ruin,rovina
rust,ruggine
situ,sito
sled,slitta
sorg,sorgo
spik,spiga
spur,traccia
stan,stagno
sulk,solco
takt,ritmo
tali,vita
tigr,tigre
tort,torta
tram,tram
trup,compagnia
vaks,cera
vejn,vena
vesp,vespa
vind,pannolino
zink,zinco
afrik,africano
agent,agente
akord,accordo
akrid,locusta
aktor,attore
alarm,allarme
ampol,ampolla
angil,anguilla
anser,oca
artik,articolazione
bacil,bacillo
bambu,bambù
banan,banana
brand,brandy
bronz,bronzo
buked,mazzo
cigar,sigaro
cikad,cicala
cinam,cannella
cindr,cenere
cirkl,cerchio
civit,città
ĉerk,bara
debet,debito
diant,garofano
dogan,dazio
efekt,effetto
ekran,schermo
emajl,smalto
event,evento
fabel,favola
fasad,facciata
fason,taglio
fluid,fluido
fotel,poltrona
front,fronte
funel,imbuto
ĝerm,germoglio
hepat,fegato
horde,orzo
infer,inferno
ironi,ironico
kaban,capanna
kahel,piastrella
kajut,cabina
kamel,cammello
kanal,canale
kankr,granchio
karaf,caraffa
kokos,cocco
krani,cranio
krest,cresta
kukum,cetriolo
kupon,buono
kusen,cuscino
latun,ottone
laŭb,pergolato
lekci,lezione
lesiv,liscivia
limak,lumaca
logik,logica
lotus,loto
melon,melone
moral,morale
muzel,muso
nilon,nylon
ocean,oceano
palat,palato
palis,palo
papag,pappagallo
paser,passero
pensi,pensione
peron,gradino
pilot,pilota
pland,pianta
plast,plastica
porci,quota
princ,principe
pupil,pupilla
rabat,sconto
rafan,rafano
raŭp,bruco
resum,sommario
rimen,cinghia
roman,romanzo
salat,insalata
salik,salice
satir,satira
sciur,scoiattolo
sekal,segale
sekci,sezione
senat,senato
split,scheggia
spong,spugna
stadi,fase
statu,statua
sterk,fertilizzante
strig,gufo
strut,struzzo
ŝink,prosciutto
ŝtip,tronco
tapet,carta da parati
tarif,tariffa
tegol,tegola
tekst,testo
teras,terrazza
tomat,pomodoro
tuber,nodo
tunel,tunnel
velur,velluto
veruk,verruca
vezik,vescica
volum,volume
adverb,avverbio
akcent,accento
alaŭd,allodola
amator,dilettante
amerik,America
arteri,arteria
asfalt,asfalto
aŭtor,autore
barbir,barbiere
buĝet,bilancio
bulten,bollettino
cikatr,cicatrice
cikoni,cicogna
cirkel,compasso
daktil,dattero
dialog,dialogo
ego/ist##,ego/ist##
eklezi,chiesa
emerit,pensionato
eŭrop,Europa
fajenc,maiolica
fazeol,fagiolo
fontan,fontana
formik,formica
formul,formula
fripon,furfante
furaĝ,foraggio
galoŝ,soprascarpe
gvardi,guardia élite
ĝemel,gemello
hangar,hangar
haring,aringa
hazard,caso
hektar,ettaro
herold,araldo
higien,igiene
impuls,impulso
insign,stemma
intest,intestino
jubile,giubileo
karton,cartone
kasked,berretto
kavern,caverna
kirurg,chirurgo
klimat,clima
klinik,clinica
kolegi,collegio
kolomb,colomba
kolumn,colonna
komedi,commedia
konsul,console
konval,mughetto
kornik,cornacchia
kostum,abito
kredit,credito
kukurb,zucca
kunikl,coniglio
kurent,corrente
lacert,lucertola
licenc,licenza
maleol,caviglia
materi,materia
mirtel,mirtillo
monstr,mostro
oficir,ufficiale
orator,oratore
papili,farfalla
pendol,pendolo
period,ciclo
persik,pesca
pionir,pioniere
planed,pianeta
platan,platano
plural,plurale
profet,profeta
prolet,proletario
pronom,pronome
reakci,reazionari
reĝim,regime
rivolu,rivoluzione
ruband,nastro
skorpi,scorpione
spinac,spinaci
stamen,stame
statur,statura
surtut,cappotto
ŝakal,sciacallo
ŝaŭm,schiuma
teknik,tecnica
testud,tartaruga
torent,torrente
trafik,traffico
tumult,tumulto
turism,turismo
turist,turista
vertic,vertice
viktim,vittima
violon,violino
vulkan,vulcano
vultur,avvoltoio
abrikot,albicocca
akademi,accademia
alfabet,alfabeto
alumini,alluminio
ambasad,ambasciata
anekdot,aneddoto
apertur,apertura
apostol,apostolo
asemble,assemblea
bagatel,inezia
bakteri,batterio
bandaĝ,fasciatura
bifstek,bistecca
budĝet,bilancio
burĝon,germoglio
central,centrale
cirkvit,circuito
ĉar/um##,ĉar/um##
dimensi,dimensione
ekvator,equatore
element,elemento
epidemi,epidemia
fantazi,fantasia
fenomen,fenomeno
gelaten,gelatina
general,generale
girland,ghirlanda
harmoni,armonia
instanc,istanza
invalid,invalido
kaldron,caldaia
kaŝtan,castagna
katalog,catalogo
kirurgi,chirurgia
kolonel,colonnello
komisar,commissario
kompani,ditta
koncept,concetto
konkord,armonia
konkurs,gara
koridor,corridoio
kristal,cristallo
lantern,lanterna
latitud,latitudine
medicin,medicina
mineral,minerale
minimum,minimo
ministr,ministro
obstakl,ostacolo
orkestr,orchestra
pacifik,Pacifico
palpebr,palpebra
pantofl,pantofole
paradiz,paradiso
paralel,parallela
plastik,plastica
portret,ritratto
princip,principio
program,programma
projekt,progetto
proverb,proverbio
provinc,provincia
rendevu,appuntamento
sin/ten##,sin/ten##
situaci,situazione
stadion,stadio
subjekt,tema
teĥnik,tecnica
tendenc,tendenza
tinktur,tintura
tradici,tradizione
tragedi,tragedia
traktat,trattato
trumpet,tromba
uniform,divisa
vegetal,pianta
viadukt,viadotto
volumen,volume
zoologi,zoologia
atlantik,Atlantico
avantaĝ,vantaggio
bracelet,bracciale
cirkuler,circolare
dokument,documento
federaci,federazione
generaci,generazione
geografi,geografia
gramatik,grammatica
ĝendarm,gendarme
horizont,orizzonte
individu,individuo
kandidat,candidato
karnaval,carnevale
kategori,categoria
komun/um##,komun/um##
krokodil,coccodrillo
longitud,longitudine
maksimum,massimo
marmelad,marmellata
monument,monumento
paraŝut,paracadute
pasaĝer,passeggero
pland/um##,pland/um##
porcelan,porcellana
procent,percento
profesor,professore
radiator,radiatore
regiment,reggimento
rekt/angul##,rekt/angul##
sandviĉ,panino
sindikat,sindacato
singular,singolare
specimen,campione
spektakl,spettacolo
substanc,sostanza
teritori,territorio
vertikal,verticale
ambasador,ambasciatore
aŭstrali,Australia
centimetr,centimetro
ekspozici,mostra
inspektor,ispettore
kalkan/um##,kalkan/um##
konfidenc,confidenza
lokomotiv,locomotiva
matematik,matematica
metalurgi,metallurgia
ministeri,ministero
najtingal,usignolo
ortografi,ortografia
parlament,parlamento
proletari,proletario
propozici,proposizione
psikologi,psicologia
suplement,supplemento
termometr,termometro
elektronik,elettronica
helikopter,elicottero
horizontal,orizzontale
komplement,complemento
konsekvenc,conseguenza
konstituci,costituzione
laboratori,laboratorio
leŭtenant,tenente
mediterane,Mediterraneo
substantiv,sostantivo
universitat,università
s-ro##,s-ro##
s-ino##,s-ino##
sinjor/in##,sinjor/in##
alk,alce
aln,ontano
ann,Anna
bed,aiuola
boa,boa
buf,rospo
cim,bug
col,pollice
dam,dama
dig,diga
duk,duca
fav,tigna
fok,foca
fut,piede
gad,merluzzo
gam,scala
gri,semolino
guf,gufo
huz,storione
kan,canna
ken,legno resinoso
ker,cuori
kil,chiglia
kuf,cuffia
kul,zanzara
kup,coppetta
laf,lava
lir,lira
lod,lotto
lol,loglio
mac,matzo
mel,tasso
mes,messa
mev,gabbiano
muf,muffola
muk,muco
mul,mulo
nap,rapa
peg,picchio
pol,polacco
pul,pulce
rap,rapa
rif,scogli
rod,ormeggio
rot,truppa
rub,macerie
rum,rum
rus,russo
seb,sego
sel,sella
tez,tesi
tul,tulle
ulm,olmo
uln,ulna
unc,oncia
urn,urna
vil,villo
abat,abate
acer,acero
akar,acaro
alte,ibisco
alun,allume
amel,amido
anas,anatra
angl,inglese
aniz,anice
ankr,ancora
arĉ,arco
arde,airone
aren,arena
atut,brisco
avel,nocciola
aviz,avviso
azot,azoto
bast,corteccia
bert,Berta
blat,scarafaggio
bram,bream
bran,crusca
burd,bombo
cedr,cedro
citr,cetra
ĉam,camoscio
ĉan,grilletto
dogm,dogma
drak,drago
drog,droga
ebon,ebano
eter,etere
fabl,favola
falk,falco
fibr,fibra
flan,flan
flok,fiocco
flut,flauto
fraj,uova
ftiz,tubercolosi
gajl,galla
gips,gesso
glan,ghianda
glim,mica
graf,conte
gril,grillo
gros,uva spina
gurd,organetto
ibis,ibis
idol,idolo
kalk,calce
kand,zucchero
kard,cardo
karo,quadri
kask,elmo
kaze,cagliata
kegl,birillo
klap,valvola
klav,tasto
kluz,chiusa
kojn,cuneo
koks,anca
konk,conchiglia
kren,rafano
krep,crepe
krop,gozzo
krup,croup
lake,servo
laks,diarrea
legi,legione
lent,lenticchia
lepr,lebbra
lian,liana
lien,milza
link,lince
liut,liuto
lojt,bottatrice
lorn,binocolo
lumb,lombo
lutr,lontra
magi,magia
mana,manna
mari,Maria
mask,maschera
maŝ,maglia
meĉ,stoppino
mejl,miglio
ment,menta
merl,merlo
mesi,messia
mili,miglio
mirh,mirra
mirt,mirto
misi,missione
mops,carlino
most,mosto
niĉ,nicchia
omar,aragosta
opal,opale
ostr,ostrica
paru,cinciallegra
peĉ,pece
pelv,bacinella
perk,persico
pest,peste
petr,Pietro
pini,pino
pips,pip
plik,treccia
plot,cavedano
popl,pioppo
pram,traghetto
sakr,sacro
salm,salmone
sepi,seppia
sofi,Sofia
sorp,sorbo
spat,spato
spin,spina
stab,stato maggiore
step,steppa
stip,stelo
stof,stoffa
stup,calafato
ŝak,scacchi
ŝal,scialle
ŝam,camoscio
taft,taffetà
talp,talpa
tetr,urogallo
tibi,tibia
tili,tiglio
tine,tarma
torf,torba
trab,trave
tref,fiori
tril,trillo
trip,trippa
trog,mangiatoia
tron,trono
truf,tartufo
trul,cazzuola
trut,trota
turd,tordo
turk,turco
turt,tortora
uter,utero
ŭat,watt
vafl,waffle
vals,valzer
vekt,bilancia
zebr,zebra
altar,altare
ambos,incudine
anton,Anton
ardez,ardesia
argil,argilla
aspid,aspide
balen,balena
barĉ,borscht
boben,bobina
brank,branchia
bubal,bufalo
bufed,buffet
cejan,fiordaliso
dativ,dativo
datur,datura
demon,demone
denar,denario
deviz,motto
domen,domino
embri,embrione
emili,Emilia
ermen,ermellino
ermit,eremita
facet,sfaccettatura
fazan,fagiano
femur,femore
filik,felce
flegm,calma
fokus,fuoco
franc,francese
frank,franco
fring,fringuello
galon,gallone
gazel,gazzella
genot,genetta
georg,Giorgio
gitar,chitarra
gland,ghiandola
groŝ,groschen
hebre,ebraico
heder,edera
herez,eresia
herni,ernia
hirud,sanguisuga
hosti,ostia
husar,ussaro
ĥaos,caos
idili,idillio
johan,Giovanni
jozef,Giuseppe
kalik,calice
kambi,cambiale
kamer,camera
kanab,canapa
kanap,divano
kapel,cappella
kapon,cappone
kapor,cappero
kapot,cappuccio
karas,carassio
karob,carruba
katun,cotone
kerub,cherubino
kiras,corazza
klaft,braccio
kloŝ,campana
koaks,coke
koleg,collega
kolon,colonna
komiz,commesso
komod,cassettiera
konus,cono
kopek,kopeck
koran,Corano
kramp,morsetto
kring,ciambella
krisp,balza
krist,Cristo
kupol,cupola
kvarc,quarzo
kvart,quarta
lanug,lanugine
laŭr,alloro
libel,libellula
liken,lichene
livre,livrea
loĝi,palco
lupol,luppolo
lustr,lampadario
luter,Lutero
medal,medaglia
meriz,ciliegia selvatica
moned,taccola
morus,gelso
moŝt,onorifico
negoc,commercio
nobel,nobile
novic,novizio
nuanc,sfumatura
oblat,ostia
okzal,acetosa
orden,onorificenza
orgen,organo
paĝi,paggio
papav,papavero
pariz,Parigi
paŭl,Paolo
pavim,pavimentazione
pedik,pidocchio
perĉ,perca
piked,sentinella
pilol,pillola
pirit,pirite
pirol,ciuffolotto
piroz,bruciore
piŝt,pistone
pluŝ,peluche
poent,punto
pokal,coppa
polus,polo
potas,potassa
prujn,brina
pudel,barboncino
pumik,pomice
punĉ,ponce
putor,puzzola
raben,rabbino
rapir,stocco
regol,regolo
rezin,resina
rostr,proboscide
ruben,rubino
safir,zaffiro
salvi,salvia
sigel,sigillo
silab,sillaba
silik,selce
silur,siluro
silvi,silvia
sirop,sciroppo
skabi,rogna
skadr,squadrone
skarp,sciarpa
skvam,squama
sorik,toporagno
spion,spia
spron,sperone
stabl,banco
sturg,storione
sturn,storno
ŝalm,piffero
ŝark,squalo
ŝelk,bretelle
ŝild,scudo
ŝind,tegola
ŝlim,fango
taban,tafano
tavol,strato
tempi,tempia
tetan,tetano
tetra,gallo cedrone
timon,timone
topaz,topazio
torĉ,torcia
tromb,tromba d'acqua
tulip,tulipano
ulcer,ulcera
urtik,ortica
vanil,vaniglia
vasal,vassallo
velen,pergamena
verst,versta
vezir,visir
vipur,vipera
vokal,vocale
zenit,zenit
zibel,zibellino
zizel,citello
absces,ascesso
absint,assenzio
alcion,martin pescatore
amfibi,anfibio
ananas,ananas
artrit,artrite
atripl,orache
berlin,Berlino
bismut,bismuto
boraks,borace
buljon,brodo
bulonj,Boulogne
buŝel,bushel
centim,centesimo
cikori,cicoria
cimbal,cembalo
cinabr,cinabro
cipres,cipresso
ĉarpi,garza
damask,damasco
delfen,delfino
didelf,opossum
embusk,imboscata
epolet,spallina
erinac,riccio
ernest,Ernesto
eskadr,squadrone
faktur,fattura
falbal,balza
fantom,fantasma
faring,faringe
fenkol,finocchio
ferdek,ponte
fistul,fistola
flanel,flanella
fosfor,fosforo
franĝ,frangia
furunk,foruncolo
fusten,fustagno
galeri,galleria
gamaŝ,ghetta
german,tedesco
granat,melagrana
granit,granito
grenad,granata
grifel,stilo
ĝiraf,giraffa
haladz,fetore
hamstr,criceto
hispan,spagnolo
ĥimer,chimera
ĥoler,colera
ingven,inguine
izrael,Israele
jasmen,gelsomino
kaleŝ,carrozza
kalvin,Calvino
kamfor,canfora
kamlot,camlet
kanajl,furfante
kanari,canarino
kantor,cantore
kanvas,tela
kapsul,capsula
kapuĉ,cappuccio
kardel,cardellino
karmin,carmine
karpen,carpino
kastor,castoro
kaviar,caviale
kobalt,cobalto
kobold,folletto
kolbas,salsiccia
kolibr,colibrì
kolimb,strolaga
kolubr,colubro
komuni,comunione
kontor,ufficio
kontur,contorno
kornic,cornice
korpus,corpo
koturn,quaglia
kraken,cracker
kratag,biancospino
krater,cratere
kronik,cronaca
kurier,corriere
lampir,lucciola
laring,laringe
lavang,valanga
legend,leggenda
lekant,margherita
lentug,lentiggine
levkoj,violaciocca
likvor,liquore
litani,litania
london,Londra
magnet,magnete
makzel,mascella
mangan,manganese
markot,stratificazione
marmor,marmo
marmot,marmotta
mastik,stucco
migdal,mandorla
miogal,toporagno
miozot,nontiscordardime
monaĥ,monaco
morbil,morbillo
morter,malta
muskat,noce moscata
muslin,mussola
mustel,donnola
nanken,nanchino
narcis,narciso
nikola,Nicola
notari,notaio
orakol,oracolo
paletr,tavolo
panter,pantera
parget,parquet
paroĥ,parrocchia
parter,platea
pastel,pastiglia
patent,brevetto
patrol,pattuglia
pfenig,pfennig
pistak,pistacchio
pistol,pistola
plastr,cerotto
platen,platino
ponard,pugnale
porfir,porfido
porter,porter
primol,primula
prunel,prugnolo
purpur,porpora
rekrut,recluta
rempar,bastione
risort,molla
rosmar,tricheco
rozari,rosario
rubrik,rubrica
safran,zafferano
sambuk,sambuco
sankci,sanzione
sardel,acciuga
sceptr,scettro
selakt,siero
servic,servizio
servut,servitù
siring,lilla
skapol,scapola
skarab,scarabeo
skolop,beccaccia
skurĝ,frusta
sofism,sofisma
sopran,soprano
spalir,filare
stefan,Stefano
sufiks,suffisso
sukcen,ambra
sulfur,zolfo
talent,talento
tambur,tamburo
tenden,tendine
teodor,Teodoro
termin,termine
testik,testicolo
timian,timo
tombak,ottone
traĥe,trachea
tremol,pioppo
tribun,tribuna
tropik,tropico
turban,turbante
turkis,turchese
turnir,torneo
urogal,gallo cedrone
variol,vaiolo
viburn,viburno
vikari,vicario
vinagr,aceto
vizier,visiera
volupt,voluttà
ablativ,ablativo
antimon,antimonio
arleken,buffone
arsenik,arsenico
artifik,artificio
asparag,asparago
bajonet,baionetta
bastion,bastione
beladon,belladonna
biskvit,biscotto
ĉampan,spumante
ĉarnir,cerniera
diamant,diamante
episkop,vescovo
eŝafod,patibolo
fraksen,frassino
frangol,frangola
fringel,lucherino
genitiv,genitivo
henriet,Enrietta
hidrarg,mercurio
hiskiam,giusquiamo
histrik,istrice
jugland,noce
juniper,ginepro
kalikot,calicò
kamizol,camiciola
kamomil,camomilla
kapitan,capitano
kapitel,capitello
kapreol,capriolo
kapucen,cappuccino
karaben,carabina
kartoĉ,cartuccia
karusel,giostra
kavalir,cavaliere
klarnet,clarinetto
klister,clistere
kokluŝ,pertosse
kolofon,resina
kompres,compresse
kurator,curatore
kvitanc,ricevuta
leontod,dente di leone
leopard,leopardo
limonad,limonata
lonicer,caprifoglio
ludovik,Ludovico
lunatik,pazzo
maroken,cuoio marocchino
marŝal,maresciallo
meleagr,tacchino
membran,membrana
miĥael,Michele
monarĥ,monarca
mustard,senape
negliĝ,negligee
nikodem,Nicodemo
novjork,New York
oksigen,ossigeno
oksikok,mirtillo
parazit,parassita
pasteĉ,pasticcio
pelikan,pellicano
perdrik,pernice
poligon,poligono
prefiks,prefisso
redakci,redazione
rinocer,rinoceronte
salpetr,salnitro
sentenc,massima
skarlat,scarlatto
skorbut,scorbuto
skrofol,scrofola
smerald,smeraldo
sterled,storione
stertor,ansimare
ŝiller,Schiller
umbilik,ombelico
univers,universo
varsovi,Varsavia
verdigr,verderame
vertebr,vertebra
vespert,pipistrello
vestibl,atrio
vilhelm,Guglielmo
virtuoz,virtuoso
vitriol,vitriolo
zingibr,zenzero
akcipitr,falco
akuzativ,accusativo
argument,argomento
arĥaism,arcaismo
artiŝok,carciofo
baldaken,baldacchino
briliant,gemma
diplomat,diplomatico
distrikt,distretto
elizabet,Elisabetta
fragment,frammento
framason,massone
frugileg,corvo
hidrogen,idrogeno
hortulan,ortolano
institut,istituto
kantarid,cantaride
kariofil,chiodo di garofano
kartilag,cartilagine
katarakt,cataratta
koĉenil,cocciniglia
kokcinel,coccinella
konvulsi,convulsione
leksikon,lessico
marcipan,marzapane
medalion,medaglione
monarĥi,monarchia
obstrukc,ostruzione
paradoks,paradosso
parentez,parentesi
particip,participio
pasament,passamaneria
pastinak,pastinaca
pergamen,pergamena
peritone,peritoneo
perlamot,madreperla
petromiz,lampreda
petrosel,prezzemolo
ranunkol,ranuncolo
redaktor,editore
rezultat,risultato
rosmaren,rosmarino
serĝent,sergente
sublimat,sublimato
taĉment,squadra
terebint,trementina
tornistr,zaino
zamenhof,Zamenhof
aleksandr,Alessandro
anunciaci,annunciazione
balustrad,balaustra
ĉambelan,ciambellano
ĉarlatan,ciarlatano
deklinaci,declinazione
diplomati,diplomazia
ekscelenc,eccellenza
ekzempler,copia
entuziasm,entusiasmo
fortepian,pianoforte
galanteri,toeletta
iĥtiokol,colla di pesce
instituci,istituzione
instrukci,istruzioni
kancelari,cancelleria
kancelier,cancelliere
kataplasm,cataplasma
kondolenc,condoglianze
konjugaci,coniugazione
konjunkci,congiunzione
konsonant,consonante
korporaci,corporazione
kvaranten,quarantena
nominativ,nominativo
pentekost,Pentecoste
piedestal,base
prepozici,preposizione
privilegi,privilegio
promontor,promontorio
salamandr,salamandra
testament,testamento
vermiĉel,vermicelli
interjekci,interiezione
superstiĉ,superstizione
vaŝington,Washington
violonĉel,violoncello
arĥitektur,architettura
interpunkci,punteggiatura
jork,York
parok,parrocchia
navig,navigazione
kaos,caos
kimer,chimera
korus,coro
monak,monaco
iktiokol,colla di pesce
ald,alto
alo,aloe
api,sedano
ari,aria
bas,basso
car,zar
dog,mastino
dok,darsena
doz,dose
ego,ego
elf,elfo
etn,etnico
faz,fase
fon,sfondo
fuk,alghe
gaz,garza
gem,gemma
hum,humus
jod,iodio
jud,ebreo
kep,berretto
lat,listello
lob,lobo
mim,mimo
mit,mito
muz,musa
nas,nassa
nav,navata
niz,astore
oaz,oasi
opi,oppio
puf,gonfiore
raj,razza
ras,razza
ref,rifo
rit,rito
rut,ruta
sod,soda
tif,tifo
tog,toga
viz,visto
agat,agata
aĝi,aggio
alen,punteruolo
ambr,ambra
amor,amore
aort,aorta
arom,aroma
astm,asma
astr,astro
azil,asilo
bard,bardo
bomb,bomba
bosk,boschetto
brom,bromo
bust,busto
cend,cent
cidr,sidro
cirk,circo
dali,dalia
dign,dignità
duel,duello
duet,duetto
ebur,avorio
eden,Eden
egid,scudo
erik,erica
etik,etica
etim,etimo
fars,farsa
fili,filiale
fisk,tesoro
furi,furia
gnom,gnomo
grog,grog
gruz,ghiaia
ĝin,gin
hidr,idra
hien,iena
irid,iris
iris,iride
istm,istmo
jesu,Gesù
junk,giunco
kabl,cavo
kali,potassio
kame,cammeo
kast,casta
klor,cloro
kofr,baule
kolz,colza
kont,conto
krab,granchio
kres,crescione
kupe,scompartimento
laik,laico
lama,lama
lanc,lancia
lens,lente
lord,lord
malt,malto
mani,mania
medi,ambiente
milv,nibbio
mitr,mitra
moru,merluzzo
mosk,muschio
mumi,mummia
naft,petrolio
negr,nero
nimb,aureola
norm,norma
obol,obolo
ogiv,ogiva
orgi,orgia
ozon,ozono
penc,penny
pleb,plebei
podi,podio
polk,polka
pomp,sfarzo
pore,porro
rabi,rabbia
rism,risma di carta
romb,rombo
rubl,rublo
sabr,sciabola
sagu,sago
sald,saldo
salv,salva
sekt,setta
sfer,sfera
skem,schema
skol,scuola
slip,scheda
sokl,base
sold,salario
sole,sogliola
spad,spada
ŝah,scià
talk,talco
teni,tenia
tiar,tiara
tink,tinca
tors,torso
tost,brindisi
trop,tropo
turb,trottola
ukaz,editto
ulan,ulano
uzur,usura
verv,verve
vink,pervinca
visk,vischio
vist,whist
vizi,visione
zuav,zuavo
abism,abisso
adept,adepto
afiks,affisso
afust,affusto
agraf,gancio
akaci,acacia
akciz,accisa
aksel,ascella
albin,albino
alibi,alibi
aline,rientro
alkov,nicchia
amfor,anfora
angin,angina
angor,angoscia
anten,antenna
apati,apatia
apoge,apogeo
arkad,arcata
arkiv,archivio
arnik,arnica
atlas,atlante
atlet,atleta
aviad,aereo
balad,ballata
balet,balletto
barak,baracca
baron,barone
basen,vasca
beril,berillo
bibli,Bibbia
bigot,fanatico
biret,berretto
bitum,bitume
bivak,bivacco
breĉ,breccia
broĉ,spilla
bronk,bronchiale
cigan,zingaro
cikut,cicuta
ĉifr,cifra
debat,dibattito
dekan,decano
dilem,dilemma
diluv,diluvio
divan,divano
dolar,dollaro
drakm,dracma
dukat,ducato
edikt,editto
eklog,egloga
ekzem,eczema
elegi,elegia
elips,ellissi
elizi,elisione
emfaz,enfasi
epope,epopea
fagot,fagotto
fakir,fakir
fatal,fato
feŭd,feudo
fiakr,fiacre
fiask,fiasco
final,finale
fjord,fiordo
forum,forum
fresk,affresco
furor,successo
galer,galea
galop,galoppo
garol,ghiandaia
goril,gorilla
hamak,amaca
harem,harem
harpi,arpia
helic,elica
helik,chiocciola
hisop,issopo
hoboj,oboe
humer,omero
idiom,idioma
idiot,idiota
ileks,agrifoglio
iluzi,illusione
indiga,indaco
jalap,jalappa
jud/ism##,jud/ism##
kabal,cospirazione
kadet,cadetto
kalif,califfo
kanon,cannone
karat,carato
kazin,casino
kinin,chinino
kirŝ,kirsch
kloak,fognatura
kobaj,porcellino d'India
kokon,bozzolo
kolik,colica
kolos,colosso
komet,cometa
koral,corallo
korne,cornea
korol,corolla
kozak,cosacco
krabr,calabrone
kreol,creolo
kript,cripta
kulis,quinta
kumin,cumino
kvast,nappina
kvint,quinta
lagun,laguna
lapis,lapis d'argento
larik,larice
later,lato
lazur,azzurro
legat,legato
lirik,lirico
madon,Madonna
major,maggiore
mamut,mammut
medol,midollo
meduz,medusa
melas,melassa
melis,melissa
miasm,miasma
mimoz,mimosa
mitul,cozza
moske,moschea
motiv,motivo
natri,sodio
nikel,nichel
nimfe,ninfea
noktu,civetta
nomad,nomade
novel,racconto
nunci,nunzio
oksid,ossido
oktav,ottava
oniks,onice
optik,ottica
orbit,orbita
oriol,oriole
ovaci,ovazione
pagod,pagoda
panel,pannello
panik,panico
paraf,sigla
patos,patos
pedal,pedale
pedel,usciere
peoni,peonia
peruk,parrucca
pigme,pigmeo
pirat,pirata
pivot,perno
polip,polipo
polis,polizza
pomad,pomata
prior,priore
prism,prisma
psalm,salmo
raket,razzo
rebus,enigma
retin,retina
retor,retore
rezed,reseda
ricin,ricino
rokok,rococò
rubus,rovo
rutin,routine
saliv,saliva
satan,Satana
saten,raso
seraf,serafino
sifon,sifone
sinap,senape
sinod,sinodo
siren,sirena
skalp,scalpo
skerc,scherzo
skism,scisma
sonat,sonata
sonet,sonetto
spasm,spasmo
sperm,sperma
splen,malinconia
stopl,stoppia
strof,strofa
sutan,sottana
ŝose,strada
ŝpat,vanga
taler,tallero
tanin,tannino
tarok,tarocchi
teism,teismo
teist,teista
templ,tempio
tenor,tenore
teror,terrore
tindr,esca
tiran,tiranno
tonel,tonnellata
trofe,trofeo
trust,trust
tunik,tunica
utopi,utopia
vanel,pavoncella
vinkt,fermaglio
viper,vipera
viski,whisky
zefir,brezza
advent,Avvento
aksiom,assioma
akvari,acquario
algebr,algebra
alkemi,alchimia
ambici,ambizione
amulet,amuletto
anagal,anagallide
anarki,anarchia
anatom,anatomista
anĉov,acciuga
anemon,anemone
anilin,anilina
aplomb,sicurezza
apolog,favola
arbust,arbusto
arĥiv,archivio
asesor,consulente
ateism,ateismo
ateist,ateo
aŭkci,asta
balast,zavorra
balkon,balcone
balzam,balsamo
bandit,bandito
barbar,barbaro
barier,barriera
bateri,batteria
batist,batiste
bazalt,basalto
beletr,letteratura
bilanc,bilancio
bilard,biliardo
binokl,binocolo
biolog,biologo
blazon,stemma
blokad,blocco
bordel,bordello
braman,bramino
brigad,brigata
buduar,boudoir
burnus,burnus
celeri,sedano
cidoni,cotogna
ciklon,ciclone
ciklop,ciclopi
dekret,decreto
depeŝ,dispaccio
despot,tiranno
diabet,diabete
diadem,diadema
diakon,diacono
diplom,diploma
divizi,divisione
dragon,dragone
eklips,eclissi
eksces,eccesso
ekstaz,estasi
ekvaci,equazione
emblem,emblema
emulsi,emulsione
endivi,indivia
epilog,epilogo
epitet,epiteto
epizod,episodio
erupci,eruzione
eskort,scorta
estrad,palco
etiket,etichetta
eŭnuk,eunuco
ezofag,esofago
faktor,fattore
falang,falange
fanfar,fanfara
feniks,fenice
feston,ghirlanda
fetiĉ,feticcio
fleksi,flessione
floren,fiorino
format,formato
frakci,frazione
fregat,fregata
galant,bucaneve
gangli,ganglio
genist,ginestra
geolog,geologo
gerani,geranio
gigant,gigante
glazur,smalto
glikoz,glucosio
glukoz,glucosio
gondol,gondola
grafit,grafite
gulden,fiorino
harpun,arpione
hetman,atamano
hipnot,ipnosi
incens,incenso
indeks,indice
inflam,infiammazione
jaguar,giaguaro
jezuit,gesuita
ĵaket,giacca
kadavr,cadavere
kadenc,cadenza
kalibr,calibro
kameli,camelia
kantat,cantata
kanton,canton
karbon,carbonio
karcer,cella
karier,carriera
kariol,carrozza
katedr,cattedra
kaŭci,cauzione
kazern,caserma
kokard,coccarda
kolodi,collodio
koloni,colonia
kompas,bussola
kondor,condor
konjak,cognac
korife,capocoro
kornet,cornetta
korsar,corsaro
korset,corsetto
korvet,corvetta
kotlet,cotoletta
kursiv,corsivo
laktuk,lattuga
lavend,lavanda
loteri,lotteria
lucern,lampada
maksim,massima
malari,malaria
marasm,deperimento
markiz,marchese
martir,martire
masaĝ,massaggio
mazurk,mazurca
medium,medium
melodi,melodia
mentor,mentore
merkat,mercato
mespil,nespola
meteor,meteora
metrik,metrica
mikrob,microbo
mirakl,miracolo
miriad,miriade
molusk,mollusco
monark,re
morfin,morfina
mozaik,mosaico
munici,munizioni
nektar,nettare
orkide,orchidea
paĉul,patchouli
parodi,parodia
pavian,babbuino
pedant,pedante
pepsin,pepsina
petard,petardo
piastr,piastra
pistil,pestello
podagr,gotta
ponton,pontone
portal,portale
portik,portico
prelat,prelato
prelud,preludio
premis,premessa
profan,profano
profil,profilo
prolog,prologo
puding,budino
pupitr,leggio
pustul,pustola
rabarb,rabarbaro
regent,reggente
rektor,rettore
relief,rilievo
retort,alambicco
romanc,romanza
rotond,rotonda
sandal,sandalo
santal,sandalo
sarong,sarong
satrap,satrapo
sektor,settore
septet,settetto
serajl,harem
sevrug,storione
sfinks,sfinge
siluet,sagoma
simbol,simbolo
sinkop,sincope
sintez,sintesi
skelet,scheletro
sofist,sofista
spektr,spettro
spiral,spirale
sponde,spondeo
suflor,suggeritore
sultan,sultano
ŝalup,lancia
ŝankr,ulcera
ŝarad,charada
taksus,tasso
taktik,tattica
talmud,Talmud
tamtam,tamtam
tandem,tandem
tapiok,tapioca
teolog,teologo
teorem,teorema
terapi,terapia
tercet,terzina
termit,termiti
tonsur,tonsura
torped,siluro
trapez,trapezio
tribut,tributo
triumf,trionfo
turbin,turbina
unison,unisono
uragan,uragano
vampir,vampiro
verand,veranda
vermut,vermut
vinjet,vignetta
zigzag,zigzag
zodiak,zodiaco
admiral,ammiraglio
aerolit,meteorite
aforism,aforisma
agronom,agronomo
akrobat,acrobata
akvarel,acquerello
alegori,allegoria
alĥemi,alchimia
almanak,almanacco
ambrozi,ambrosia
ametist,ametista
amnesti,amnistia
anagram,anagramma
analogi,analogia
anapest,anapesto
anatomi,anatomia
angelik,angelica
anomali,anomalia
antilop,antilope
antipod,antipodi
antitez,antitesi
apoteoz,divinizzazione
apozici,apposizione
arabesk,arabesco
arkaism,arcaismo
asonanc,assonanza
atavism,atavismo
atribut,attributo
aŭreol,aureola
bankier,banchiere
barikad,barricata
bariton,baritono
bastard,bastardo
bazilik,basilica
biograf,biografo
biologi,biologia
bisturi,bisturi
bombast,pomposità
botanik,botanica
celuloz,cellulosa
ceramik,ceramica
cilindr,cilindro
cistern,cisterna
citadel,rocca
ĉevron,trave
demagog,demagogo
diagnoz,diagnosi
dialekt,dialetto
diametr,diametro
difteri,difterite
diftong,dittongo
dinamik,dinamica
dinamit,dinamite
dinasti,dinastia
doktrin,dottrina
ekspres,espresso
eliksir,elisir
eminenc,eminente
epiderm,epidermide
epifani,Epifania
epigraf,epigrafe
epigram,epigramma
erudici,erudizione
estetik,estetica
etim/olog##,etim/olog##
etiolog,etiologo
evoluci,evoluzione
farmaci,farmacia
filolog,filologo
filozof,filosofo
fonetik,fonetico
fronton,frontone
gangren,cancrena
gardeni,gardenia
gencian,genziana
geodezi,geodesia
geograf,geografo
geologi,geologia
geometr,geometra
gerundi,gerundio
gilotin,ghigliottina
gimnast,ginnasta
gimnazi,liceo
guberni,provincia
hiacint,giacinto
hipotek,ipoteca
hipotez,ipotesi
histeri,isteria
homonim,omonimo
ĥirurg,chirurgo
judaism,ebraismo
ĵargon,gergo
kalomel,calomel
kanaben,lucherino
kanibal,cannibale
kanonik,canonico
kaporal,caporale
karamel,caramello
karavan,carovana
kartuŝ,cartiglio
katolik,cattolico
kazemat,casamatta
komplot,complotto
koncesi,concessione
kontakt,contatto
korsaĵ,corpetto
kreozot,creosoto
kriteri,criterio
kvadril,quadriglia
kvestor,questore
letargi,letargo
liturgi,liturgia
lozanĝ,rombo
lumbrik,lombrico
mahagon,mogano
majolik,maiolica
makadam,macadam
makaron,macaron
malakit,malachite
mansard,soffitta
marĝen,margine
matador,torero
mekanik,meccanica
merlang,merlano
metafor,metafora
minaret,minareto
mirabel,mirabella
molekul,molecola
monarki,monarchia
monolog,monologo
monopol,monopolio
nikotin,nicotina
obelisk,obelisco
oleandr,oleandro
oligark,oligarca
omnibus,omnibus
onobrik,sulla
optativ,ottativo
pacient,paziente
palinur,aragosta
pamflet,opuscolo
panoram,panorama
papirus,papiro
parabol,parabola
parafin,paraffina
paskvil,satira
paŝtel,pastello
patolog,patologo
patrici,patrizio
patriot,patriota
pedagog,educatore
pelerin,mantello
pension,pensione
percept,percezione
pilastr,pilastro
piramid,piramide
plagiat,plagio
plantag,piantaggine
polemik,polemica
prefekt,prefetto
procesi,processione
prognoz,previsione
prozodi,prosodia
puritan,puritano
retorik,retorica
revizor,ispettore
samovar,samovar
sarkasm,sarcasmo
segment,segmento
sekreci,secrezione
semafor,semaforo
serenad,serenata
sifilis,sifilide
simetri,simmetria
simfoni,sinfonia
simptom,sintomo
sinagog,sinagoga
sinedri,sinedrio
sinonim,sinonimo
sintaks,sintassi
skandal,scandalo
skrupul,scrupolo
stearin,stearina
sugesti,suggerire
ŝiling,scellino
taburet,sgabello
tangent,tangente
teokrat,teocrate
teologi,teologia
trombon,trombone
ultimat,ultimatum
uvertur,ouverture
variant,variante
vazelin,vaselina
verdikt,verdetto
veteran,veterano
vokativ,vocativo
abnegaci,abnegazione
adjutant,aiutante
aeroplan,aereo
agronomi,agronomia
akvafort,acquaforte
akvilegi,aquilegia
alabastr,alabastro
aligator,alligatore
ambulanc,ambulanza
antipati,antipatia
antologi,antologia
apostrof,apostrofo
arbalest,balestra
areometr,areometro
arkeolog,archeologo
arkitekt,architetto
artileri,artiglieria
astrolog,astrologo
astronom,astronomo
atmosfer,atmosfera
aŭdienc,udienza
balistik,balistica
balzamin,balsamo
banderol,fascia
barelief,bassorilievo
batalion,battaglione
bazilisk,basilisco
biografi,biografia
ceremoni,cerimonia
dekadenc,decadenza
delegaci,delegazione
demagogi,demagogia
demokrat,democratico
diafragm,diaframma
diagonal,diagonale
diapazon,diapason
didaktik,didattica
difterit,difterite
diktator,dittatore
disĉipl,discepolo
dispepsi,indigestione
ditiramb,dithyramb
dromedar,dromedario
ekstrakt,estratto
epilepsi,epilessia
erizipel,erisipela
etimologi##,etimologi##
etiologi,etiologia
etnograf,etnografo
evangeli,vangelo
faksimil,facsimile
fakultat,facoltà
felieton,rubrica
feminism,femminismo
feminist,femminista
filologi,filologia
filozofi,filosofia
fiziolog,fisiologo
fonograf,fonografo
galantin,galantina
garnitur,ornamenti
garnizon,guarnigione
genealog,genealogo
geometri,geometria
glicerin,glicerina
gliciriz,liquirizia
grafolog,grafologo
gramofon,grammofono
gutaperk,guttaperca
halebard,alabarda
harmonik,fisarmonica
hegemoni,egemonia
hekatomb,ecatombe
hierarki,gerarchia
hipodrom,ippodromo
honorari,onorario
horoskop,oroscopo
hortensi,ortensia
ĥirurgi,chirurgia
idiotism,idioma
imperial,imperiale
indiĝen,indigeno
inkognit,incognito
intervju,intervista
kalendul,calendula
kardinal,cardinale
katafalk,catafalco
katakomb,catacomba
katedral,cattedrale
katekist,catechista
kavaleri,cavalleria
komandit,società
konfekci,abbigliamento
konflikt,conflitto
kontralt,contralto
kontrast,contrasto
konvenci,convenzione
kosmetik,cosmetici
kreditor,creditore
ksilofon,xilofono
kvocient,quoziente
labirint,labirinto
laŭreat,vincitore
logaritm,logaritmo
logogrif,enigma
makaroni,maccheroni
mandaren,mandarino
mandolin,mandolino
manifest,manifesto
manometr,manometro
margarin,margarina
marionet,burattino
maŭzole,mausoleo
mekanism,meccanismo
melodram,melodramma
meridian,meridiano
metronom,metronomo
metropol,metropoli
mikrofon,microfono
miniatur,miniatura
monogram,monogramma
monomani,monomania
naftalin,naftalina
narkotik,narcotico
navigaci,navigazione
nekrolog,necrologio
nepotism,nepotismo
nihilism,nichilismo
nihilist,nichilista
nostalgi,nostalgia
numismat,numismatico
obligaci,obbligazione
oligarĥ,oligarca
oligarki,oligarchia
optimism,ottimismo
optimist,ottimista
organism,organismo
orografi,orografia
pacifism,pacifismo
pacifist,pacifista
palanken,palanchino
panteism,panteismo
panteist,panteista
pantomim,pantomima
paradigm,paradigma
parafraz,parafrasi
paragraf,paragrafo
partitur,spartito
patologi,patologia
pedagogi,pedagogia
perimetr,perimetro
peristil,peristilio
pesimism,pessimismo
pesimist,pessimista
pleonasm,pleonasmo
poliglot,poliglotta
preterit,passato
procedur,procedura
projekci,proiezione
proporci,proporzione
prospekt,opuscolo
protokol,protocollo
prototip,prototipo
prozelit,convertito
psikolog,psicologo
referenc,riferimento
renesanc,rinascita
reputaci,reputazione
revelaci,rivelazione
revolver,revolver
rojalist,realista
sacerdot,sacerdote
sakristi,sagrestia
sarkofag,sarcofago
seminari,seminario
sensaci,sensazione
sfinkter,sfintere
silogism,sillogismo
solecism,solecismo
stipendi,borsa di studio
strategi,strategia
subvenci,sovvenzione
talisman,talismano
tamburin,tamburello
tarantel,tarantella
tarantul,tarantola
teleskop,telescopio
teokrati,teocrazia
tipograf,tipografo
topograf,topografo
toreador,torero
transept,transepto
tuberkul,tubercolo
amfiteatr,anfiteatro
apopleksi,ictus
arbitraci,arbitrato
arĥeolog,archeologo
arĥitekt,architetto
aritmetik,aritmetica
arkeologi,archeologia
arkipelag,arcipelago
astrologi,astrologia
astronomi,astronomia
aŭditori,auditorium
aŭtograf,autografo
aŭtokrat,autocrate
deklaraci,dichiarazione
demokrati,democrazia
dialektik,dialettica
disciplin,disciplina
disenteri,dissenteria
entomolog,entomologo
etnografi,etnografia
filantrop,filantropo
fiziologi,fisiologia
fizionomi,fisionomia
fotografi,fotografia
genealogi,genealogia
gladiator,gladiatore
grafologi,grafologia
harmonium,armonium
heksametr,esametro
heliotrop,eliotropio
hidrofobi,idrofobia
hieroglif,geroglifico
higrometr,igrometro
hipopotam,ippopotamo
homeopati,omeopatia
ideografi,ideografia
imperativ,imperativo
imperfekt,imperfetto
impresari,impresario
indikativ,indicativo
infanteri,fanteria
infinitiv,infinito
inkvizici,inquisizione
intendant,amministratore
kabriolet,cabriolet
kandelabr,candelabro
karikatur,caricatura
kartograf,cartografo
kastanjet,nacchere
katalepsi,catalepsia
katastrof,disastro
kateĥist,catechista
kompromis,compromesso
konduktor,capotreno
konkurenc,concorrenza
kontinent,continente
kontrabas,contrabbasso
konvolvul,glicine
kosmogoni,cosmogonia
kosmograf,cosmografo
krizantem,crisantemo
kronologi,cronologia
kronometr,cronometro
krucifiks,crocefisso
kvadratur,quadratura
litografi,litografia
lokomobil,locomotiva
melankoli,malinconia
metafizik,metafisica
mikrometr,micrometro
mikroskop,microscopio
mineralog,mineralogista
monoteism,monoteismo
neologism,neologismo
oligarĥi,oligarchia
ornitolog,ornitologo
ostracism,ostracismo
paleograf,paleografo
palisandr,palissandro
paroksism,attacco
pentametr,pentametro
plutokrat,plutocrate
politeism,politeismo
providenc,provvidenza
pulĉinel,Pulcinella
purgatori,purgatorio
recitativ,recitativo
reformaci,riforma
rekrement,scarti
repertuar,repertorio
rezignaci,rassegnazione
sakrament,sacramento
sekundant,secondo
skarlatin,scarlattina
skolastik,scolastica
somnambul,sonnambulo
sortiment,assortimento
spekulaci,speculazione
spirit/ism##,spirit/ism##
spirit/ist##,spirit/ist##
stalagmit,stalagmite
stalaktit,stalattite
statistik,statistica
ŝovinism,sciovinismo
ŝovinist,sciovinista
tipografi,tipografia
topografi,topografia
velociped,bicicletta
veterinar,veterinario
vivisekci,vivisezione
abiturient,diplomato
alternativ,alternativa
anakronism,anacronismo
antropolog,antropologo
arĥeologi,archeologia
arĥipelag,arcipelago
aristokrat,nobile
arkitektur,architettura
aŭtokrati,autocrazia
beletristik,letteratura
bibliograf,bibliografo
civilizaci,civiltà
dinamometr,dinamometro
ekskrement,escremento
entomologi,entomologia
eŭkaristi,eucaristia
filantropi,filantropia
hipertrofi,ipertrofia
ingredienc,componente
inkvizitor,inquisitore
kartografi,cartografia
koeficient,coefficiente
kompliment,complimento
kongregaci,congregazione
konsistori,concistoro
kontraband,contrabbando
kontribuci,riparazioni
kosmografi,cosmografia
kosmopolit,cosmopolita
krestomati,crestomazia
kvintesenc,quintaessenza
manufaktur,fabbrica
manuskript,manoscritto
metamorfoz,trasformazione
meteorolog,meteorologo
mineralogi,mineralogia
naturalism,naturalismo
numismatik,numismatica
ornitologi,ornitologia
paleografi,paleografia
perspektiv,prospettiva
plutokrati,plutocrazia
pneŭmatik,gomma
prerogativ,prerogativa
pseŭdonim,alias
stenografi,stenografia
subjunktiv,congiuntivo
superlativ,superlativo
tuberkuloz,tubercolosi
admiralitat,ammiragliato
antropologi,antropologia
aristokrati,aristocrazia
bibliografi,bibliografia
cirkumfleks,circonflesso
demonstraci,dimostrazione
departement,dipartimento
enciklopedi,enciclopedia
hermafrodit,ermafrodita
hidrostatik,idrostatica
hidroterapi,idroterapia
imperialism,imperialismo
inaŭguraci,inaugurazione
kalejdoskop,caleidoscopio
kondicional,condizionale
konfederaci,confederazione
konglomerat,conglomerato
kontrapunkt,contrappunto
manifestaci,dimostrazione
metempsikoz,metempsicosi
meteorologi,meteorologia
observatori,osservatorio
paleontolog,paleontologo
pleŭronekt,platessa
protagonist,protagonista
protektorat,protettorato
pseŭd,falso
racional/ism##,racional/ism##
racional/ist##,racional/ist##
reŭmatism,reumatismo
temperament,temperamento
tragikomedi,tragicommedia
administraci,amministrazione
demonstrativ,dimostrativo
konservatori,conservatorio
paleontologi,paleontologia
paralelogram,parallelogramma
spiritualism,spiritualismo
spiritualist,spiritualista
trigonometri,trigonometria
aŭtobiografi,autobiografia
t.e.,cioè
k.t.p.,ecc.
kiom,quanti
kiom##,kiom##
kiom##,kiom##
dum,mentre
dum##,dum##
ĝis,fino a
ĝis##,ĝis##
anstataŭ,invece di
anstataŭ##,anstataŭ##
kiu##,kiu##
kiu,chi
tiu##,tiu##
tiu,quello
ĉiu,ogni
ĉiu##,ĉiu##
neniu,nessuno
neniu##,neniu##
ambaŭ,entrambi
ambaŭ##,ambaŭ##
tiu ĉi##,tiu ĉi##
tiu ĉi##,tiu ĉi##
fiks,fisso
fiks##,fiks##
fals,falso
fals##,fals##
ĉu##,ĉu##
ĉu,se
kial,perché
kial##,kial##
kiel,come
kiel##,kiel##
tamen,tuttavia
tamen##,tamen##
apenaŭ,appena
apenaŭ##,apenaŭ##
kvazaŭ,quasi
kvazaŭ##,kvazaŭ##
ĉirkaŭ,intorno
ĉirkaŭ##,ĉirkaŭ##
precip##,precip##
precip,principale
tut,tutto
tut##,tut##
rest##,rest##
rest,resto
ĉiel,in ogni modo
ĉiel##,ĉiel##
interes,interessare
interes##,interes##
lig,legare
lig##,lig##
rul,rotolare
rul##,rul##
arm##,arm##
arm,arma
fos,scavare
fos##,fos##
plant,piantare
plant##,plant##
orient##,orient##
orient,est
fald,piegare
fald##,fald##
kaj,e
kaj##,kaj##
amas,massa
amas##,amas##
kopi,copiare
kopi##,kopi##
fotograf,fotografare
fotograf##,fotograf##
ĉar,poiché
ĉar##,ĉar##
fikci##,fikci##
fikci,fittizio
nul,zero
nul##,nul##
klar##,klar##
klar,chiaro
artikol,articolo
artikol##,artikol##
aŭgust,agosto
aŭgust##,aŭgust##
por,per
por##,por##
opozici,opporsi
opozici##,opozici##
fot,foto
vibr,vibrare
oscil,oscillare
fluktu,oscillare
indigo,indaco
ad##,ad##
ad,continuo
ag,agire
al,a
am,amare
an,membro
ar,gruppo
as,presente
at,continuando
av,nonno
bo,per matrimonio
ci,tuo
da,di
de,"di, da"
di,dio
Di##,Di##
do,quindi
du,due
ec,-ità
eg,grande
ej,luogo
ek,inizio
el,da
em,propenso
en,dentro
er,particella
et,picc
fe,fata
fi##,fi##
fi,vile
ge,ambi-
ha,ah!
he,ehi!
ho,oh
ia,ragliare
id,figlio
ie,da qualche parte
ig,far diventare
il,strumento
in,femminile
io,qualcosa
ir,andare
is,passato
it,completato
iu##,iu##
iu,qualcuno
ja,davvero
je,a
ju,più
ke,che
l',il
la,il
li,suo
lu,affittare
mi,mio
ne,no
ni,nostro
nj,-ina
nu,ora
od,ode
ok,otto
ol,di
on,frazione
op,collettivo
or,oro
os,futuro
ot,non iniziato
ov,uovo
pi,pio
po,ciascuno
re,ri-
se,se
si,proprio
te,tè
uj,contenitore
ul,-tipo
um,cosa
ur,uro
us,condizionale
uz,usare
ve,ahimè
vi,tuo
homeopat,omeopata
zoolog,zoologo