###❝Esperanto root❞,"❝(exactly the same) Esperanto root❞”  indicate that, although they have the same priority as if a corresponding replacement string existed, in actual fact no string (Kanji) replacement is performed."
Esperanto root##,translation ruby##
adiaŭ,bye
bis,encore!
hura,Cheer!
ŭa,Wow!
kia,what kind
tia,such
ĉia,all kinds
kies,whose
nenia,no kind of
ali,other
alt,high
bel,beautiful
bon,good
jun,young
nov,new
sam,same
fort,strong
grav,important
kelk,some
last,final
long,long
mult,many
plen,full
riĉ,rich
ruĝ,red
facil,easy
grand,big
liber,free
rapid,fast
feliĉ,happy
proksim,nearby
fru,early
pur,pure
sol,sole
ver,TRUE
cert,sure
nigr,black
varm,hot
afabl,kind
blank,white
dolĉ,sweet
neces,needed
propr,own
simpl,plain
dekstr,right
kuraĝ,brave
trankvil,calm
blu,blue
dik,thick
gaj,gay
hel,bright
kar,dear
lac,weary
san,healthy
sat,full
just,fair
prav,right
pret,ready
util,useful
verd,green
apart,separate
atent,alert
fremd,foreign
ĝust,right
komun,shared
larĝ,wide
agrabl,Pleasant
divers,varied
intern,inner
sufiĉ,enough
kontent,satisfied
profund,deep
mol,soft
pez,heavy
sek,dry
brun,brown
egal,equal
flav,yellow
griz,gray
kulp,guilty
lert,skilled
rekt,straight
saĝ,wise
vast,wide
ceter,remaining
freŝ,fresh
simil,similar
kapabl,able
serioz,earnest
efektiv,real
ordinar,usual
akr,sharp
fam,famous
ies,someone's
avar,greedy
dens,dense
eben,flat
fier,proud
firm,solid
nepr,certain
plat,flat
plur,many
surd,deaf
vigl,lively
fidel,loyal
kviet,calm
matur,ripe
sankt,holy
spert,skilled
subit,sudden
taŭg,fit
honest,honest
konven,suitable
plur,many
preciz,exact
strang,odd
delikat,delicate
ĝentil,polite
komfort,cozy
pacienc,patient
special,special
ĝeneral,general
konstant,Unchanging
lam,lame
mut,mute
nud,bare
pal,pale
ruz,sly
van,vain
acid,sour
glat,smooth
kler,learned
krud,raw
mild,gentle
abund,ample
blind,blind
blond,blond
ĉarm,charming
etern,eternal
favor,Favorable
graci,graceful
humil,humble
laŭt,loud
sever,strict
stult,dumb
fortik,sturdy
frenez,crazy
kurioz,odd
privat,private
sincer,honest
evident,clear
oportun,handy
prudent,wise
sci/vol##,sci/vol##
diligent,diligent
proksim/um##,proksim/um##
ard,fiery
avid,greedy
brav,brave
ebri,drunk
krut,steep
naiv,naïve
nobl,noble
sobr,sober
humid,damp
ident,same
komik,funny
kripl,crippled
kruel,cruel
moder,moderate
sagac,Astute
seren,calm
sprit,witty
akurat,punctual
fervor,zealous
inklin,prone
ĵaluz,jealous
kapric,whimsical
modern,modern
modest,humble
nenies,no one's
normal,usual
sovaĝ,wild
ekstrem,extreme
elegant,elegant
eminent,distinguished
komplet,complete
oficial,official
perfekt,ideal
probabl,likely
reciprok,mutual
indiferent,unconcerned
inteligent,wise
amar,bitter
imun,immune
real,real
ties,that one's
unik,unique
vant,vain
virg,pure
aktiv,active
civil,civic
ĉies,all's
elast,springy
human,humane
intim,close
kaduk,worn-out
koket,flirtatious
lojal,loyal
malic,malicious
mir/ind##,mir/ind##
raŭk,hoarse
rigid,stiff
sekur,safe
solen,solemn
tener,tender
valid,valid
abrupt,sudden
absurd,absurd
aktual,current
arbitr,arbitrary
aŭdac,bold
ekzakt,precise
furioz,furious
graved,pregnant
klasik,classic
majest,majestic
nervoz,nervous
oblikv,slanting
obstin,stubborn
plen/aĝ##,plen/aĝ##
social,social
subtil,subtle
tragik,tragic
absolut,absolute
kontant,cash
popular,popular
relativ,relative
sin/don##,sin/don##
solidar,united
vegetar,veggie
familiar,familiar
grandioz,grandiose
kolektiv,joint
sin/gard##,sin/gard##
kompetent,competent
universal,global
kvit,debt-free
miop,myopic
punc,poppy red
ranc,spoiled
ĉast,chaste
ekstr,extra
masiv,massive
antikv,ancient
arogant,arrogant
konform,fitting
trivial,trivial
elokvent,eloquent
kriminal,criminal
predikat,predicate
akut,sharp
dual,dual
hirt,bristly
kalv,bald
banal,trite
cinik,cynical
gotik,Gothic style
inert,inactive
obtuz,dull
okult,mystic
pasiv,passive
rigor,strict
stoik,stoic
analog,analogous
anonim,nameless
arkaik,old-fashioned
diafan,see-through
efemer,fleeting
erotik,erotic
fiktiv,fictitious
formal,formal
frivol,frivolous
intens,intense
invers,reverse
konciz,succinct
konkav,concave
mistik,mystic
neŭtr,neutral
vulgar,coarse
akcesor,auxiliary
apokrif,fake
arĥaik,old-fashioned
burlesk,comic
decimal,decimal
diskret,discrete
fanatik,zealous
grotesk,grotesque
konkret,real
kontinu,lasting
liberal,free-thinking
monoton,dull
negativ,negative
nominal,nominal
pozitiv,positive
radikal,radical
skeptik,doubtful
solvent,solvent
abstrakt,abstract
aŭtonom,self-governing
eventual,possible
inkluziv,inclusive
neŭtral,unbiased
objektiv,objective
ortodoks,orthodox
primitiv,primitive
provizor,temporary
racional,rational
romantik,romantic
sinoptik,overview
spontane,spontaneous
aŭtentik,genuine
definitiv,final
ekskluziv,exclusive
korelativ,correlative
respektiv,respective
subjektiv,subjective
transitiv,transitive
spekulativ,speculative
impertinent,Rude
konservativ,conservative
sentimental,sentimental
dek,ten
mil,thousand
sep,seven
ses,six
tri,third
unu,one
cent,hundred
kvar,four
kvin,five
naŭ,nine
aŭ,or
nek,neither
sed,but
kvankam,though
plus,plus
minus,subtract
ĉe,at
kun,with
per,via
pri,about
pro,due to
sen,without
sub,under
sur,on
tra,through
apud,near
krom,besides
laŭ,along
post,after
inter,between
super,above
trans,across
antaŭ,before
ekster,outside
preter,past
kontraŭ,against
malgraŭ,despite
ĝi,its
ili,their
kio,what
oni,people
ŝi,her
tio,that
ĉio,all
nenio,nothing
tio ĉi##,tio ĉi##
dis,apart
mal,opposite
ĉef,main
eks,ex-
mis,wrong
pra,ancient
dev,must
dir,say
don,give
est,be
far,do
fin,end
hav,own
kon,know
leg,read
lev,raise
met,put
mov,move
pet,ask
pov,can
rid,laugh
sci,know
sid,sit
ten,hold
ven,arrive
vid,see
viv,live
vol,want
ĝoj,rejoice
help,assist
kred,believe
lern,learn
loĝ,reside
mort,die
okaz,happen
port,carry
pren,grasp
sekv,follow
send,send
star,stand
dezir,wish
labor,work
milit,wage war
montr,show
parol,speak
ricev,receive
skrib,write
ŝajn,seem
vetur,drive
demand,ask
komenc,begin
kompren,understand
respond,answer
bat,hit
fal,drop
kri,shout
kur,run
las,let
lum,shine
mir,amaze
pag,pay
pas,pass
reg,govern
son,sound
tim,fear
tir,pull
aŭd,hear
brul,burn
dank,thank
dorm,asleep
ferm,shut
flug,fly
halt,stop
ĵet,throw
kant,sing
kost,cost
mank,lacking
nask,birth
okup,occupy
pens,think
perd,lose
prem,press
prov,try
sent,feel
turn,spin
aĉet,buy
atend,wait
bezon,need
kresk,grow
manĝ,eat
memor,remember
serĉ,seek
trink,drink
konsil,advise
permes,allow
postul,demand
rakont,tell
rigard,look at
rimark,notice
ŝanĝ,change
vojaĝ,travel
konstru,build
prezent,present
renkont,meet
bru,make noise
dub,doubt
lav,wash
lud,play
pen,strive
vek,wake
vok,call
aper,appear
bril,shine
erar,err
fest,celebrate
frap,hit
gajn,win
kapt,seize
kaŝ,hide
kovr,cover
kuir,cook
kuŝ,lie
paŝ,walk
plor,weep
romp,break
salt,jump
serv,serve
tuŝ,touch
vend,sell
zorg,care
batal,fight
elekt,choose
esper,hope
koler,angry
mezur,gauge
opini,opine
ordon,command
plend,complain
ripoz,rest
salut,greet
sufer,suffer
akcept,accept
forges,forget
kalkul,compute
komerc,trade
konduk,lead
pardon,forgive
silent,be silent
tranĉ,cut
konsent,Agree
aŭskult,listen
ban,bathe
flu,flow
kre,create
mok,mock
amuz,amuse
ĉes,cease
efik,effect
gard,guard
juĝ,judge
klin,tilt
pend,hang
puŝ,push
spir,breathe
stud,study
ŝat,value
tond,shear
traf,hit
ating,reach
decid,decide
estim,respect
invit,invite
kurac,heal
marŝ,march
plaĉ,please
ripet,repeat
ŝlos,lock
ŝtel,steal
vizit,visit
aranĝ,arrange
ekzist,exist
instru,teach
intenc,intend
kompat,pity
prefer,like best
prepar,prepare
promen,stroll
promes,pledge
sukces,succeed
konserv,preserve
bol,boil
kis,kiss
obe,obey
paf,fire
pel,chase
pik,stab
pun,punish
sav,rescue
tus,cough
akir,acquire
apog,support
atak,attack
bala,sweep
blov,blow
ĉas,hunt
danc,dance
eduk,educate
evit,avoid
fleg,nurse
glit,slip
gvid,guide
ĝen,bother
hejt,heat
hont,shame
imag,imagine
imit,mimic
komb,comb
mend,order
miks,mix
naĝ,swim
plug,till
pres,print
soif,thirsty
spez,transact
ŝir,tear
trem,tremble
trov,find
venk,conquer
viŝ,wipe
volv,roll
anonc,announce
aprob,approve
avert,warn
merit,deserve
minac,threaten
pentr,paint
posed,own
preĝ,pray
rifuz,refuse
rilat,relate
ripar,fix
skrap,scrape
ŝerc,joke
tromp,deceive
defend,defend
desegn,draw
esting,extinguish
inform,report
kompar,compare
kondut,behave
konfes,confess
konsci,aware
kultur,cultivate
mensog,lie
rezult,result
rikolt,harvest
streĉ,tense
ŝovel,shovel
akompan,accompany
aparten,belong to
bedaŭr,regret
konsist,comprise
organiz,organize
progres,advance
respekt,respect
riproĉ,blame
diferenc,differ
rekomend,recommend
korespond,correspond
enu,bore
fid,trust
ĝu,enjoy
hak,chop
log,entice
pek,sin
pes,weigh
raz,shave
dron,sink
fajf,whistle
fand,melt
farm,cultivate
fart,fare
frot,rub
ĝem,groan
krev,burst
kudr,sew
mord,bite
muel,grind
nutr,nourish
odor,reek
rajd,ride
solv,solve
taks,appraise
teks,weave
tent,entice
urĝ,press
babil,chat
detru,destroy
difin,define
distr,amuse
diven,guess
divid,divide
etend,extend
evolu,evolve
forĝ,forge
frand,savor
grimp,climb
hezit,hesitate
kroĉ,hook
laŭd,praise
mason,build
ofert,bid
ornam,adorn
petol,prank
sonĝ,dream
stern,spread
supoz,assume
ŝirm,shield
ŝpar,save
ŝtop,block
ŝuld,owe
ŝvel,swell
toler,endure
verŝ,pour
aspekt,seem
daŭr/ig##,daŭr/ig##
difekt,damage
diskut,discuss
domaĝ,regret
ekscit,excite
ekzerc,train
esplor,research
esprim,express
konsol,console
murmur,murmur
prezid,chair
signif,mean
skulpt,carve
traduk,translate
ekskurs,excursion
ekzamen,examine
komunik,convey
koncern,involve
konstat,verify
protekt,protect
protest,protest
renvers,overturn
surpriz,amaze
konsider,consider
persekut,pursue
reprezent,represent
bak,bake
ben,bless
boj,bark
bor,drill
ced,yield
cit,cite
lek,lick
rab,rob
rav,enchant
rem,row
rev,dream
seg,saw
sku,shake
ted,bore
teg,overlay
abon,subscribe
dung,hire
envi,envy
flar,sniff
fond,found
frit,fry
friz,curl
gest,gesture
glad,iron
glut,swallow
ĵur,vow
kned,knead
maĉ,chew
melk,milk
migr,roam
munt,assemble
ofer,sacrifice
pent,repent
pruv,prove
pump,pump
putr,rot
ramp,crawl
risk,risk
ronk,snore
rost,grill
sven,faint
ŝov,push
ŝut,scatter
tajl,tailor
tord,twist
tren,drag
vari,vary
velk,wither
adici,add
admir,admire
admon,admonish
adopt,adopt
akcel,speed up
atest,certify
ĉerp,scoop
degel,melt
deleg,assign
fleks,bend
flirt,flutter
hered,inherit
influ,affect
kares,caress
medit,meditate
naŭz,nauseate
osced,yawn
paŝt,graze
paŭz,pause
pinĉ,nip
plekt,braid
regal,feast
ribel,rebel
sopir,yearn
sorĉ,bewitch
strik,strike
sufok,suffocate
sving,wave
ŝarg,load
ŝmir,smear
trakt,handle
tremp,immerse
afrank,stamp
asekur,insure
balanc,rock
barakt,struggle
dediĉ,devote
deklar,declare
destin,assign
disput,argue
escept,exclude
festen,feast
frakas,smash
gratul,congratulate
ilustr,illustrate
import,bring in
insist,insist
instal,set up
instig,urge
insult,abuse
komand,command
komisi,entrust
konfid,trust
konfit,sugar-preserve
konfuz,bewilder
konkur,compete
kritik,criticize
observ,observe
penetr,pierce
perfid,betray
proced,proceed
raport,report
reklam,advertise
rezign,relinquish
rezist,resist
rifuĝ,seek refuge
brak/um##,brak/um##
civiliz,civilize
ĉagren,vex
de/pend##,de/pend##
disting,discern
eksplod,explode
garanti,vouch
komplez,kindly
kondamn,condemn
konfirm,confirm
konjekt,guess
konklud,conclude
kontrol,audit
konvink,convince
operaci,operate
plen/um##,plen/um##
pretend,claim
suspekt,distrust
turment,torment
distribu,distribute
fanfaron,boast
kontrakt,contract
mastr/um##,mastr/um##
prokrast,delay
administr,manage
el/turn/iĝ##,el/turn/iĝ##
entrepren,undertake
dec,befit
juk,itch
lul,rock
vad,wade
vag,roam
vet,bet
vom,puke
zum,buzz
ador,worship
agit,incite
akuz,accuse
alud,hint
bapt,baptize
bind,bind
blek,animal cry
bred,rear
buĉ,slaughter
ĉif,crumple
dikt,dictate
dres,tame/train
ekip,equip
est/ig##,est/ig##
fast,abstain from food
flat,flatter
flik,mend
fuĝ,flee
fuŝ,botch
garn,reinforce
grat,scratch
hav/ig##,hav/ig##
izol,isolate
jung,yoke
lukt,struggle
muĝ,roar
opon,oppose
palp,grope
pekl,pickle
pere,perish
pli/ig##,pli/ig##
sark,weed
sekc,dissect
sorb,absorb
spit,defy
suĉ,suck
svat,matchmake
tajp,type
tern,sneeze
tikl,tickle
tint,tinkle
trik,knit
trud,impose
vart,nurse
adapt,adapt
aplik,apply
asert,assert
asist,assist
balot,vote
ĉe/est##,ĉe/est##
delir,rave
depon,store
deput,depute
enket,survey
eskap,flee
falĉ,mow
flagr,flicker
for/est##,for/est##
grinc,creak
ignor,disregard
impet,dash
incit,provoke
indik,indicate
insid,entrap
inund,flood
kraĉ,spit
liver,supply
menci,mention
modif,alter
ofend,insult
rezon,reason
rivel,reveal
start,begin
susur,rustle
ŝpin,spin
trejn,coach
venĝ,avenge
abstin,abstain
aflikt,afflict
altern,alternate
balbut,stutter
cirkul,circulate
deĵor,on duty
denunc,accuse
de/ten##,de/ten##
dev/ont/ig##,dev/ont/ig##
digest,digest
dispon,use freely
dorlot,pamper
eksped,dispatch
el/don##,el/don##
establ,found
flustr,whisper
grimac,grimace
grumbl,grumble
implik,entangle
indign,angry
indulg,spare
infekt,infect
injekt,inject
inspir,imbue
invent,invent
klopod,strive
kolizi,crash
kombin,combine
kompon,compose
konsum,use up
korekt,fix
lubrik,oil
manovr,maneuver
plonĝ,dive
preleg,lecture
propon,propose
provok,provoke
recenz,review
redakt,edit
redukt,shrink
revizi,audit
ŝpruc,spurt
aplaŭd,applaud
blasfem,blaspheme
bon/vol##,bon/vol##
brokant,resell
eksport,export
ekzekut,execute
gust/um##,gust/um##
iniciat,initiate
kalumni,slander
kompens,compensate
komplik,complicate
kontest,challenge
manipul,handle
neglekt,neglect
persist,Persevere
prononc,pronounce
prosper,thrive
reflekt,reflect
re/form##,re/form##
subtrah,subtract
ŝancel,wobble
televid,watch TV
determin,fix
ekspluat,exploit
koncentr,focus
mistifik,trick
preskrib,prescribe
revoluci,revolt
riverenc,bow
interpret,interpret
kompromit,endanger
multiplik,multiply
propagand,promote
konversaci,chat
interpelaci,question
erp,till
kov,brood
lut,solder
pep,Chirp
tan,tan
agac,irritate
brod,embroider
brog,scald
ĉiz,carve
edif,edify
fajl,file down
krak,snap
kroz,cruise
pist,crush
rasp,grate
rast,rake
rigl,bolt
rukt,belch
sibl,hiss
skiz,sketch
sput,spit
steb,stitch
stuk,plaster
ŝim,mold
torn,lathe-turn
trot,trot
urin,urinate
varb,recruit
adult,cheat
afekt,feign
akuŝ,give birth
arest,arrest
asign,assign
atenc,assault
draŝ,Thresh
drink,overdrink
ekzil,exile
filtr,filter
infuz,infuse
kribr,sift
parad,parade
rabot,plane
rafin,refine
satur,saturate
sieĝ,besiege
skerm,fence
strab,squint
ŝmac,smack
uzurp,usurp
veget,grow
border,edge
ĉikan,harass
degrad,demote
diboĉ,debauch
distil,purify
drapir,drape
gargar,gargle
gravur,engrave
guvern,tutor
ilumin,light up
inokul,inoculate
intrig,plot
ĵongl,juggle
kartav,uvular R
kontuz,bruise
likvid,liquidate
makler,broker
plaŭd,splash
predik,preach
rembur,pad
ventol,ventilate
deĉifr,decode
degener,decline
diskont,discount
ferment,ferment
kalfatr,seal
kolport,peddle
kompost,typeset
konspir,plot
konvert,convert
paraliz,paralyze
proklam,proclaim
singult,hiccup
ĉarpent,carpenter
hipokrit,feign
intermit,intermittent
konstern,dismay
marĉand,bargain
kapitulac,surrender
kaŭteriz,sear
komentari,comment
koment,annotate
poz,pose
vak,vacant
boks,box
ĝir,transfer
kirl,stir
klak,click
kluk,cluck
knar,creak
murd,murder
pled,plead
sond,probe
tatu,ink
abdik,resign
abort,abort
agoni,dying
aklam,hail
amput,amputate
aneks,annex
aspir,aspire
deriv,derive
feder,federate
impon,impress
invad,invade
kaŭr,Crouch
klaĉ,gossip
kliŝ,stereotype
kotiz,pay dues
marin,marinate
miaŭ,meow
modul,modulate
refut,Disprove
rikan,sneer
streb,strive
svarm,swarm
ŝveb,hover
absorb,engross
akapar,corner
analiz,analyze
asimil,assimilate
asperg,spray
atribu,assign
aŭgur,foretell
bojkot,boycott
cenzur,censor
dedukt,deduce
deklam,recite
dekolt,cut low
indukt,infer
kompil,compile
konced,admit
konker,conquer
korupt,bribe
kverel,quarrel
lament,grieve
narkot,narcotize
stimul,rouse
strigl,curry-comb
ŝrump,wilt
amortiz,amortize
anticip,foresee
apelaci,appeal
bankrot,go bankrupt
bombard,bombard
emancip,free
inspekt,inspect
katekiz,catechize
koincid,coincide
konfisk,seize
konsekr,sanctify
konsult,consult
legitim,prove identity
mobiliz,mobilize
pilgrim,pilgrimage
improviz,improvise
inaŭgur,open ceremony
karambol,collide
kateĥiz,catechize
klasifik,classify
kontribu,contribute
litograf,lithograph
prostitu,prostitute
centraliz,centralize
stenograf,shorthand
ekskomunik,excommunicate
karakteriz,characterize
aĵ,thing
ant,present participle
ebl,possible
iĝ,become
ind,worth
int,perfect participle
ism,-ism
ist,practitioner
obl,times
ont,about to
estr,-leader
aĉ,poor quality
ĉj##,ĉj##
end,must
ing,holder
ajn,any
ĉi##,ĉi##
eĉ##,eĉ##
for,far
iam,sometime
iom,somewhat
jam,already
jen,here is
jes,yes
kie,where
mem,self
nun,now
nur,only
pli,more
plu,more
tie,there
tre,very
tro,too
tuj,at once
ĉie,everywhere
ĵus,just now
kiam,when
plej,most
tial,therefore
tiam,then
tiel,thus
tiom,so much
ĉiam,always
nenie,nowhere
ankaŭ,also
neniam,never
baldaŭ,soon
hieraŭ,yesterday
hodiaŭ,today
morgaŭ,tomorrow
tie ĉi##,tie ĉi##
almenaŭ,at least
ankoraŭ,still
preskaŭ,nearly
tiel ĉi##,tiel ĉi##
oft,often
ial,somehow
iel,somehow
volont,willingly
des,more
neniom,none
ĉial,all reasons
ĉiom,all
ia/foj##,ia/foj##
nenial,no reason
neniel,no way
parker,memorized
foj,times
hom,human
jar,year
kap,head
kor,heart
lok,place
man,hand
nom,name
tag,day
ter,earth
vir,man
voj,way
afer,matter
amik,friend
form,shape
kamp,field
land,nation
mond,world
naci,nation
patr,dad
temp,time
vort,word
flank,side
infan,child
patr/in##,patr/in##
ĉambr,room
sinjor,gentleman
akv,water
arb,tree
art,"art, skill"
dom,home
edz,husband
fil,son
har,hair
hor,hour
lit,bed
mar,sea
mon,money
mur,wall
pac,peace
pec,bit
sun,sun
urb,city
bild,image
bird,bird
buŝ,mouth
frat,brother
hejm,home
knab,boy
kort,court
libr,book
mont,mountain
okul,eye
part,part
pied,foot
pord,door
rajt,right
tabl,table
vent,wind
vest,clothing
fingr,finger
frukt,fruit
kolor,color
leter,letter
lingv,language
maten,morn
popol,people
punkt,dot
rimed,means
valor,worth
ĉeval,horse
famili,family
fraŭl,unmarried man
person,person
semajn,week
vesper,eve
vizaĝ,face
fenestr,window
aer,air
aĝ,age
cel,aim
fer,iron
ide,idea
kat,cat
kol,neck
mez,midpoint
naz,nose
nub,cloud
ord,order
pan,bread
roz,rose
best,beast
bord,shore
brak,arm
dent,tooth
fajr,fire
fiŝ,fish
flor,flower
glas,glass
hund,dog
korp,body
lakt,milk
lign,wood
lini,line
mark,mark
neĝ,snow
nokt,night
onkl,uncle
orel,ear
plum,pen
pluv,rain
rond,circle
sang,blood
seĝ,chair
spec,kind
stat,state
supr,top
ŝip,ship
vitr,glass
angul,corner
daŭr,continuance
dolor,pain
gazet,newsprint
kaŭz,cause
kutim,habit
minut,minute
monat,month
natur,nature
nombr,count
paper,paper
plank,floor
river,river
somer,summer
staci,station
strat,street
suker,sugar
ŝton,stone
vagon,railcar
veter,weather
vintr,winter
aŭtun,fall
ĉapel,hat
direkt,direction
kolekt,collection
moment,instant
plezur,joy
vilaĝ,village
ekzempl,example
ĝarden,garden
histori,history
printemp,spring
bov,cow
ink,ink
kaf,coffee
kok,chicken
kuk,cake
kuz,cousin
lag,lake
lim,boundary
lun,moon
maj,May
pak,package
sak,bag
sum,total
tru,hole
vin,wine
anim,soul
azen,donkey
benk,bench
dors,back
foli,leaf
font,source
fund,base
genu,knee
gren,grain
grup,group
herb,grass
juli,July
juni,June
kart,card
klas,class
korb,basket
kruc,cross
krur,shin
lang,tongue
leĝ,law
lund,Monday
mard,Tuesday
mart,March
ofic,duty
ombr,shade
paĝ,page
pork,pig
poŝ,pocket
radi,ray
reĝ,king
senc,sense
stel,star
ŝaf,sheep
verk,work
voĉ,voice
adres,address
april,April
brust,chest
buter,butter
donac,gift
glaci,ice
kuler,spoon
mastr,master
muzik,music
numer,number
poŝt,mail
prunt,loan
sabat,Saturday
ŝtat,state
ŝtup,step
teler,plate
terur,terror
vapor,steam
insekt,bug
januar,January
ĵaŭd,Thursday
kovert,envelope
krajon,pencil
manier,way
objekt,object
oktobr,October
plafon,ceiling
region,area
religi,faith
spirit,mind
arĝent,silver
danĝer,danger
decembr,December
dimanĉ,Sunday
februar,Feb
horloĝ,timepiece
merkred,Wed.
novembr,November
produkt,produce
vendred,Friday
septembr,September
bar,obstacle
bek,beak
fak,specialty
fum,smoke
gas,gas
gut,drip
jak,jacket
kel,cellar
kuv,tub
lip,lip
nep,grandson
nev,nephew
not,note
ole,oil
ond,wave
ost,bone
par,pair
pom,apple
pot,jug
rad,wheel
ret,net
sal,salt
sap,soap
sem,seed
sud,south
sup,soup
ŝu,shoe
tas,cup
tol,linen
tuk,cloth
ung,nail
val,valley
vic,row
barb,beard
bros,brush
fakt,fact
flag,flag
fork,fork
forn,oven
gast,guest
gras,fat
kapr,goat
karb,coal
kest,box
korn,horn
krim,crime
lamp,lamp
mebl,furniture
mien,look
muŝ,fly
nord,north
past,paste
pilk,play ball
pint,tip
polv,dust
pont,bridge
prez,price
rand,edge
regn,state
seri,series
sign,mark
sort,fate
spic,spice
vang,cheek
vost,tail
vund,wound
botel,bottle
buton,button
cifer,digit
faden,thread
frunt,brow
haŭt,skin
honor,honor
insul,island
kajer,notebook
kamen,hearth
legom,veg
liter,letter
metal,metal
pingl,pin
polic,police
polur,Gloss
premi,prize
regul,rule
sezon,season
ŝanc,chance
ŝnur,rope
tabul,plank
viand,meat
baston,stick
branĉ,branch
ĉemiz,shirt
doktor,doctor
kravat,tie
lecion,lesson
maŝin,machine
milion,million
najbar,neighbor
parenc,kin
publik,public
scienc,science
sekret,secret
skatol,small box
soldat,troop
spegul,mirror
ŝarĝ,load
ŝrank,cabinet
tualet,toilette
ĉapitr,chapter
fromaĝ,cheese
kondiĉ,condition
praktik,practice
serpent,snake
ŝtrump,sock
tegment,roof
telefon,phone
industri,industry
kilogram,kilo
okcident,west
pantalon,pants
abi,fir
agl,eagle
ber,berry
bot,boot
bul,lump
dat,date
glu,glue
jup,skirt
kav,hollow
lan,wool
led,leather
mod,trend
mor,customs
pin,pine
pip,pipe
piz,pea
put,well
rel,rail
riz,rice
rok,rock
suk,juice
tem,theme
tub,pipe
tur,rook
vat,wadding
vaz,vase
zon,belt
arme,army
bank,bank
bien,land
bier,beer
bret,shelf
brik,brick
cikl,cycle
ĉap,cap
drat,wire
epok,era
fask,bunch
feri,holiday
film,film
flam,flame
flos,raft
fojn,hay
fulm,lightning
glob,sphere
grad,degree
gust,taste
kadr,frame
krem,cream
kurb,curve
kurs,course
larm,tear
leon,lion
litr,liter
luks,luxury
meti,craft
metr,meter
najl,nail
nest,nest
pajl,straw
plac,square
plad,dish
plan,plan
poet,poet
pugn,fist
ring,ring
sabl,sand
scen,stage
skal,scale
soci,society
spac,space
stal,stable
task,task
tomb,tomb
verm,worm
vers,verse
viol,violet
agord,harmony
balon,balloon
bilet,ticket
burĝ,bourgeois
centr,center
etaĝ,floor
farun,flour
figur,figure
frost,freeze
gorĝ,throat
grund,soil
haven,port
hotel,hotel
humor,mood
karot,carrot
katar,catarrh
kling,blade
koton,cotton
kvant,amount
lepor,hare
makul,stain
manik,sleeve
membr,member
mizer,misery
nebul,fog
organ,organ
parti,faction
pastr,cleric
radik,root
serur,lock
solid,solid body
sonor,sound
strek,line
ŝvit,sweat
tabak,tobacco
tabel,table
titol,title
tondr,thunder
valiz,luggage
ventr,belly
alumet,match
aparat,device
brasik,cabbage
citron,"citron, lemon"
ĉifon,rag
dekliv,slope
dezert,desert
elektr,electricity
energi,energy
fianĉ,fiancé
hirund,swallow bird
kelner,server
kvalit,quality
majstr,maestro
mantel,cape
martel,hammer
matrac,mattress
menton,chin
oranĝ,orange
origin,origin
potenc,power
salajr,wage
sekund,sec
societ,society
stomak,stomach
ŝultr,shoulder
tapiŝ,rug
tritik,wheat
aventur,adventure
cigared,cigarette
distanc,distance
embaras,embarrassment
kamarad,comrade
kaserol,stew pot
komitat,committee
kongres,congress
kvadrat,square
magazen,storehouse
pasport,passport
politik,politics
registr,register
ter/pom##,ter/pom##
akcident,accident
aŭtobus,bus
aŭtomat,auto device
ĉokolad,chocolate
direktor,director
instinkt,instinct
karakter,character
kaŭĉuk,rubber
material,material
standard,flag
telegraf,telegraph
restoraci,eatery
ark,arc
baz,base
beb,infant
bub,brat
bud,hut
fel,fur
hok,hook
huf,hoof
jur,law
kas,cash box
kin,film
kom,comma
kot,mud
lup,wolf
mam,breast
map,map
min,mine
mus,mouse
net,final copy
nod,knot
orf,orphan
ort,right angle
pat,pan
pil,cell
pir,pear
pup,doll
rat,rat
rip,rib
rob,robe
tip,type
ton,tone
urs,bear
var,goods
vel,sail
vit,grapevine
abel,bee
aŭt,car
bluz,blouse
boat,boat
brov,brow
cerb,brain
ĉek,check
ĉen,chain
disk,disk
dram,play
drap,woolen cloth
duŝ,shower
ezok,pike
farb,paint
febr,fever
fend,cleft
foir,market
fost,post
frag,berry
fulg,soot
funt,pound
gant,glove
geni,genius
glor,glory
golf,bay
hajl,hail
hero,hero
kemi,chemistry
kord,string
kork,cork stopper
krad,grid
kran,valve
kret,chalk
kriz,crisis
kron,crown
kugl,bullet
kupr,copper
lift,elevator
list,list
mast,mast
nadl,needle
nerv,nerve
oliv,olive
park,park
pasi,passion
pask,Easter
pelt,fur
plet,tray
poem,poem
proz,prose
pulm,lung
pulv,powder
rang,rank
revu,journal
ritm,rhythm
seks,sex
sens,sense
silk,silk
simi,ape
sojl,threshold
stil,style
stri,stripe
ŝel,shell
tend,tent
verb,verb
verg,stick
vert,crown
vidv,widower
virt,virtue
vual,veil
vulp,fox
afiŝ,poster
album,album
almoz,alms
arane,spider
asoci,association
avenu,avenue
aviad/il##,aviad/il##
barel,barrel
bazar,market
betul,birch
brems,brake
butik,shop
detal,detail
diabl,devil
emoci,emotion
enigm,puzzle
esenc,essence
faŭk,maw
fizik,physics
framb,raspberry
grajn,grain
ĥemi,chemistry
ideal,ideal
juvel,jewel
katen,shackle
kitel,smock
kruĉ,jug
krust,crust
kubut,elbow
kukol,cuckoo
kverk,oak
lamen,thin layer
marĉ,swamp
metod,method
model,model
motor,engine
nivel,level
palac,palace
panj,mom
penik,paintbrush
pioĉ,pickaxe
plumb,lead
poezi,poetry
salon,lounge
saŭc,sauce
sitel,bucket
sklav,slave
sport,sport
stamp,stamp
stang,rod
stump,stump
ŝtal,steel
ŝtof,fabric
teatr,theater
teori,theory
teren,land
trajn,train
trajt,trait
trunk,trunk
venen,toxin
veŝt,vest
abomen,Abhorrence
anĝel,angel
animal,animal
apetit,appetite
apotek,pharmacy
benzin,gasoline
bicikl,bike
bombon,candy
cement,cement
ĉeriz,cherry
desert,sweet dish
fabrik,factory
financ,finance
funebr,mourning
funkci,function
garaĝ,garage
imperi,empire
impost,tax
impres,impression
kalkan,heel
kalson,underwear
kamion,truck
kandel,candle
kanzon,song
kastel,castle
klient,client
kol/um##,kol/um##
kurten,curtain
mandat,mandate
mister,mystery
moskit,mosquito
muskol,muscle
ombrel,Umbrella
paĉj,dad
parfum,scent
patron,patron
petrol,oil
posten,post
pozici,position
proces,lawsuit
profit,gain
proviz,supply
pulvor,powder
recept,recipe
rekord,record
rezerv,reserve
signal,signal
sistem,system
surfac,surface
ŝofor,driver
tajlor,tailor
trezor,treasure
trikot,knitwear
vakcin,vaccine
advokat,lawyer
alkohol,alcohol
ampleks,size
broŝur,pamphlet
bulvard,boulevard
deficit,deficit
ekonomi,economy
elefant,elephant
ĵurnal,newspaper
kabinet,cabinet
kapital,funds
koncert,concert
krepusk,twilight
kvartal,district
miliard,billion
pejzaĝ,scenery
problem,issue
profesi,profession
simpati,sympathy
student,student
ŝraŭb,screw
tempest,storm
traktor,tractor
tri/angul##,tri/angul##
trotuar,sidewalk
adjektiv,adjective
dekoraci,decoration
ekvilibr,balance
esperant,Esperanto
hospital,hospital
intelekt,intellect
kalendar,calendar
kilometr,km
komision,committee
meĥanik,mechanics
milimetr,mm
original,original work
pretekst,pretext
struktur,structure
telegram,telegram
tribunal,court
bibliotek,library
fundament,foundation
inĝenier,engineer
konferenc,conference
konscienc,conscience
literatur,literature
meĥanism,mechanism
rekompenc,reward
respublik,republic
sekretari,secretary
apartament,apartment
aŭtomobil,car
aŭtoritat,authority
instrument,tool
medikament,medicine
temperatur,temp
cirkonstanc,situation
eksperiment,experiment
mal/varm/um##,mal/varm/um##
ajl,garlic
akn,pimple
aks,axis
akt,act
ale,path
alg,alga
apr,boar
azi,Asia
bal,dance party
bet,beet
buk,buckle
cep,onion
cir,shoe polish
dot,dowry
eĥ,echo
fab,bean
fac,face
fag,beech
fig,fig
gal,bile
gru,crane
gum,gum
hal,hall
jug,yoke
kal,callus
kaz,case
kub,cube
lad,tin sheet
lak,lacquer
lap,burr
lin,flax
lot,draw
luk,skylight
mas,mass
mat,mate
nuk,nape
pap,pope
pav,peacock
pig,magpie
pus,pus
ran,frog
ren,kidney
rib,currant
rim,rhyme
rol,role
ros,dew
sag,arrow
sin,bosom
ski,ski
sof,sofa
tig,stalk
tuf,tuft
tun,ton
vip,whip
akci,stock
atom,atom
aven,oats
bant,knot
bark,small boat
bask,train
bend,band
blok,block
bors,stock market
bovl,bowl
brid,bridle
brut,livestock
bukl,curl
bulb,bulb
bulk,bun
cerv,deer
cign,swan
ĉel,cell
dand,dandy
diet,diet
dorn,thorn
etap,stage
etat,statement
feĉ,dregs
felt,felt
frak,tails
fraz,sentence
fung,mushroom
garb,bunch
gent,clan
glav,sword
gobi,gudgeon
gram,gram
greg,herd
grip,flu
grot,cave
gudr,tar
ĝib,hump
heĝ,hedge
himn,hymn
ĥor,chorus
kaĉ,mush
kaĝ,cage
kaka,cocoa
kakt,cactus
karn,flesh
karp,carp
kejl,peg
kern,core
klub,club
korv,crow
kosm,cosmos
kult,worship
laĉ,lace
lard,bacon
larv,larva
lice,lyceum
likv,liquid
lili,lily
maiz,corn
malv,mallow
mens,mind
menu,menu
miel,honey
musk,moss
muze,museum
nuks,nut
oper,opera
oval,egg-shaped
palm,palm tree
palt,coat
pane,breakdown
perl,pearl
pian,piano
pice,spruce tree
pipr,pepper
plag,scourge
prun,plum
pudr,powder
punt,lace
raci,reason
rent,income
ruin,ruin
rust,rust
situ,location
sled,sled
sorg,sorghum
spik,ear
spur,track
stan,tin
sulk,ridge
takt,beat
tali,waist
tigr,tiger
tort,tart
tram,tram
trup,troupe
vaks,wax
vejn,vein
vesp,wasp
vind,diaper
zink,zinc
afrik,Africa
agent,agent
akord,accord
akrid,Locust
aktor,actor
alarm,alert
ampol,"bulb, ampoule"
angil,eel
anser,goose
artik,joint
bacil,bacillus
bambu,bamboo
banan,banana
brand,brandy
bronz,bronze
buked,bouquet
cigar,cigar
cikad,cicada
cinam,cinnamon
cindr,ash
cirkl,circle
civit,city-state
ĉerk,coffin
debet,debt
diant,carnation
dogan,duty
efekt,impression
ekran,screen
emajl,enamel
event,event
fabel,fairy tale
fasad,façade
fason,tailoring
fluid,fluid
fotel,armchair
front,front
funel,funnel
ĝerm,germ
hepat,liver
horde,barley
infer,hell
ironi,irony
kaban,hut
kahel,tile
kajut,cabin
kamel,camel
kanal,canal
kankr,"Crab, crayfish"
karaf,carafe
kokos,coconut
krani,skull
krest,comb
kukum,cucumber
kupon,voucher
kusen,cushion
latun,brass
laŭb,bower
lekci,lecture
lesiv,lye
limak,slug
logik,Logic
lotus,lotus
melon,melon
moral,moral
muzel,snout
nilon,nylon
ocean,sea
palat,palate
palis,stake
papag,parrot
paser,sparrow
pensi,pension
peron,stoop
pilot,pilot
pland,foot sole
plast,plastic
porci,share
princ,prince
pupil,eye pupil
rabat,discount
rafan,radish
raŭp,larva
resum,summary
rimen,strap
roman,novel
salat,salad
salik,willow
satir,satire
sciur,squirrel
sekal,rye
sekci,section
senat,senate
split,flake
spong,sponge
stadi,stage
statu,statue
sterk,fertilizer
strig,owl
strut,ostrich
ŝink,ham
ŝtip,log
tapet,wallpaper
tarif,tariff
tegol,roof tile
tekst,text
teras,terrace
tomat,tomato
tuber,bump
tunel,tunnel
velur,velvet
veruk,wart
vezik,sac
volum,tome
adverb,adverb
akcent,accent
alaŭd,lark
amator,amateur
amerik,America
arteri,artery
asfalt,asphalt
aŭtor,author
barbir,barber
buĝet,budget
bulten,bulletin
cikatr,scar
cikoni,stork
cirkel,compass
daktil,date fruit
dialog,dialogue
ego/ist##,ego/ist##
eklezi,church
emerit,retiree
eŭrop,Europe
fajenc,pottery
fazeol,bean
fontan,fountain
formik,ant
formul,formula
fripon,rogue
furaĝ,fodder
galoŝ,overshoe
gvardi,elite guard
ĝemel,twin
hangar,aircraft shed
haring,herring
hazard,chance
hektar,hectare
herold,herald
higien,hygiene
impuls,impulse
insign,badge
intest,gut
jubile,celebration
karton,cardboard
kasked,visor cap
kavern,cave
kirurg,surgeon
klimat,climate
klinik,clinic
kolegi,college
kolomb,dove
kolumn,column
komedi,comedy
konsul,consul
konval,lily of valley
kornik,crow
kostum,attire
kredit,credit
kukurb,gourd
kunikl,bunny
kurent,current
lacert,lizard
licenc,permit
maleol,ankle
materi,matter
mirtel,blueberry
monstr,monster
oficir,officer
orator,speaker
papili,butterfly
pendol,pendulum
period,cycle
persik,peach
pionir,pioneer
planed,planet
platan,plane tree
plural,plural
profet,prophet
prolet,proletarian
pronom,pronoun
reakci,reactionary
reĝim,regime
rivolu,revolution
ruband,ribbon
skorpi,scorpion
spinac,spinach
stamen,stamen
statur,height
surtut,overcoat
ŝakal,jackal
ŝaŭm,foam
teknik,technique
testud,turtle
torent,torrent
trafik,traffic
tumult,uproar
turism,tourism
turist,tourist
vertic,vertex
viktim,sacrifice
violon,violin
vulkan,volcano
vultur,vulture
abrikot,apricot
akademi,academy
alfabet,alphabet
alumini,aluminum
ambasad,embassy
anekdot,anecdote
apertur,opening
apostol,apostle
asemble,meeting
bagatel,trifle
bakteri,bacterium
bandaĝ,bandage
bifstek,beefsteak
budĝet,budget
burĝon,bud
central,central facility
cirkvit,circuit
ĉar/um##,ĉar/um##
dimensi,dimension
ekvator,equator
element,element
epidemi,epidemic
fantazi,fantasy
fenomen,phenomenon
gelaten,gelatin
general,general
girland,wreath
harmoni,harmony
instanc,court
invalid,disabled person
kaldron,boiler
kaŝtan,chestnut
katalog,catalog
kirurgi,surgery
kolonel,colonel
komisar,commissioner
kompani,firm
koncept,concept
konkord,harmony
konkurs,contest
koridor,hallway
kristal,crystal
lantern,lantern
latitud,latitude
medicin,medicine
mineral,mineral
minimum,least
ministr,minister
obstakl,barrier
orkestr,orchestra
pacifik,Pacific Ocean
palpebr,lid
pantofl,slipper
paradiz,Heaven
paralel,parallel line
plastik,plastic art
portret,portrait
princip,principle
program,program
projekt,plan
proverb,proverb
provinc,province
rendevu,appointment
sin/ten##,sin/ten##
situaci,situation
stadion,stadium
subjekt,subject
teĥnik,technique
tendenc,trend
tinktur,dye
tradici,tradition
tragedi,tragedy
traktat,treaty
trumpet,trumpet
uniform,uniform
vegetal,plant
viadukt,bridge
volumen,volume
zoologi,zoology
atlantik,Atlantic
avantaĝ,advantage
bracelet,bracelet
cirkuler,circular letter
dokument,doc
federaci,federation
generaci,generation
geografi,geography
gramatik,grammar
ĝendarm,military police
horizont,horizon
individu,person
kandidat,candidate
karnaval,carnival
kategori,category
komun/um##,komun/um##
krokodil,crocodile
longitud,longitude
maksimum,max limit
marmelad,marmalade
monument,monument
paraŝut,parachute
pasaĝer,passenger
pland/um##,pland/um##
porcelan,china
procent,percent
profesor,professor
radiator,radiator
regiment,regiment
rekt/angul##,rekt/angul##
sandviĉ,sandwich
sindikat,union
singular,singular
specimen,sample
spektakl,spectacle
substanc,substance
teritori,territory
vertikal,plumb
ambasador,envoy
aŭstrali,Australia
centimetr,cm
ekspozici,exhibition
inspektor,inspector
kalkan/um##,kalkan/um##
konfidenc,secret talk
lokomotiv,locomotive
matematik,math
metalurgi,metallurgy
ministeri,ministry
najtingal,nightingale
ortografi,spelling
parlament,parliament
proletari,proletarian
propozici,proposition
psikologi,psychology
suplement,supplement
termometr,thermometer
elektronik,electronics
helikopter,chopper
horizontal,level
komplement,complement
konsekvenc,Outcome
konstituci,constitution
laboratori,lab
leŭtenant,lieutenant
mediterane,Mediterranean
substantiv,noun
universitat,university
s-ro##,s-ro##
s-ino##,s-ino##
sinjor/in##,sinjor/in##
alk,elk
aln,alder
ann,Anne
bed,garden bed
boa,boa snake
buf,Toad
cim,bug
col,inch
dam,noblewoman
dig,dike
duk,duke
fav,ringworm
fok,seal
fut,foot
gad,cod
gam,scale
gri,grits
guf,eagle owl
huz,beluga sturgeon
kan,reed
ken,resinous wood
ker,hearts
kil,keel
kuf,cap
kul,midge
kup,cupping glass
laf,lava
lir,lyre
lod,half-ounce
lol,rye
mac,matzo
mel,badger
mes,Mass
mev,gull
muf,muff
muk,mucus
mul,mule
nap,turnip
peg,woodpecker
pol,Pole
pul,flea
rap,turnip
rif,reef
rod,mooring
rot,squad
rub,debris
rum,rum
rus,Russian
seb,animal fat
sel,saddle
tez,essay
tul,tulle fabric
ulm,elm
uln,ulna
unc,ounce
urn,ancient pot
vil,tuft
abat,abbot
acer,maple
akar,mite
alte,mallow
alun,alum
amel,starch
anas,duck
angl,Briton
aniz,anise
ankr,anchor
arĉ,bow
arde,heron
aren,arena
atut,trump card
avel,nut
aviz,notice
azot,nitrogen
bast,inner bark
bert,Berta
blat,roach
bram,bream
bran,bran
burd,bee
cedr,cedar
citr,zither
ĉam,chamois
ĉan,gun hammer
dogm,dogma
drak,dragon
drog,drug
ebon,ebony
eter,ether
fabl,fable
falk,hawk
fibr,fiber
flan,flat pastry
flok,wisp
flut,flute
fraj,spawn
ftiz,TB
gajl,gall
gips,plaster
glan,acorn
glim,mica
graf,count
gril,cricket
gros,Gooseberry
gurd,hand organ
ibis,ibis
idol,idol
kalk,lime
kand,sugar candy
kard,thistle
karo,diamond
kask,Helmet
kaze,curd
kegl,pin
klap,flap
klav,key
kluz,sluice
kojn,wedge
koks,hip
konk,shell
kren,horseradish
krep,crepe
krop,craw
krup,croup
lake,servant
laks,diarrhea
legi,legion
lent,lentil
lepr,leprosy
lian,vine
lien,spleen
link,lynx
liut,lute
lojt,burbot
lorn,binoculars
lumb,loin
lutr,otter
magi,magic
mana,manna
mari,Mary
mask,mask
maŝ,mesh
meĉ,wick
mejl,mile
ment,mint
merl,blackbird
mesi,Messiah
mili,millet
mirh,myrrh
mirt,myrtle
misi,mission
mops,pug
most,grape juice
niĉ,niche
omar,lobster
opal,opal
ostr,oyster
paru,titmouse
peĉ,pitch
pelv,bowl
perk,perch fish
pest,plague
petr,Peter
pini,pine tree
pips,bird disease
plik,Polish plait
plot,roach
popl,poplar
pram,ferry boat
sakr,sacrum
salm,salmon
sepi,cuttlefish
sofi,Sofia
sorp,rowan berry
spat,spar
spin,spine
stab,staff
step,steppe
stip,stalk
stof,stoff
stup,tow
ŝak,chess
ŝal,shawl
ŝam,chamois leather
taft,taffeta
talp,mole
tetr,grouse
tibi,shin bone
tili,linden
tine,moth
torf,peat
trab,beam
tref,club (cards)
tril,trill
trip,tripe
trog,trough
tron,throne
truf,truffle
trul,trowel
trut,trout
turd,thrush
turk,Turk
turt,turtle dove
uter,uterus
ŭat,watt
vafl,Waffle
vals,waltz
vekt,scale beam
zebr,zebra
altar,altar
ambos,anvil
anton,Anton
ardez,slate
argil,clay
aspid,asp
balen,whale
barĉ,borscht
boben,coil
brank,gill
bubal,buffalo
bufed,buffet
cejan,cornflower
dativ,dative case
datur,thorn apple
demon,evil spirit
denar,denarius
deviz,motto
domen,dominoes
embri,embryo
emili,Emilia
ermen,ermine
ermit,hermit
facet,facet
fazan,pheasant
femur,thigh
filik,fern
flegm,calmness
fokus,focus
franc,French
frank,franc
fring,finch
galon,trim
gazel,gazelle
genot,genet
georg,George
gitar,guitar
gland,gland
groŝ,groschen coin
hebre,Hebrew
heder,ivy
herez,heresy
herni,hernia
hirud,leech
hosti,Eucharist bread
husar,hussar
ĥaos,chaos
idili,idyll
johan,John
jozef,Joseph
kalik,chalice
kambi,exchange bill
kamer,chamber
kanab,hemp
kanap,sofa
kapel,chapel
kapon,capon
kapor,caper bush
kapot,hood
karas,crucian
karob,carob
katun,cotton fabric
kerub,cherub
kiras,armor
klaft,fathom
kloŝ,bell jar
koaks,coke
koleg,colleague
kolon,pillar
komiz,clerk
komod,dresser
konus,cone
kopek,kopeck
koran,Quran
kramp,clamp
kring,ring roll
krisp,frill
krist,Christ
kupol,dome
kvarc,quartz
kvart,fourth
lanug,fluff
laŭr,laurel
libel,dragonfly
liken,lichen
livre,uniform
loĝi,box
lupol,hop plant
lustr,chandelier
luter,Luther
medal,medal
meriz,wild cherry
moned,jackdaw
morus,mulberry
moŝt,honorific title
negoc,trade
nobel,nobleman
novic,novice
nuanc,nuance
oblat,wafer
okzal,sorrel
orden,decoration
orgen,pipe organ
paĝi,page (servant)
papav,poppy
pariz,Paris
paŭl,Paul
pavim,pavement
pedik,louse
perĉ,ruff
piked,sentry
pilol,pill
pirit,pyrite
pirol,bullfinch
piroz,heartburn
piŝt,piston
pluŝ,plush fabric
poent,score
pokal,Goblet
polus,pole
potas,potash
prujn,frost
pudel,poodle
pumik,pumice
punĉ,punch (drink)
putor,polecat
raben,rabbi
rapir,rapier
regol,goldcrest
rezin,resin
rostr,trunk
ruben,ruby
safir,sapphire
salvi,sage
sigel,seal
silab,syllable
silik,flint
silur,catfish
silvi,warbler
sirop,syrup
skabi,scab
skadr,squadron
skarp,scarf
skvam,scale
sorik,shrew
spion,spy
spron,spur
stabl,workbench
sturg,sturgeon
sturn,starling
ŝalm,pipe
ŝark,shark
ŝelk,braces
ŝild,shield
ŝind,wood tile
ŝlim,mud
taban,fly
tavol,layer
tempi,temple
tetan,tetanus
tetra,hazel hen
timon,drawbar
topaz,topaz
torĉ,torch
tromb,waterspout
tulip,tulip
ulcer,ulcer
urtik,nettle
vanil,vanilla
vasal,vassal
velen,calfskin paper
verst,verst
vezir,vizier
vipur,viper
vokal,vowel
zenit,zenith
zibel,sable
zizel,ground squirrel
absces,abscess
absint,wormwood
alcion,kingfisher
amfibi,amphibian
ananas,pineapple
artrit,joint inflammation
atripl,orache
berlin,Berlin
bismut,bismuth
boraks,borax
buljon,broth
bulonj,Boulogne
buŝel,bushel
centim,centime
cikori,Chicory
cimbal,cymbal
cinabr,red mineral
cipres,cypress
ĉarpi,lint cloth
damask,damask fabric
delfen,dolphin
didelf,opossum
embusk,ambush
epolet,epaulet
erinac,hedgehog
ernest,Ernest
eskadr,naval squadron
faktur,bill
falbal,frill
fantom,ghost
faring,throat
fenkol,fennel
ferdek,deck
fistul,fistula
flanel,flannel
fosfor,phosphorus
franĝ,fringe
furunk,boil
fusten,fustian fabric
galeri,gallery
gamaŝ,gaiter
german,German person
granat,pomegranate
granit,granite
grenad,grenade
grifel,stylus
ĝiraf,giraffe
haladz,stench
hamstr,hoard
hispan,Spaniard
ĥimer,chimera
ĥoler,cholera
ingven,groin
izrael,Israel
jasmen,jasmine
kaleŝ,coach
kalvin,Calvin
kamfor,camphor
kamlot,camlet
kanajl,rogue
kanari,Canary bird
kantor,choir member
kanvas,canvas
kapsul,capsule
kapuĉ,hood
kardel,goldfinch
karmin,carmine
karpen,hornbeam
kastor,beaver
kaviar,caviar
kobalt,cobalt
kobold,sprite
kolbas,sausage
kolibr,hummingbird
kolimb,loon
kolubr,colubrid
komuni,communion
kontor,office
kontur,outline
kornic,cornice
korpus,corps
koturn,quail
kraken,cracker
kratag,hawthorn
krater,crater
kronik,chronicle
kurier,messenger
lampir,firefly
laring,larynx
lavang,avalanche
legend,legend
lekant,daisy
lentug,freckle
levkoj,gilliflower
likvor,liqueur
litani,litany
london,London
magnet,magnet
makzel,jaw
mangan,manganese
markot,layering
marmor,marble
marmot,marmot
mastik,putty
migdal,almond
miogal,muskrat
miozot,forget-me-not
monaĥ,monk
morbil,measles
morter,mortar
muskat,nutmeg
muslin,muslin fabric
mustel,weasel
nanken,cotton fabric
narcis,narcissus
nikola,Nicholas
notari,notary
orakol,oracle
paletr,palette
panter,panther
parget,wood floor
paroĥ,parish
parter,ground floor
pastel,drop
patent,patent
patrol,patrol team
pfenig,pfennig
pistak,pistachio
pistol,gun
plastr,dressing
platen,platinum
ponard,dagger
porfir,porphyry
porter,porter beer
primol,primrose
prunel,sloe
purpur,purple
rekrut,new recruit
rempar,rampart
risort,coil
rosmar,walrus
rozari,rosary
rubrik,heading
safran,saffron
sambuk,elder tree
sankci,sanction
sardel,pickled fish
sceptr,royal staff
selakt,whey
servic,crockery set
servut,serfdom
siring,lilac
skapol,scapula
skarab,beetle
skolop,woodcock
skurĝ,whip
sofism,fallacy
sopran,soprano
spalir,row
stefan,Stephen
sufiks,suffix
sukcen,amber
sulfur,sulfur
talent,talent
tambur,drum
tenden,tendon
teodor,Theodore
termin,term
testik,testicle
timian,thyme
tombak,tombac
traĥe,windpipe
tremol,aspen
tribun,podium
tropik,tropics
turban,turban
turkis,turquoise
turnir,tourney
urogal,grouse
variol,smallpox
viburn,viburnum
vikari,vicar
vinagr,vinegar
vizier,hat brim
volupt,sensuality
ablativ,ablative case
antimon,antimony
arleken,clown
arsenik,arsenic
artifik,artifice
asparag,asparagus
bajonet,bayonet
bastion,fortification
beladon,belladonna
biskvit,biscuit
ĉampan,bubbly wine
ĉarnir,hinge
diamant,gemstone
episkop,bishop
eŝafod,gallows
fraksen,ash tree
frangol,glossy buckthorn
fringel,siskin
genitiv,genitive
henriet,Henrietta
hidrarg,mercury
hiskiam,henbane
histrik,porcupine
jugland,walnut
juniper,juniper
kalikot,calico
kamizol,camisole
kamomil,chamomile
kapitan,ship captain
kapitel,column top
kapreol,roe deer
kapucen,Capuchin monk
karaben,carbine
kartoĉ,cartridge
karusel,merry-go-round
kavalir,knight
klarnet,clarinet
klister,enema
kokluŝ,whooping cough
kolofon,rosin
kompres,compress
kurator,guardian
kvitanc,receipt
leontod,dandelion
leopard,leopard
limonad,lemonade
lonicer,honeysuckle
ludovik,Ludwig
lunatik,madman
maroken,Moroccan leather
marŝal,marshal
meleagr,turkey
membran,membrane
miĥael,Michael
monarĥ,ruler
mustard,mustard
negliĝ,negligee
nikodem,Nicodemus
novjork,NYC
oksigen,oxygen
oksikok,cranberry
parazit,parasite
pasteĉ,pâté
pelikan,pelican
perdrik,partridge
poligon,polygon
prefiks,prefix
redakci,editorial office
rinocer,rhino
salpetr,saltpeter
sentenc,maxim
skarlat,scarlet
skorbut,scurvy
skrofol,scrofula
smerald,emerald
sterled,sterlet
stertor,heavy breath
ŝiller,Schiller
umbilik,navel
univers,universe
varsovi,Warsaw
verdigr,verdigris
vertebr,spine
vespert,bat
vestibl,foyer
vilhelm,William
virtuoz,virtuoso
vitriol,sulfuric acid
zingibr,ginger
akcipitr,hawk
akuzativ,accusative
argument,plea
arĥaism,old word
artiŝok,artichoke
baldaken,canopy
briliant,gem
diplomat,diplomat
distrikt,district
elizabet,Elizabeth
fragment,fragment
framason,Freemason
frugileg,rook
hidrogen,hydrogen
hortulan,ortolan
institut,institute
kantarid,beetle
kariofil,clove
kartilag,cartilage
katarakt,eye cataract
koĉenil,dye insect
kokcinel,ladybug
konvulsi,seizure
leksikon,lexicon
marcipan,marzipan
medalion,locket
monarĥi,monarchy
obstrukc,obstruction
paradoks,paradox
parentez,brackets
particip,participle
pasament,braid
pastinak,parsnip
pergamen,parchment
peritone,peritoneum
perlamot,nacre
petromiz,lamprey
petrosel,parsley
ranunkol,buttercup
redaktor,editor
rezultat,outcome
rosmaren,rosemary
serĝent,sergeant
sublimat,sublimate
taĉment,squad
terebint,turpentine
tornistr,pack
zamenhof,Zamenhof
aleksandr,Alexander
anunciaci,Annunciation
balustrad,railing
ĉambelan,court officer
ĉarlatan,quack
deklinaci,declension
diplomati,diplomacy
ekscelenc,Excellency
ekzempler,copy
entuziasm,zeal
fortepian,grand piano
galanteri,toiletries
iĥtiokol,isinglass
instituci,institution
instrukci,directive
kancelari,chancellery
kancelier,chancellor
kataplasm,poultice
kondolenc,condolence
konjugaci,verb conjugation
konjunkci,conjunction
konsonant,consonant
korporaci,corporation
kvaranten,quarantine
nominativ,nom. case
pentekost,Pentecost
piedestal,stand
prepozici,prep.
privilegi,privilege
promontor,cape
salamandr,salamander
testament,will
vermiĉel,vermicelli
interjekci,interjection
superstiĉ,superstition
vaŝington,Washington
violonĉel,cello
arĥitektur,architecture
interpunkci,punctuation
jork,York
parok,parish
navig,sailing
kaos,chaos
kimer,chimera
korus,choir
monak,Monaco monk
iktiokol,ichthyocoll
ald,alto
alo,aloe
api,celery
ari,aria
bas,bass
car,tsar
dog,mastiff
dok,dock
doz,dose
ego,self
elf,elf
etn,ethnic group
faz,phase
fon,backdrop
fuk,jetsam
gaz,gauze
gem,jewel
hum,humus
jod,iodine
jud,Jew
kep,military cap
lat,batten
lob,lobe
mim,mime artist
mit,myth
muz,muse
nas,fish trap
nav,nave
niz,hawk
oaz,oasis
opi,opium
puf,puff
raj,ray
ras,race
ref,reef
rit,rite
rut,rue
sod,soda
tif,typhus
tog,toga
viz,visa
agat,agate
aĝi,exchange premium
alen,awl
ambr,ambergris
amor,love
aort,aorta
arom,aroma
astm,asthma
astr,celestial body
azil,refuge
bard,bard
bomb,bomb
bosk,small grove
brom,bromine
bust,torso
cend,cent
cidr,cider
cirk,circus
dali,dahlia
dign,dignity
duel,duel
duet,duet
ebur,ivory
eden,Eden
egid,shield
erik,heath plant
etik,ethics
etim,word origin
fars,farce
fili,branch
fisk,treasury
furi,fury
gnom,earth spirit
grog,grog (drink)
gruz,gravel
ĝin,gin
hidr,hydra
hien,hyena
irid,iris
iris,iris
istm,isthmus
jesu,Jesus
junk,rush plant
kabl,cable
kali,potassium
kame,cameo
kast,caste
klor,chlorine
kofr,trunk
kolz,colza
kont,account
krab,crab
kres,cress
kupe,compartment
laik,layperson
lama,lama monk
lanc,spear
lens,lens
lord,noble title
malt,malt
mani,mania
medi,enviro
milv,kite
mitr,miter
moru,codfish
mosk,musk
mumi,mummy
naft,crude oil
negr,Negro
nimb,halo
norm,standard
obol,obolus
ogiv,ogee
orgi,orgy
ozon,ozone
penc,penny
pleb,commoners
podi,stage
polk,polka dance
pomp,splendor
pore,leek
rabi,rabies
rism,ream
romb,rhombus
rubl,ruble
sabr,saber
sagu,sago flour
sald,balance
salv,volley
sekt,sect
sfer,sphere
skem,chart
skol,school
slip,card
sokl,base
sold,military pay
sole,flatfish
spad,rapier
ŝah,shah
talk,talcum
teni,tapeworm
tiar,tiara
tink,tench
tors,torso
tost,toast
trop,trope
turb,top
ukaz,edict
ulan,lancer
uzur,usury
verv,verve
vink,periwinkle
visk,mistletoe
vist,whist
vizi,vision
zuav,Algerian soldier
abism,abyss
adept,follower
afiks,affix
afust,gun carriage
agraf,fastener
akaci,acacia
akciz,excise tax
aksel,armpit
albin,albino
alibi,alibi
aline,indentation
alkov,alcove
amfor,amphora
angin,throat inflammation
angor,anguish
anten,antenna
apati,apathy
apoge,apogee
arkad,archway
arkiv,archive
arnik,arnica
atlas,atlas
atlet,athlete
aviad,aviation
balad,ballad
balet,ballet
barak,shack
baron,baron
basen,basin
beril,beryl
bibli,Bible
bigot,fanatic
biret,beret
bitum,bitumen
bivak,camp
breĉ,gap
broĉ,brooch
bronk,bronchial tube
cigan,Gypsy
cikut,hemlock
ĉifr,code
debat,debate
dekan,dean
dilem,dilemma
diluv,flood
divan,couch
dolar,dollar
drakm,drachma
dukat,ducat coin
edikt,edict
eklog,pastoral poem
ekzem,eczema
elegi,elegy
elips,ellipsis
elizi,elision
emfaz,emphasis
epope,epic poem
fagot,bassoon
fakir,ascetic
fatal,fate
feŭd,fief
fiakr,cab
fiask,fiasco
final,finale
fjord,fjord
forum,forum
fresk,fresco painting
furor,craze
galer,galley
galop,gallop
garol,jay
goril,gorilla
hamak,hammock
harem,harem
harpi,harpy
helic,propeller
helik,snail
hisop,hyssop
hoboj,oboe
humer,upper arm bone
idiom,idiom
idiot,idiot
ileks,holly
iluzi,illusion
indiga,indigo
jalap,jalap
jud/ism##,jud/ism##
kabal,cabal
kadet,cadet
kalif,caliph
kanon,cannon
karat,carat
kazin,casino
kinin,quinine
kirŝ,kirsch
kloak,sewer
kobaj,Guinea pig
kokon,cocoon
kolik,colic
kolos,colossus
komet,comet
koral,coral
korne,cornea
korol,flower crown
kozak,Cossack
krabr,hornet
kreol,Creole
kript,crypt
kulis,backdrop
kumin,cumin
kvast,tassel
kvint,fifth interval
lagun,lagoon
lapis,silver nitrate
larik,larch
later,side
lazur,azure
legat,papal envoy
lirik,lyric poem
madon,Madonna
major,army major
mamut,mammoth
medol,core
meduz,jellyfish
melas,molasses
melis,balm-mint
miasm,toxic air
mimoz,mimosa plant
mitul,mussel
moske,mosque
motiv,motive
natri,sodium
nikel,nickel
nimfe,waterlily
noktu,screech owl
nomad,nomad
novel,novella
nunci,papal envoy
oksid,oxide
oktav,octave
oniks,onyx
optik,optics
orbit,orbit
oriol,oriole
ovaci,ovation
pagod,pagoda
panel,panel
panik,panic
paraf,initials
patos,pathos
pedal,pedal
pedel,minor official
peoni,peony
peruk,wig
pigme,pygmy
pirat,pirate
pivot,pivot
polip,polyp
polis,policy
pomad,pomade
prior,abbey head
prism,prism
psalm,hymn
raket,rocket
rebus,puzzle
retin,retina
retor,rhetorician
rezed,mignonette
ricin,castor plant
rokok,rococo style
rubus,bramble
rutin,habit
saliv,saliva
satan,Satan
saten,satin fabric
seraf,angel
sifon,siphon
sinap,mustard plant
sinod,synod
siren,siren
skalp,scalp
skerc,musical joke
skism,schism
sonat,sonata
sonet,sonnet
spasm,spasm
sperm,sperm
splen,gloom
stopl,stubble
strof,verse
sutan,cassock
ŝose,road
ŝpat,spade
taler,thaler
tanin,tannin
tarok,tarot
teism,theism
teist,believer in God
templ,temple
tenor,tenor
teror,terror
tindr,tinder
tiran,tyrant
tonel,ton
trofe,trophy
trust,business trust
tunik,tunic
utopi,Utopia
vanel,lapwing
vinkt,fastener
viper,viper
viski,whisky
zefir,breeze
advent,Advent
aksiom,axiom
akvari,tank
algebr,algebra
alkemi,alchemy
ambici,ambition
amulet,charm
anagal,pimpernel
anarki,anarchy
anatom,anatomist
anĉov,anchovy
anemon,anemone
anilin,aniline
aplomb,poise
apolog,fable
arbust,shrub
arĥiv,archive
asesor,advisor
ateism,atheism
ateist,atheist
aŭkci,auction
balast,ballast
balkon,balcony
balzam,balm
bandit,outlaw
barbar,savage
barier,barrier
bateri,battery
batist,fine fabric
bazalt,basalt
beletr,lit. works
bilanc,balance sheet
bilard,billiards
binokl,binoculars
biolog,biologist
blazon,emblem
blokad,blockade
bordel,brothel
braman,Brahmin
brigad,brigade
buduar,private room
burnus,cloak
celeri,celery
cidoni,quince
ciklon,cyclone
ciklop,Cyclops
dekret,edict
depeŝ,dispatch
despot,despot
diabet,diabetes
diadem,crown
diakon,deacon
diplom,diploma
divizi,division
dragon,cavalryman
eklips,eclipse
eksces,excess
ekstaz,ecstasy
ekvaci,equation
emblem,symbol
emulsi,emulsion
endivi,endive
epilog,epilogue
epitet,descriptor
epizod,episode
erupci,eruption
eskort,escort
estrad,stage
etiket,etiquette
eŭnuk,castrated man
ezofag,esophagus
faktor,factor
falang,phalanx
fanfar,fanfare
feniks,phoenix
feston,garland
fetiĉ,idol
fleksi,inflection
floren,florin
format,format
frakci,fraction
fregat,frigate
galant,snowdrop
gangli,nerve node
genist,broom
geolog,geologist
gerani,geranium
gigant,giant
glazur,glaze
glikoz,glucose
glukoz,glucose
gondol,gondola
grafit,graphite
gulden,guilder
harpun,harpoon
hetman,commander
hipnot,hypnosis
incens,incense
indeks,index
inflam,inflammation
jaguar,jaguar
jezuit,Jesuit
ĵaket,jacket
kadavr,corpse
kadenc,cadence
kalibr,caliber
kameli,camellia
kantat,cantata
kanton,canton
karbon,carbon
karcer,cell
karier,career
kariol,trap
katedr,cathedral
kaŭci,bail
kazern,barracks
kokard,badge
kolodi,collodion
koloni,colony
kompas,compass
kondor,condor
konjak,cognac
korife,chorus leader
kornet,cornet
korsar,pirate
korset,corset
korvet,corvette
kotlet,cutlet
kursiv,italic
laktuk,lettuce
lavend,lavender
loteri,lottery
lucern,church lamp
maksim,maxim
malari,malaria
marasm,wasting
markiz,marquis
martir,martyr
masaĝ,massage
mazurk,mazurka
medium,medium
melodi,melody
mentor,guide
merkat,market
mespil,medlar
meteor,atmospheric event
metrik,metrics
mikrob,microbe
mirakl,miracle
miriad,countless
molusk,soft-bodied animal
monark,ruler
morfin,morphine
mozaik,mosaic
munici,ammo
nektar,nectar
orkide,orchid
paĉul,patchouli
parodi,parody
pavian,baboon
pedant,pedant
pepsin,pepsin enzyme
petard,firework
piastr,piaster
pistil,pestle
podagr,gout
ponton,flatboat
portal,entrance
portik,portico
prelat,high-ranking cleric
prelud,prelude
premis,premise
profan,profane
profil,side face
prolog,prologue
puding,pudding
pupitr,desk
pustul,pustule
rabarb,rhubarb
regent,regent
rektor,head
relief,raised design
retort,chemical vessel
romanc,romance
rotond,round building
sandal,sandal
santal,sandalwood
sarong,wrap skirt
satrap,governor
sektor,sector
septet,septet
serajl,harem
sevrug,sturgeon
sfinks,sphinx
siluet,silhouette
simbol,symbol
sinkop,fainting
sintez,synthesis
skelet,skeleton
sofist,sophist
spektr,spectrum
spiral,coil
sponde,spondee
suflor,prompter
sultan,sultan
ŝalup,launch
ŝankr,venereal ulcer
ŝarad,word puzzle
taksus,yew tree
taktik,tactic
talmud,Talmud
tamtam,gong
tandem,tandem bike
tapiok,tapioca
teolog,theologian
teorem,theorem
terapi,treatment
tercet,three-line poem
termit,termite
tonsur,tonsure
torped,torpedo
trapez,trapezoid
tribut,tribute
triumf,triumph
turbin,turbine
unison,unison
uragan,hurricane
vampir,vampire
verand,porch
vermut,vermouth
vinjet,decorative design
zigzag,zigzag
zodiak,zodiac
admiral,naval chief
aerolit,meteorite
aforism,aphorism
agronom,agronomist
akrobat,acrobat
akvarel,watercolor
alegori,allegory
alĥemi,alchemy
almanak,calendar
ambrozi,Ambrosia
ametist,amethyst
amnesti,pardon
anagram,anagram
analogi,analogy
anapest,anapest
anatomi,anatomy
angelik,angelica
anomali,anomaly
antilop,antelope
antipod,antipode
antitez,antithesis
apoteoz,deification
apozici,apposition
arabesk,ornate design
arkaism,archaic term
asonanc,assonance
atavism,throwback
atribut,attribute
aŭreol,halo
bankier,banker
barikad,barricade
bariton,baritone
bastard,illegitimate child
bazilik,basilica
biograf,biographer
biologi,biology
bisturi,scalpel
bombast,pompous talk
botanik,botany
celuloz,cellulose
ceramik,ceramic
cilindr,cylinder
cistern,water tank
citadel,fortress
ĉevron,rafter
demagog,rabble-rouser
diagnoz,diagnosis
dialekt,dialect
diametr,diameter
difteri,diphtheria
diftong,diphthong
dinamik,dynamics
dinamit,explosive
dinasti,dynasty
doktrin,doctrine
ekspres,express train
eliksir,elixir
eminenc,eminence
epiderm,skin layer
epifani,Epiphany
epigraf,inscription
epigram,witty saying
erudici,erudition
estetik,aesthetic
etim/olog##,etim/olog##
etiolog,disease expert
evoluci,evolution
farmaci,pharmacy science
filolog,philologist
filozof,philosopher
fonetik,phonetics
fronton,pediment
gangren,gangrene
gardeni,gardenia
gencian,gentian
geodezi,geodesy
geograf,geo expert
geologi,geology
geometr,geometrician
gerundi,gerund
gilotin,guillotine
gimnast,gymnast
gimnazi,high school
guberni,province
hiacint,hyacinth
hipotek,mortgage
hipotez,hypothesis
histeri,hysteria
homonim,homonym
ĥirurg,surgeon
judaism,Judaism
ĵargon,jargon
kalomel,calomel
kanaben,linnet
kanibal,cannibal
kanonik,canon
kaporal,corporal
karamel,caramel
karavan,caravan
kartuŝ,cartouche
katolik,Catholic
kazemat,fortified gun room
komplot,plot
koncesi,concession
kontakt,contact
korsaĵ,bodice
kreozot,creosote
kriteri,standard
kvadril,dance
kvestor,treasurer
letargi,lethargy
liturgi,worship service
lozanĝ,rhombus
lumbrik,worm
mahagon,mahogany
majolik,majolica
makadam,macadam
makaron,macaroon
malakit,malachite
mansard,attic
marĝen,margin
matador,bullfighter
mekanik,mechanics
merlang,whiting
metafor,metaphor
minaret,minaret
mirabel,mirabelle
molekul,molecule
monarki,monarchy
monolog,monologue
monopol,monopoly
nikotin,nicotine
obelisk,obelisk
oleandr,oleander
oligark,oligarch
omnibus,bus
onobrik,sainfoin
optativ,wish mood
pacient,patient
palinur,lobster
pamflet,satirical pamphlet
panoram,panorama
papirus,papyrus
parabol,"parable, parabola"
parafin,wax
paskvil,satire
paŝtel,pastel
patolog,pathologist
patrici,noble
patriot,patriot
pedagog,educator
pelerin,cape
pension,boarding place
percept,perception
pilastr,pillar
piramid,pyramid
plagiat,plagiarism
plantag,plantain
polemik,debate
prefekt,prefect
procesi,procession
prognoz,forecast
prozodi,prosody
puritan,Puritan
retorik,rhetoric
revizor,auditor
samovar,tea urn
sarkasm,sarcasm
segment,line segment
sekreci,secretion
semafor,signal
serenad,serenade
sifilis,syphilis
simetri,symmetry
simfoni,symphony
simptom,symptom
sinagog,Jewish temple
sinedri,Sanhedrin
sinonim,synonym
sintaks,syntax
skandal,scandal
skrupul,carefulness
stearin,stearin
sugesti,suggestion
ŝiling,shilling
taburet,stool
tangent,tangent
teokrat,theocrat
teologi,theology
trombon,trombone
ultimat,ultimatum
uvertur,music intro
variant,variant
vazelin,Vaseline
verdikt,verdict
veteran,veteran
vokativ,vocative
abnegaci,self-denial
adjutant,aide
aeroplan,plane
agronomi,agronomy
akvafort,etching
akvilegi,columbine
alabastr,alabaster
aligator,alligator
ambulanc,ambulance
antipati,aversion
antologi,collection
apostrof,apostrophe
arbalest,crossbow
areometr,density meter
arkeolog,archaeologist
arkitekt,architect
artileri,artillery
astrolog,astrologer
astronom,stargazer
atmosfer,air
aŭdienc,audience
balistik,ballistics
balzamin,balsam plant
banderol,wrapper
barelief,low relief
batalion,military unit
bazilisk,basilisk
biografi,biography
ceremoni,ritual
dekadenc,decadence
delegaci,delegation
demagogi,demagoguery
demokrat,democrat
diafragm,diaphragm
diagonal,diagonal line
diapazon,tuning fork
didaktik,teaching method
difterit,diphtheria
diktator,dictator
disĉipl,disciple
dispepsi,indigestion
ditiramb,Bacchic hymn
dromedar,dromedary
ekstrakt,extract
epilepsi,epilepsy
erizipel,erysipelas
etimologi##,etimologi##
etiologi,etiology
etnograf,ethnographer
evangeli,gospel
faksimil,fax copy
fakultat,faculty
felieton,serial feature
feminism,feminism
feminist,feminist
filologi,philology
filozofi,philosophy
fiziolog,physiologist
fonograf,cylinder phonograph
galantin,meat jelly
garnitur,accessories
garnizon,garrison
genealog,family historian
geometri,geometry
glicerin,glycerin
gliciriz,licorice
grafolog,handwriting expert
gramofon,record player
gutaperk,gutta-percha
halebard,poleaxe
harmonik,harmonica
hegemoni,dominance
hekatomb,sacrifice
hierarki,hierarchy
hipodrom,racecourse
honorari,honorarium
horoskop,horoscope
hortensi,hydrangea
ĥirurgi,surgery
idiotism,idiom
imperial,top deck
indiĝen,native
inkognit,in disguise
intervju,interview
kalendul,marigold
kardinal,cardinal
katafalk,bier stand
katakomb,catacomb
katedral,cathedral
katekist,catechist
kavaleri,cavalry
komandit,limited partnership
konfekci,ready-made clothes
konflikt,conflict
kontralt,alto voice
kontrast,contrast
konvenci,treaty
kosmetik,makeup
kreditor,creditor
ksilofon,xylophone
kvocient,quotient
labirint,maze
laŭreat,winner
logaritm,logarithm
logogrif,word puzzle
makaroni,pasta
mandaren,Qing official
mandolin,mandolin
manifest,declaration
manometr,pressure gauge
margarin,margarine
marionet,puppet
maŭzole,tomb
mekanism,mechanism
melodram,melodrama
meridian,meridian line
metronom,metronome
metropol,city center
mikrofon,mic
miniatur,miniature
monogram,monogram
monomani,obsession
naftalin,naphthalene
narkotik,drug
navigaci,navigate
nekrolog,obituary
nepotism,favoritism
nihilism,nihilism
nihilist,nihilist
nostalgi,nostalgia
numismat,coin expert
obligaci,bond
oligarĥ,oligarch
oligarki,rule by few
optimism,optimism
optimist,optimist
organism,organism
orografi,mountain study
pacifism,peace advocacy
pacifist,peace advocate
palanken,palanquin
panteism,pantheism
panteist,pantheist
pantomim,mime
paradigm,paradigm
parafraz,paraphrase
paragraf,section
partitur,score
patologi,pathology
pedagogi,teaching
perimetr,perimeter
peristil,colonnade
pesimism,pessimism
pesimist,pessimist
pleonasm,redundancy
poliglot,polyglot
preterit,past tense
procedur,procedure
projekci,projecting
proporci,ratio
prospekt,brochure
protokol,minutes
prototip,prototype
prozelit,convert
psikolog,psychologist
referenc,referral
renesanc,rebirth
reputaci,reputation
revelaci,revelation
revolver,revolver
rojalist,royalist
sacerdot,priest
sakristi,sacristy
sarkofag,stone coffin
seminari,seminar
sensaci,sensation
sfinkter,muscle ring
silogism,syllogism
solecism,language error
stipendi,scholarship
strategi,strategy
subvenci,subsidy
talisman,charm
tamburin,tambourine
tarantel,dance
tarantul,tarantula
teleskop,scope
teokrati,theocracy
tipograf,print expert
topograf,mapmaker
toreador,bullfighter
transept,transept
tuberkul,tubercle
amfiteatr,amphitheater
apopleksi,stroke
arbitraci,arbitration
arĥeolog,archaeologist
arĥitekt,architect
aritmetik,math
arkeologi,archaeology
arkipelag,island group
astrologi,astrology
astronomi,astronomy
aŭditori,auditorium
aŭtograf,autograph
aŭtokrat,autocrat
deklaraci,declaration
demokrati,democracy
dialektik,dialectics
disciplin,discipline
disenteri,dysentery
entomolog,bug scientist
etnografi,ethnography
filantrop,philanthropist
fiziologi,physiology
fizionomi,face traits
fotografi,photo art
genealogi,genealogy
gladiator,gladiator
grafologi,handwriting analysis
harmonium,reed organ
heksametr,hexameter
heliotrop,heliotrope
hidrofobi,water fear
hieroglif,glyph
higrometr,humidity gauge
hipopotam,hippo
homeopati,homeopathy
ideografi,picture writing
imperativ,command form
imperfekt,imperfect tense
impresari,impresario
indikativ,indicative mood
infanteri,infantry
infinitiv,infinitive
inkvizici,religious trial
intendant,steward
kabriolet,convertible
kandelabr,candelabrum
karikatur,caricature
kartograf,mapmaker
kastanjet,castanet
katalepsi,trance
katastrof,disaster
kateĥist,catechist
kompromis,compromise
konduktor,conductor
konkurenc,competition
kontinent,continent
kontrabas,double bass
konvolvul,bindweed
kosmogoni,universe origin
kosmograf,space cartographer
krizantem,chrysanthemum
kronologi,chronology
kronometr,chronometer
krucifiks,cross statue
kvadratur,quadrature
litografi,lithography
lokomobil,traction engine
melankoli,gloom
metafizik,metaphysics
mikrometr,micrometer
mikroskop,microscope
mineralog,mineral expert
monoteism,monotheism
neologism,new word
oligarĥi,rule by few
ornitolog,bird expert
ostracism,exile
paleograf,paleographer
palisandr,rosewood
paroksism,fit
pentametr,pentameter
plutokrat,wealthy ruler
politeism,polytheism
providenc,divine care
pulĉinel,Punch
purgatori,purgatory
recitativ,recitative
reformaci,Reformation
rekrement,dregs
repertuar,repertoire
rezignaci,resignation
sakrament,sacrament
sekundant,duel witness
skarlatin,scarlet fever
skolastik,scholasticism
somnambul,sleepwalker
sortiment,stock
spekulaci,speculation
spirit/ism##,spirit/ism##
spirit/ist##,spirit/ist##
stalagmit,stalagmite
stalaktit,stalactite
statistik,stats
ŝovinism,jingoism
ŝovinist,chauvinist
tipografi,printing
topografi,land study
velociped,early bicycle
veterinar,vet
vivisekci,vivisection
abiturient,graduate
alternativ,option
anakronism,anachronism
antropolog,anthropologist
arĥeologi,archaeology
arĥipelag,island group
aristokrat,noble
arkitektur,architecture
aŭtokrati,autocracy
beletristik,belletristic lit.
bibliograf,book list expert
civilizaci,civilization
dinamometr,dynamometer
ekskrement,waste
entomologi,insect study
eŭkaristi,Eucharist
filantropi,charity
hipertrofi,enlargement
ingredienc,ingredient
inkvizitor,religious judge
kartografi,mapmaking
koeficient,coefficient
kompliment,flattery
kongregaci,congregation
konsistori,cardinal council
kontraband,smuggling
kontribuci,reparations
kosmografi,cosmography
kosmopolit,cosmopolitan
krestomati,text collection
kvintesenc,fifth element
manufaktur,factory
manuskript,manuscript
metamorfoz,transformation
meteorolog,weather expert
mineralogi,study of minerals
naturalism,naturalism
numismatik,coin study
ornitologi,bird study
paleografi,study of old writing
perspektiv,viewpoint
plutokrati,rule by the wealthy
pneŭmatik,tire
prerogativ,right
pseŭdonim,alias
stenografi,shorthand
subjunktiv,subjunctive mood
superlativ,superlative degree
tuberkuloz,TB
admiralitat,naval HQ
antropologi,anthropology
aristokrati,nobility
bibliografi,bibliography
cirkumfleks,circumflex mark
demonstraci,proof
departement,department
enciklopedi,encyclopedia
hermafrodit,hermaphrodite
hidrostatik,fluid statics
hidroterapi,water therapy
imperialism,empire rule
inaŭguraci,inauguration
kalejdoskop,kaleidoscope
kondicional,conditional
konfederaci,confederation
konglomerat,rock mixture
kontrapunkt,counterpoint
manifestaci,protest
metempsikoz,soul transfer
meteorologi,weather science
observatori,observatory
paleontolog,fossil expert
pleŭronekt,flatfish
protagonist,lead role
protektorat,protectorate
pseŭd,pseudo
racional/ism##,racional/ism##
racional/ist##,racional/ist##
reŭmatism,rheumatism
temperament,disposition
tragikomedi,tragicomedy
administraci,admin management
demonstrativ,demonstrative pronoun
konservatori,music academy
paleontologi,fossil study
paralelogram,parallelogram
spiritualism,idealism
spiritualist,idealist
trigonometri,trigonometry
aŭtobiografi,autobiography
t.e.,i.e.
k.t.p.,etc.
kiom,how many
kiom##,kiom##
kiom##,kiom##
dum,while
dum##,dum##
ĝis,till
ĝis##,ĝis##
anstataŭ,instead of
anstataŭ##,anstataŭ##
kiu##,kiu##
kiu,who
tiu##,tiu##
tiu,that one
ĉiu,each
ĉiu##,ĉiu##
neniu,no one
neniu##,neniu##
ambaŭ,both
ambaŭ##,ambaŭ##
tiu ĉi##,tiu ĉi##
tiu ĉi##,tiu ĉi##
fiks,fixed
fiks##,fiks##
fals,fake
fals##,fals##
ĉu##,ĉu##
ĉu,is it?
kial,why
kial##,kial##
kiel,how
kiel##,kiel##
tamen,yet
tamen##,tamen##
apenaŭ,barely
apenaŭ##,apenaŭ##
kvazaŭ,as if
kvazaŭ##,kvazaŭ##
ĉirkaŭ,around
ĉirkaŭ##,ĉirkaŭ##
precip##,precip##
precip,chiefly
tut,whole
tut##,tut##
rest##,rest##
rest,remainder
ĉiel,in every way
ĉiel##,ĉiel##
interes,interest
interes##,interes##
lig,bind
lig##,lig##
rul,roll
rul##,rul##
arm##,arm##
arm,weaponry
fos,dig
fos##,fos##
plant,plant
plant##,plant##
orient##,orient##
orient,east
fald,fold
fald##,fald##
kaj,and
kaj##,kaj##
amas,mass
amas##,amas##
kopi,copy
kopi##,kopi##
fotograf,photograph
fotograf##,fotograf##
ĉar,because
ĉar##,ĉar##
fikci##,fikci##
fikci,fiction
nul,zero
nul##,nul##
klar##,klar##
klar,clear
artikol,article
artikol##,artikol##
aŭgust,August
aŭgust##,aŭgust##
por,for
por##,por##
opozici,oppose
opozici##,opozici##
fot,photo
vibr,vibrate
oscil,oscillate
fluktu,fluctuate
indigo,indigo
ad##,ad##
ad,continuously
ag,act
al,to
am,love
an,member
ar,group
as,present tense
at,ongoing
av,bird
bo,in-law
ci,thy
da,of
de,of/from
di,god
Di##,Di##
do,so
du,two
ec,-ness
eg,extremely
ej,place
ek,start
el,from
em,inclined
en,in
er,unit
et,small
fe,fairy
fi##,fi##
fi,vile
ge,both genders
ha,ah!
he,hey!
ho,Oh!
ia,some kind of
id,offspring
ie,somewhere
ig,cause
il,tool
in,female
io,something
ir,go
is,was
it,-completed
iu##,iu##
iu,someone
ja,indeed
je,at
ju,the more
ke,that
l',the
la,the
li,his
lu,rent
mi,my
ne,not
ni,our
nj,-feminine diminutive
nu,now
od,ode
ok,eight
ol,than
on,fraction
op,collectively
or,gold
os,will
ot,not yet started
ov,egg
pi,devout
po,each
re,again
se,if
si,self
te,tea
uj,container
ul,-person
um,undefined suffix
ur,aurochs
us,conditional ending
uz,use
ve,woe
vi,your
homeopat,homeopath
zoolog,animal scientist