###❝Rdzeń esperancki❞,Wiersze oznaczone jako ❝(dokładnie identyczny) rdzeń esperancki❞ mają taki sam priorytet jak te posiadające odpowiadający ciąg znaków zastępczych  ale w rzeczywistości oznaczają że żadne zastępowanie znaków (kanji) nie jest wykonywane.
Rdzeń esperancki##,Polskie tłumaczenie z adnotacjami ruby##
adiaŭ,żegnaj
bis,bis
hura,hurra
ŭa,łaaa!
kia,jaki
tia,taki
ĉia,wszelki
kies,czyj
nenia,żaden
ali,inny
alt,wysoki
bel,piękny
bon,dobry
jun,młody
nov,nowy
sam,ten sam
fort,silny
grav,ważny
kelk,kilka
last,ostatni
long,długi
mult,wiele
plen,pełny
riĉ,bogaty
ruĝ,czerwony
facil,łatwy
grand,duży
liber,wolny
rapid,szybki
feliĉ,szczęśliwy
proksim,bliski
fru,wcześnie
pur,czysty
sol,sam
ver,prawdziwy
cert,pewny
nigr,czarny
varm,ciepły
afabl,miły
blank,biały
dolĉ,słodki
neces,konieczny
propr,własny
simpl,prosty
dekstr,prawy
kuraĝ,odważny
trankvil,spokojny
blu,niebieski
dik,gruby
gaj,wesoły
hel,jasny
kar,drogi
lac,zmęczony
san,zdrowy
sat,pełny
just,sprawiedliwy
prav,słuszny
pret,gotowy
util,użyteczny
verd,zielony
apart,osobny
atent,uważny
fremd,obcy
ĝust,poprawny
komun,wspólny
larĝ,szeroki
agrabl,przyjemny
divers,różny
intern,wewnętrzny
sufiĉ,wystarczający
kontent,zadowolony
profund,głęboki
mol,miękki
pez,ciężki
sek,suchy
brun,brązowy
egal,równy
flav,żółty
griz,szary
kulp,winny
lert,zręczny
rekt,prosty
saĝ,mądry
vast,szeroki
ceter,pozostały
freŝ,świeży
simil,podobny
kapabl,zdolny
serioz,poważny
efektiv,rzeczywisty
ordinar,zwykły
akr,ostry
fam,sławny
ies,czyjś
avar,chciwy
dens,gęsty
eben,płaski
fier,dumny
firm,stały
nepr,niezbędny
plat,płaski
plur,wiele
surd,głuchy
vigl,żywy
fidel,wierny
kviet,spokojny
matur,dojrzały
sankt,święty
spert,doświadczony
subit,nagły
taŭg,odpowiedni
honest,uczciwy
konven,odpowiedni
plur,wiele
preciz,dokładny
strang,dziwny
delikat,delikatny
ĝentil,grzeczny
komfort,wygodny
pacienc,cierpliwy
special,specjalny
ĝeneral,ogólny
konstant,stały
lam,kulawy
mut,niemy
nud,nagi
pal,blady
ruz,chytry
van,próżny
acid,kwaśny
glat,gładki
kler,wykształcony
krud,surowy
mild,łagodny
abund,obfity
blind,ślepy
blond,blond
ĉarm,uroczy
etern,wieczny
favor,korzystny
graci,wdzięk
humil,pokorny
laŭt,głośny
sever,surowy
stult,głupi
fortik,mocny
frenez,szalony
kurioz,dziwny
privat,prywatny
sincer,szczery
evident,oczywisty
oportun,wygodny
prudent,rozsądny
sci/vol##,sci/vol##
diligent,pracowity
proksim/um##,proksim/um##
ard,żarzący się
avid,żądny
brav,odważny
ebri,pijany
krut,stromy
naiv,naiwny
nobl,szlachetny
sobr,trzeźwy
humid,wilgotny
ident,identyczny
komik,komiczny
kripl,kaleki
kruel,okrutny
moder,umiarkowany
sagac,bystry
seren,spokojny
sprit,błyskotliwy
akurat,punktualny
fervor,żarliwy
inklin,skłonność
ĵaluz,zazdrosny
kapric,kapryśny
modern,nowoczesny
modest,skromny
nenies,niczyj
normal,normalny
sovaĝ,dziki
ekstrem,skrajny
elegant,elegancki
eminent,wybitny
komplet,pełny
oficial,oficjalny
perfekt,doskonały
probabl,prawdopodobny
reciprok,wzajemny
indiferent,obojętny
inteligent,inteligentny
amar,gorzki
imun,odporny
real,rzeczywisty
ties,jego
unik,unikalny
vant,próżny
virg,dziewiczy
aktiv,aktywny
civil,cywilny
ĉies,wszystkich
elast,elastyczny
human,ludzki
intim,bliski
kaduk,zniszczony
koket,kokieteryjny
lojal,lojalny
malic,złośliwy
mir/ind##,mir/ind##
raŭk,chrypliwy
rigid,sztywny
sekur,bezpieczny
solen,uroczysty
tener,czuły
valid,ważny
abrupt,nagły
absurd,absurdalny
aktual,aktualny
arbitr,samowolny
aŭdac,śmiały
ekzakt,dokładny
furioz,wściekły
graved,w ciąży
klasik,klasyczny
majest,majestatyczny
nervoz,nerwowy
oblikv,skośny
obstin,uparty
plen/aĝ##,plen/aĝ##
social,społeczny
subtil,subtelny
tragik,tragiczny
absolut,absolutny
kontant,gotówka
popular,popularny
relativ,względny
sin/don##,sin/don##
solidar,solidarny
vegetar,wegetariański
familiar,znajomy
grandioz,wspaniały
kolektiv,zbiorowy
sin/gard##,sin/gard##
kompetent,kompetentny
universal,uniwersalny
kvit,wolny
miop,krótkowzroczny
punc,szkarłatny
ranc,zjełczały
ĉast,czysty
ekstr,dodatkowy
masiv,masywny
antikv,starożytny
arogant,arogancki
konform,zgodny
trivial,błahy
elokvent,elokwentny
kriminal,kryminalny
predikat,orzeczenie
akut,ostry
dual,podwójny
hirt,nastroszony
kalv,łysy
banal,banalny
cinik,cyniczny
gotik,gotycki
inert,bezwładny
obtuz,tępy
okult,okultystyczny
pasiv,bierny
rigor,surowy
stoik,stoicki
analog,analogowy
anonim,anonimowy
arkaik,archaiczny
diafan,przezroczysty
efemer,ulotny
erotik,erotyczny
fiktiv,fikcyjny
formal,formalny
frivol,lekkomyślny
intens,intensywny
invers,odwrotny
konciz,zwięzły
konkav,wklęsły
mistik,mistyczny
neŭtr,neutralny
vulgar,wulgarny
akcesor,dodatkowy
apokrif,apokryficzny
arĥaik,archaiczny
burlesk,burleska
decimal,dziesiętny
diskret,dyskretny
fanatik,fanatyczny
grotesk,groteskowy
konkret,konkretny
kontinu,ciągły
liberal,liberalny
monoton,monotonny
negativ,negatywny
nominal,nominalny
pozitiv,pozytywny
radikal,radykalny
skeptik,sceptyczny
solvent,wypłacalny
abstrakt,abstrakcyjny
aŭtonom,autonomiczny
eventual,ewentualny
inkluziv,zawarty
neŭtral,neutralny
objektiv,obiektywny
ortodoks,ortodoksyjny
primitiv,prymitywny
provizor,tymczasowy
racional,racjonalny
romantik,romantyczny
sinoptik,synoptyczny
spontane,spontaniczny
aŭtentik,autentyczny
definitiv,ostateczny
ekskluziv,wyłączny
korelativ,korelacyjny
respektiv,odpowiedni
subjektiv,subiektywny
transitiv,przechodni
spekulativ,spekulacyjny
impertinent,bezczelny
konservativ,konserwatywny
sentimental,sentymentalny
dek,dziesięć
mil,tysiąc
sep,siedem
ses,sześć
tri,trzy
unu,jeden
cent,sto
kvar,cztery
kvin,pięć
naŭ,dziewięć
aŭ,lub
nek,ani
sed,ale
kvankam,chociaż
plus,plus
minus,minus
ĉe,przy
kun,z
per,przez
pri,o
pro,z powodu
sen,bez
sub,pod
sur,na
tra,przez
apud,przy
krom,oprócz
laŭ,według
post,po
inter,między
super,nad
trans,przez
antaŭ,przed
ekster,poza
preter,obok
kontraŭ,przeciwko
malgraŭ,mimo
ĝi,jego
ili,ich
kio,co
oni,ktoś
ŝi,ona
tio,to
ĉio,wszystko
nenio,nic
tio ĉi##,tio ĉi##
dis,roz-
mal,przeciw-
ĉef,główny
eks,były
mis,błędny
pra,pra-
dev,musieć
dir,mówić
don,dać
est,być
far,robić
fin,koniec
hav,mieć
kon,znać
leg,czytać
lev,podnieść
met,położyć
mov,ruszać
pet,prosi
pov,móc
rid,śmiać się
sci,znać
sid,siedzieć
ten,trzymać
ven,przyjść
vid,widzieć
viv,żyć
vol,chcieć
ĝoj,cieszyć się
help,pomóc
kred,wierzyć
lern,uczyć się
loĝ,mieszkać
mort,umrzeć
okaz,zdarzyć się
port,nieść
pren,brać
sekv,następować
send,wysłać
star,stać
dezir,pragnąć
labor,pracować
milit,wojna
montr,pokazać
parol,mówić
ricev,otrzymać
skrib,pisać
ŝajn,wydawać się
vetur,jechać
demand,pytać
komenc,zacząć
kompren,zrozumieć
respond,odpowiadać
bat,bić
fal,spaść
kri,krzyczeć
kur,biec
las,puścić
lum,świecić
mir,dziwić się
pag,płacić
pas,przejść
reg,rządzić
son,dźwięk
tim,bać się
tir,ciągnąć
aŭd,słyszeć
brul,palić
dank,dziękować
dorm,spać
ferm,zamykać
flug,lecieć
halt,zatrzymać
ĵet,rzucać
kant,śpiewać
kost,kosztować
mank,brakować
nask,rodzić
okup,zajmować
pens,myśleć
perd,stracić
prem,naciskać
prov,próbować
sent,czuć
turn,obracać
aĉet,kupić
atend,czekać
bezon,potrzebować
kresk,rosnąć
manĝ,jeść
memor,pamiętać
serĉ,szukać
trink,pić
konsil,radzić
permes,pozwolić
postul,żądać
rakont,opowiadać
rigard,patrzeć
rimark,zauważyć
ŝanĝ,zmień
vojaĝ,podróżować
konstru,budować
prezent,przedstawić
renkont,spotkać
bru,hałasować
dub,wątpić
lav,myć
lud,grać
pen,starać się
vek,obudzić
vok,wołać
aper,pojawić się
bril,błyszczeć
erar,błądzić
fest,świętować
frap,uderzyć
gajn,wygrać
kapt,chwytać
kaŝ,ukryć
kovr,kryć
kuir,gotować
kuŝ,leżeć
paŝ,krok
plor,płakać
romp,łamać
salt,skakać
serv,służyć
tuŝ,dotknąć
vend,sprzedać
zorg,troszczyć się
batal,walka
elekt,wybrać
esper,mieć nadzieję
koler,zły
mezur,mierzyć
opini,sądzić
ordon,rozkaz
plend,narzekać
ripoz,odpocząć
salut,witać
sufer,cierpieć
akcept,przyjąć
forges,zapomnieć
kalkul,liczyć
komerc,handlować
konduk,prowadzić
pardon,przebaczyć
silent,milczeć
tranĉ,ciąć
konsent,zgodzić się
aŭskult,słuchać
ban,kąpać
flu,płynąć
kre,twórz
mok,drwić
amuz,bawić
ĉes,przestać
efik,skuteczny
gard,strzec
juĝ,sądzić
klin,pochylić
pend,wisieć
puŝ,pchać
spir,oddychać
stud,badać
ŝat,ceni
tond,strzyc
traf,trafić
ating,osiągnąć
decid,decydować
estim,szanować
invit,zaprosić
kurac,leczyć
marŝ,maszerować
plaĉ,podobać się
ripet,powtórzyć
ŝlos,zamknąć
ŝtel,kraść
vizit,odwiedzić
aranĝ,ustawić
ekzist,istnieć
instru,uczyć
intenc,zamierzać
kompat,współczuć
prefer,wolić
prepar,przygotować
promen,spacerować
promes,obiecać
sukces,sukces
konserv,zachować
bol,wrzeć
kis,całować
obe,słuchać
paf,strzelać
pel,gnać
pik,kłuć
pun,karać
sav,ratować
tus,kaszleć
akir,zdobyć
apog,wspierać
atak,atakować
bala,zamiatać
blov,dmuchać
ĉas,polować
danc,tańczyć
eduk,kształcić
evit,unikać
fleg,pielęgnować
glit,ślizg
gvid,prowadzić
ĝen,przeszkadzać
hejt,grzać
hont,wstydzić się
imag,wyobrażać
imit,naśladować
komb,czesać
mend,zamówić
miks,mieszać
naĝ,pływać
plug,orać
pres,drukować
soif,spragniony
spez,obracać
ŝir,rwać
trem,drżeć
trov,znaleźć
venk,pokonać
viŝ,wytrzeć
volv,zwinąć
anonc,ogłosić
aprob,zatwierdzać
avert,ostrzec
merit,zasługiwać
minac,grozić
pentr,malować
posed,posiadać
preĝ,modli się
rifuz,odmówić
rilat,dotyczyć
ripar,naprawić
skrap,skrobać
ŝerc,żartować
tromp,oszukać
defend,bronić
desegn,rysować
esting,zgasić
inform,poinformować
kompar,porównać
kondut,zachowywać się
konfes,przyznać
konsci,świadomy
kultur,uprawiać
mensog,kłamać
rezult,wyniknąć
rikolt,zbierać
streĉ,napiąć
ŝovel,przerzucać
akompan,towarzyszyć
aparten,należeć
bedaŭr,żałować
konsist,składać się
organiz,organizować
progres,postępować
respekt,szanować
riproĉ,ganić
diferenc,różnić się
rekomend,polecić
korespond,korespondować
enu,nudzić się
fid,ufać
ĝu,cieszyć się
hak,ciąć
log,kusić
pek,grzeszyć
pes,zważyć
raz,golić
dron,utonąć
fajf,gwizdać
fand,topić
farm,dzierżawić
fart,zdrowie
frot,trzeć
ĝem,jęczeć
krev,pękać
kudr,szyć
mord,gryźć
muel,mielić
nutr,karmi
odor,pachnieć
rajd,jeździć
solv,rozwiązać
taks,ocenić
teks,tkać
tent,kusić
urĝ,pilny
babil,gadać
detru,niszczyć
difin,określić
distr,rozpraszać
diven,zgadnąć
divid,dzielić
etend,rozszerzać
evolu,rozwijać się
forĝ,kuć
frand,smakować
grimp,wspinać się
hezit,wahać się
kroĉ,zaczepić
laŭd,chwalić
mason,budować
ofert,oferować
ornam,ozdobić
petol,figlować
sonĝ,śnić
stern,rozłożyć
supoz,przypuszczać
ŝirm,chronić
ŝpar,oszczędzać
ŝtop,zatykać
ŝuld,dłużny
ŝvel,puchnąć
toler,znosić
verŝ,lać
aspekt,wygląd
daŭr/ig##,daŭr/ig##
difekt,uszkodzić
diskut,dyskutować
domaĝ,żałować
ekscit,pobudzać
ekzerc,ćwiczyć
esplor,badać
esprim,wyrazić
konsol,pocieszać
murmur,szeptać
prezid,przewodniczyć
signif,oznaczać
skulpt,rzeźbić
traduk,tłumaczyć
ekskurs,wycieczka
ekzamen,badać
komunik,komunikować
koncern,dotyczyć
konstat,ustalić
protekt,chronić
protest,protestować
renvers,przewrócić
surpriz,zaskoczyć
konsider,rozważać
persekut,prześladować
reprezent,reprezentować
bak,piec
ben,błogosławić
boj,szczekać
bor,wiercić
ced,ustąpić
cit,cytować
lek,lizać
rab,rabować
rav,zachwycać
rem,wiosłować
rev,śnić
seg,piłować
sku,trząść
ted,nudzić
teg,pokryć
abon,subskrybować
dung,zatrudnić
envi,zazdrościć
flar,wąchać
fond,założyć
frit,smażyć
friz,kręcić
gest,gestykulować
glad,prasować
glut,połknąć
ĵur,przysięgać
kned,gnieść
maĉ,żuć
melk,doić
migr,wędrować
munt,montować
ofer,ofiarować
pent,żałować
pruv,udowodnić
pump,pompować
putr,gnić
ramp,pełzać
risk,ryzykować
ronk,chrapać
rost,piec
sven,zemdleć
ŝov,pchać
ŝut,sypać
tajl,ciąć
tord,skręcać
tren,ciągnąć
vari,zmieniać
velk,więdnąć
adici,dodawać
admir,podziwiać
admon,upominać
adopt,adoptować
akcel,przyspieszać
atest,zaświadczyć
ĉerp,czerp
degel,topnieć
deleg,delegować
fleks,zginać
flirt,flirtować
hered,odziedziczyć
influ,wpływać
kares,głaskać
medit,medytować
naŭz,obrzydzać
osced,ziewać
paŝt,paść
paŭz,przerwać
pinĉ,uszczypnąć
plekt,pleść
regal,ucztować
ribel,buntować
sopir,tęsknić
sorĉ,czarować
strik,strajkować
sufok,dusić
sving,machać
ŝarg,ładować
ŝmir,smarować
trakt,traktować
tremp,zanurzyć
afrank,opłacić
asekur,ubezpieczyć
balanc,kołysać
barakt,szamotać się
dediĉ,poświęcić
deklar,ogłosić
destin,przeznaczyć
disput,spierać się
escept,wykluczyć
festen,ucztować
frakas,rozbić
gratul,gratulować
ilustr,ilustrować
import,importować
insist,nalegać
instal,zainstalować
instig,zachęcać
insult,obrażać
komand,dowodzić
komisi,zlecić
konfid,ufać
konfit,konserwować
konfuz,dezorientować
konkur,rywalizować
kritik,krytykować
observ,obserwować
penetr,przenikać
perfid,zdradzić
proced,postępować
raport,raportować
reklam,reklamować
rezign,zrezygnować
rezist,opierać się
rifuĝ,schronić się
brak/um##,brak/um##
civiliz,cywilizować
ĉagren,drażnić
de/pend##,de/pend##
disting,odróżniać
eksplod,wybuchnąć
garanti,gwarantować
komplez,uprzejmy
kondamn,skazać
konfirm,potwierdzać
konjekt,zgadywać
konklud,wnioskować
kontrol,kontrolować
konvink,przekonać
operaci,operować
plen/um##,plen/um##
pretend,twierdzić
suspekt,podejrzewać
turment,dręczyć
distribu,rozdzielać
fanfaron,przechwalać się
kontrakt,umowa
mastr/um##,mastr/um##
prokrast,odłożyć
administr,zarządzać
el/turn/iĝ##,el/turn/iĝ##
entrepren,podjąć
dec,pasować
juk,swędzieć
lul,kołysać
vad,brodzić
vag,błąkać się
vet,zakładać
vom,wymiotować
zum,brzęczeć
ador,czcić
agit,podburzać
akuz,oskarżać
alud,napomknąć
bapt,chrzcić
bind,oprawiać
blek,ryczeć
bred,hodować
buĉ,rzezać
ĉif,gnieść
dikt,dyktować
dres,tresować
ekip,wyposażyć
est/ig##,est/ig##
fast,pościć
flat,schlebiać
flik,łatać
fuĝ,uciekać
fuŝ,spartaczyć
garn,ozdobić
grat,drapać
hav/ig##,hav/ig##
izol,izolować
jung,zaprzęgać
lukt,walczyć
muĝ,ryczeć
opon,sprzeciwiać się
palp,dotykać
pekl,peklować
pere,zginąć
pli/ig##,pli/ig##
sark,plewi
sekc,ciąć
sorb,wchłaniać
spit,na przekór
suĉ,ssać
svat,swatać
tajp,pisać
tern,kichać
tikl,łaskotać
tint,brzęczeć
trik,dziergać
trud,narzucać
vart,opiekować się
adapt,dostosować
aplik,stosować
asert,twierdzić
asist,pomóc
balot,głosować
ĉe/est##,ĉe/est##
delir,majaczyć
depon,złożyć
deput,delegować
enket,ankietować
eskap,uciec
falĉ,kosić
flagr,migotać
for/est##,for/est##
grinc,skrzypieć
ignor,ignorować
impet,pędzić
incit,podżegać
indik,wskazać
insid,podstępny
inund,zalać
kraĉ,pluć
liver,dostarczać
menci,wspomnieć
modif,zmieniać
ofend,obrazić
rezon,rozumować
rivel,ujawnić
start,zacząć
susur,szumieć
ŝpin,prząść
trejn,szkolić
venĝ,mścić
abstin,powstrzymać się
aflikt,dręczyć
altern,zmieniać
balbut,jąkać się
cirkul,krążyć
deĵor,dyżur
denunc,oskarżać
de/ten##,de/ten##
dev/ont/ig##,dev/ont/ig##
digest,trawić
dispon,dysponować
dorlot,rozpieszczać
eksped,wysłać
el/don##,el/don##
establ,założyć
flustr,szeptać
grimac,grymasować
grumbl,narzekać
implik,wikłać
indign,oburzać się
indulg,pobłażać
infekt,zarazić
injekt,wstrzyknąć
inspir,natchnąć
invent,wynaleźć
klopod,starać się
kolizi,zderzyć się
kombin,łączyć
kompon,tworzyć
konsum,zużywać
korekt,poprawić
lubrik,smarować
manovr,manewrować
plonĝ,nurkować
preleg,wykładać
propon,zaproponować
provok,prowokować
recenz,ocenić
redakt,redagować
redukt,zmniejszać
revizi,sprawdzać
ŝpruc,tryskać
aplaŭd,klaskać
blasfem,bluźnić
bon/vol##,bon/vol##
brokant,handel używanymi
eksport,eksportować
ekzekut,wykonać
gust/um##,gust/um##
iniciat,rozpocząć
kalumni,zniesławiać
kompens,wynagrodzić
komplik,skomplikować
kontest,kwestionować
manipul,manipulować
neglekt,zaniedbać
persist,trwać
prononc,wymówić
prosper,prosperować
reflekt,odbijać
re/form##,re/form##
subtrah,odejmować
ŝancel,chwiać
televid,oglądać TV
determin,ustalić
ekspluat,wykorzystać
koncentr,skupić się
mistifik,oszukać
preskrib,przepisać
revoluci,rewolucja
riverenc,ukłon
interpret,tłumaczyć
kompromit,zagrozić
multiplik,mnożyć
propagand,reklamować
konversaci,rozmawiać
interpelaci,interpelować
erp,orać
kov,wysiadywać
lut,lutować
pep,ćwierkać
tan,garbować
agac,irytować
brod,haftować
brog,parzyć
ĉiz,rzeźbić
edif,budować
fajl,piłować
krak,trzaskać
kroz,rejsować
pist,mielić
rasp,trzeć
rast,grabić
rigl,zaryglować
rukt,beknąć
sibl,syczeć
skiz,szkicować
sput,pluć
steb,pikować
stuk,tynkować
ŝim,pleśnieć
torn,toczyć
trot,kłusować
urin,sikać
varb,rekrutować
adult,zdradzać
afekt,udawać
akuŝ,poród
arest,aresztować
asign,przydzielić
atenc,atakować
draŝ,młócić
drink,pić
ekzil,wygnanie
filtr,filtrować
infuz,zaparzyć
kribr,przesiać
parad,paradować
rabot,heblować
rafin,rafinować
satur,nasycić
sieĝ,oblegać
skerm,szermować
strab,zezować
ŝmac,cmok
uzurp,uzurpować
veget,rosnąć
border,obrzeżać
ĉikan,dokuczać
degrad,degradować
diboĉ,rozpusta
distil,destylować
drapir,zasłonić
gargar,płukać
gravur,grawerować
guvern,uczyć
ilumin,oświecić
inokul,szczepić
intrig,intrygować
ĵongl,żonglować
kartav,charczeć
kontuz,stłuc
likvid,zlikwidować
makler,pośredniczyć
plaŭd,pluskać
predik,głosić
rembur,wypchać
ventol,wietrzyć
deĉifr,odszyfruj
degener,degenerować
diskont,dyskontować
ferment,fermentować
kalfatr,uszczelnić
kolport,handlować
kompost,składać
konspir,spiskować
konvert,nawrócić
paraliz,paraliżować
proklam,ogłosić
singult,czkać
ĉarpent,stolarz
hipokrit,obłudny
intermit,przerywać
konstern,zaniepokoić
marĉand,targować się
kapitulac,poddawać się
kaŭteriz,przyżegać
komentari,komentować
koment,komentować
poz,pozować
vak,pusty
boks,boksować
ĝir,przelać
kirl,mieszać
klak,klik
kluk,gdakać
knar,skrzypieć
murd,zabić
pled,apelować
sond,badać
tatu,tatuować
abdik,abdykować
abort,poronić
agoni,umierać
aklam,oklaskiwać
amput,amputować
aneks,anektować
aspir,dążyć
deriv,pochodzić
feder,federować
impon,imponować
invad,najechać
kaŭr,kucać
klaĉ,plotkować
kliŝ,stereotypować
kotiz,płacić
marin,marynować
miaŭ,miauczeć
modul,modulować
refut,obalać
rikan,szydzić
streb,dążyć
svarm,roić się
ŝveb,unosić się
absorb,pochłaniać
akapar,monopolizować
analiz,analizować
asimil,zasymilować
asperg,spryskać
atribu,przypisać
aŭgur,przepowiadać
bojkot,bojkotować
cenzur,cenzurować
dedukt,wnioskować
deklam,recytować
dekolt,dekoltować
indukt,wnioskować
kompil,kompilować
konced,przyznać
konker,zdobyć
korupt,przekupić
kverel,kłócić się
lament,lamentować
narkot,narkotyzować
stimul,pobudzać
strigl,czesać
ŝrump,kurczyć się
amortiz,amortyzować
anticip,przewidywać
apelaci,apelować
bankrot,zbankrutować
bombard,bombardować
emancip,uwolnić
inspekt,kontrolować
katekiz,katechizować
koincid,zbiegać się
konfisk,zająć
konsekr,poświęcić
konsult,konsultować
legitim,uwiarygodnić
mobiliz,zmobilizować
pilgrim,pielgrzymować
improviz,improwizować
inaŭgur,otworzyć
karambol,zderzyć się
kateĥiz,katechizować
klasifik,klasyfikować
kontribu,przyczynić się
litograf,litografować
prostitu,prostytuować
centraliz,centralizować
stenograf,stenografować
ekskomunik,ekskomunikować
karakteriz,charakteryzować
aĵ,rzecz
ant,teraźniejszy
ebl,możliwy
iĝ,stać się
ind,wartościowy
int,ukończony
ism,-izm
ist,ista
obl,krotność
ont,przyszły
estr,szef
aĉ,kiepski
ĉj##,ĉj##
end,konieczny
ing,gniazdo
ajn,jakikolwiek
ĉi##,ĉi##
eĉ##,eĉ##
for,daleko
iam,kiedyś
iom,trochę
jam,już
jen,oto
jes,tak
kie,gdzie
mem,siebie
nun,teraz
nur,tylko
pli,więcej
plu,dalej
tie,tam
tre,bardzo
tro,zbyt
tuj,natychmiast
ĉie,wszędzie
ĵus,właśnie
kiam,kiedy
plej,najbardziej
tial,dlatego
tiam,wtedy
tiel,tak
tiom,tyle
ĉiam,zawsze
nenie,nigdzie
ankaŭ,też
neniam,nigdy
baldaŭ,wkrótce
hieraŭ,wczoraj
hodiaŭ,dziś
morgaŭ,jutro
tie ĉi##,tie ĉi##
almenaŭ,przynajmniej
ankoraŭ,jeszcze
preskaŭ,prawie
tiel ĉi##,tiel ĉi##
oft,często
ial,z jakiegoś powodu
iel,jakoś
volont,chętnie
des,tym bardziej
neniom,żadna ilość
ĉial,z każdej przyczyny
ĉiom,całość
ia/foj##,ia/foj##
nenial,bez powodu
neniel,w żaden sposób
parker,na pamięć
foj,raz
hom,człowiek
jar,rok
kap,głowa
kor,serce
lok,miejsce
man,ręka
nom,nazwa
tag,dzień
ter,ziemia
vir,mężczyzna
voj,droga
afer,sprawa
amik,przyjaciel
form,kształt
kamp,pole
land,kraj
mond,świat
naci,naród
patr,ojciec
temp,czas
vort,słowo
flank,bok
infan,dziecko
patr/in##,patr/in##
ĉambr,pokój
sinjor,pan
akv,woda
arb,drzewo
art,sztuka
dom,dom
edz,mąż
fil,syn
har,włos
hor,godzina
lit,łoże
mar,morze
mon,pieniądz
mur,mur
pac,pokój
pec,kawałek
sun,słońce
urb,miasto
bild,obraz
bird,ptak
buŝ,usta
frat,brat
hejm,dom
knab,chłopiec
kort,dziedziniec
libr,książka
mont,góra
okul,oko
part,część
pied,stopa
pord,drzwi
rajt,prawo
tabl,stół
vent,wiatr
vest,ubranie
fingr,palec
frukt,owoc
kolor,kolor
leter,list
lingv,język
maten,rano
popol,ludzie
punkt,punkt
rimed,środki
valor,wartość
ĉeval,koń
famili,rodzina
fraŭl,kawaler
person,osoba
semajn,tydzień
vesper,wieczór
vizaĝ,twarz
fenestr,okno
aer,powietrze
aĝ,wiek
cel,cel
fer,żelazo
ide,idea
kat,kot
kol,szyja
mez,środek
naz,nos
nub,chmura
ord,porządek
pan,chleb
roz,róża
best,zwierzę
bord,brzeg
brak,ręka
dent,ząb
fajr,ogień
fiŝ,ryba
flor,kwiat
glas,szklanka
hund,pies
korp,ciało
lakt,mleko
lign,drewno
lini,linia
mark,znak
neĝ,śnieg
nokt,noc
onkl,wujek
orel,ucho
plum,pióro
pluv,deszcz
rond,okrąg
sang,krew
seĝ,krzesło
spec,rodzaj
stat,stan
supr,szczyt
ŝip,statek
vitr,szkło
angul,kąt
daŭr,trwanie
dolor,ból
gazet,gazeta
kaŭz,przyczyna
kutim,nawyk
minut,minuta
monat,miesiąc
natur,natura
nombr,liczba
paper,papier
plank,podłoga
river,rzeka
somer,lato
staci,stacja
strat,ulica
suker,cukier
ŝton,kamień
vagon,wagon
veter,pogoda
vintr,zima
aŭtun,jesień
ĉapel,kapelusz
direkt,kierunek
kolekt,zbiór
moment,chwila
plezur,przyjemność
vilaĝ,wieś
ekzempl,przykład
ĝarden,ogród
histori,historia
printemp,wiosna
bov,bydło
ink,atrament
kaf,kawa
kok,kogut
kuk,ciasto
kuz,kuzyn
lag,jezioro
lim,granica
lun,księżyc
maj,maj
pak,pakiet
sak,worek
sum,suma
tru,dziura
vin,wino
anim,dusza
azen,osioł
benk,ławka
dors,plecy
foli,liść
font,źródło
fund,podstawa
genu,kolano
gren,zboże
grup,grupa
herb,trawa
juli,lipiec
juni,czerwiec
kart,karta
klas,klasa
korb,kosz
kruc,krzyż
krur,noga
lang,język
leĝ,prawo
lund,poniedziałek
mard,wtorek
mart,marzec
ofic,urząd
ombr,cień
paĝ,strona
pork,świnia
poŝ,kieszeń
radi,promień
reĝ,król
senc,znaczenie
stel,gwiazda
ŝaf,owca
verk,dzieło
voĉ,głos
adres,adres
april,kwiecień
brust,pierś
buter,masło
donac,dar
glaci,lód
kuler,łyżka
mastr,pan
muzik,muzyka
numer,numer
poŝt,poczta
prunt,pożyczka
sabat,sobota
ŝtat,państwo
ŝtup,stopień
teler,talerz
terur,strach
vapor,para
insekt,owad
januar,styczeń
ĵaŭd,czwartek
kovert,koperta
krajon,ołówek
manier,sposób
objekt,obiekt
oktobr,październik
plafon,sufit
region,region
religi,religia
spirit,duch
arĝent,srebro
danĝer,zagrożenie
decembr,grudzień
dimanĉ,niedziela
februar,luty
horloĝ,zegar
merkred,środa
novembr,listopad
produkt,produkt
vendred,piątek
septembr,wrzesień
bar,przeszkoda
bek,dziób
fak,dziedzina
fum,dym
gas,gaz
gut,kropla
jak,kurtka
kel,piwnica
kuv,wanna
lip,warga
nep,wnuk
nev,bratanek
not,notatka
ole,olej
ond,fala
ost,kość
par,para
pom,jabłko
pot,garnek
rad,koło
ret,sieć
sal,sól
sap,mydło
sem,nasiono
sud,południe
sup,zupa
ŝu,but
tas,kubek
tol,len
tuk,materiał
ung,paznokieć
val,dolina
vic,rząd
barb,broda
bros,szczotka
fakt,fakt
flag,flaga
fork,widelec
forn,piec
gast,gość
gras,tłuszcz
kapr,koza
karb,węgiel
kest,skrzynia
korn,róg
krim,przestępstwo
lamp,lampa
mebl,mebel
mien,wyraz
muŝ,mucha
nord,północ
past,ciasto
pilk,piłka
pint,szczyt
polv,pył
pont,most
prez,cena
rand,krawędź
regn,kraj
seri,seria
sign,znak
sort,los
spic,przyprawa
vang,policzek
vost,ogon
vund,rana
botel,butelka
buton,guzik
cifer,cyfra
faden,nić
frunt,czoło
haŭt,skóra
honor,honor
insul,wyspa
kajer,zeszyt
kamen,kominek
legom,warzywo
liter,litera
metal,metal
pingl,igła
polic,policja
polur,połysk
premi,nagroda
regul,przepis
sezon,pora roku
ŝanc,szansa
ŝnur,sznur
tabul,deska
viand,mięso
baston,kij
branĉ,gałąź
ĉemiz,koszula
doktor,doktor
kravat,krawat
lecion,lekcja
maŝin,maszyna
milion,milion
najbar,sąsiad
parenc,krewny
publik,publiczny
scienc,nauka
sekret,tajemnica
skatol,pudełko
soldat,żołnierz
spegul,lustro
ŝarĝ,ładunek
ŝrank,szafa
tualet,toaleta
ĉapitr,rozdział
fromaĝ,ser
kondiĉ,warunek
praktik,praktyka
serpent,wąż
ŝtrump,pończocha
tegment,dach
telefon,telefon
industri,przemysł
kilogram,kilogram
okcident,zachód
pantalon,spodnie
abi,jodła
agl,orzeł
ber,jagoda
bot,buty
bul,kula
dat,data
glu,klej
jup,spódnica
kav,dziura
lan,wełna
led,skóra
mod,moda
mor,obyczaj
pin,sosna
pip,rura
piz,groszek
put,studnia
rel,szyna
riz,ryż
rok,skała
suk,sok
tem,temat
tub,rura
tur,wieża
vat,wata
vaz,waza
zon,pas
arme,wojsko
bank,bank
bien,posiadłość
bier,piwo
bret,półka
brik,cegła
cikl,cykl
ĉap,czapka
drat,drut
epok,epoka
fask,wiązka
feri,wakacje
film,film
flam,płomień
flos,tratwa
fojn,siano
fulm,błyskawica
glob,kula
grad,stopień
gust,smak
kadr,rama
krem,krem
kurb,łuk
kurs,kurs
larm,łza
leon,lew
litr,litr
luks,luksus
meti,rzemiosło
metr,metr
najl,gwóźdź
nest,gniazdo
pajl,słoma
plac,plac
plad,talerz
plan,plan
poet,poeta
pugn,pięść
ring,pierścień
sabl,piasek
scen,scena
skal,skala
soci,społeczność
spac,przestrzeń
stal,stajnia
task,zadanie
tomb,grób
verm,robak
vers,wiersz
viol,fiołek
agord,zgoda
balon,balon
bilet,bilet
burĝ,burżuj
centr,środek
etaĝ,piętro
farun,mąka
figur,figura
frost,mróz
gorĝ,gardło
grund,gleba
haven,port
hotel,hotel
humor,nastrój
karot,marchewka
katar,katar
kling,ostrze
koton,bawełna
kvant,ilość
lepor,zając
makul,plama
manik,rękaw
membr,członek
mizer,nędza
nebul,mgła
organ,organ
parti,stronniczy
pastr,ksiądz
radik,korzeń
serur,zamek
solid,ciało stałe
sonor,dźwięk
strek,kreska
ŝvit,pot
tabak,tytoń
tabel,tabela
titol,tytuł
tondr,grzmot
valiz,walizka
ventr,brzuch
alumet,zapałka
aparat,aparat
brasik,kapusta
citron,cytryn
ĉifon,łachman
dekliv,stok
dezert,pustynia
elektr,prąd
energi,energia
fianĉ,narzeczony
hirund,jaskółka
kelner,kelner
kvalit,jakość
majstr,mistrz
mantel,płaszcz
martel,młot
matrac,materac
menton,broda
oranĝ,pomarańcza
origin,pochodzenie
potenc,moc
salajr,pensja
sekund,sekunda
societ,klub
stomak,żołądek
ŝultr,bark
tapiŝ,dywan
tritik,pszenica
aventur,przygoda
cigared,papieros
distanc,dystans
embaras,zakłopotanie
kamarad,kumpel
kaserol,rondel
komitat,komitet
kongres,zjazd
kvadrat,kwadrat
magazen,sklep
pasport,paszport
politik,polityka
registr,rejestr
ter/pom##,ter/pom##
akcident,wypadek
aŭtobus,autobus
aŭtomat,automat
ĉokolad,czekolada
direktor,dyrektor
instinkt,instynkt
karakter,charakter
kaŭĉuk,guma
material,materiał
standard,flaga
telegraf,telegraf
restoraci,restauracja
ark,łuk
baz,podstawa
beb,niemowlę
bub,łobuz
bud,budka
fel,futro
hok,hak
huf,kopyto
jur,prawo
kas,kasa
kin,kino
kom,przecinek
kot,brud
lup,wilk
mam,pierś
map,mapa
min,kopalnia
mus,mysz
net,netto
nod,węzeł
orf,sierota
ort,kąt prosty
pat,patelnia
pil,bateria
pir,gruszka
pup,lalka
rat,szczur
rip,żebro
rob,szata
tip,typ
ton,ton
urs,niedźwiedź
var,towar
vel,żagiel
vit,winorośl
abel,pszczoła
aŭt,auto
bluz,bluzka
boat,łódź
brov,brew
cerb,mózg
ĉek,czek
ĉen,łańcuch
disk,dysk
dram,dramat
drap,tkanina
duŝ,prysznic
ezok,szczupak
farb,farba
febr,gorączka
fend,szczelina
foir,targ
fost,słup
frag,truskawka
fulg,sadza
funt,funt
gant,rękawiczka
geni,genius
glor,chwała
golf,zatoka
hajl,grad
hero,bohater
kemi,chemia
kord,struna
kork,korek
krad,kratka
kran,kran
kret,kreda
kriz,kryzys
kron,korona
kugl,pocisk
kupr,miedź
lift,winda
list,lista
mast,maszt
nadl,igła
nerv,nerw
oliv,oliwa
park,park
pasi,pasja
pask,Wielkanoc
pelt,futro
plet,taca
poem,wiersz
proz,proza
pulm,płuco
pulv,proch
rang,ranga
revu,czasopismo
ritm,rytm
seks,płeć
sens,zmysł
silk,jedwab
simi,małpa
sojl,próg
stil,styl
stri,pasek
ŝel,skorupa
tend,namiot
verb,czasownik
verg,rózga
vert,wierzch
vidv,wdowiec
virt,cnota
vual,woal
vulp,lis
afiŝ,plakat
album,album
almoz,jałmużna
arane,pająk
asoci,związek
avenu,aleja
aviad/il##,aviad/il##
barel,beczka
bazar,targ
betul,brzoza
brems,hamulec
butik,sklep
detal,szczegół
diabl,diabeł
emoci,emocja
enigm,zagadka
esenc,istota
faŭk,paszcza
fizik,fizyka
framb,malina
grajn,ziarno
ĥemi,chemia
ideal,ideał
juvel,klejnot
katen,kajdany
kitel,kitel
kruĉ,dzbanek
krust,skorupa
kubut,łokieć
kukol,kukułka
kverk,dąb
lamen,warstwa
marĉ,bagno
metod,metoda
model,model
motor,silnik
nivel,poziom
palac,pałac
panj,mama
penik,pędzel
pioĉ,kilof
plumb,ołów
poezi,poezja
salon,salon
saŭc,sos
sitel,wiadro
sklav,niewolnik
sport,sport
stamp,znak
stang,pręt
stump,pniak
ŝtal,stal
ŝtof,materiał
teatr,teatr
teori,teoria
teren,teren
trajn,pociąg
trajt,cecha
trunk,pień
venen,trucizna
veŝt,kamizelka
abomen,odraza
anĝel,anioł
animal,zwierzę
apetit,apetyt
apotek,apteka
benzin,benzyna
bicikl,rower
bombon,cukierek
cement,cement
ĉeriz,wiśnia
desert,deser
fabrik,fabryka
financ,finanse
funebr,żałoba
funkci,funkcja
garaĝ,garaż
imperi,imperium
impost,podatek
impres,wrażenie
kalkan,pięta
kalson,majtki
kamion,ciężarówka
kandel,świeca
kanzon,pieśń
kastel,zamek
klient,klient
kol/um##,kol/um##
kurten,zasłona
mandat,mandat
mister,tajemnica
moskit,komar
muskol,mięsień
ombrel,parasol
paĉj,tata
parfum,perfum
patron,patron
petrol,ropa
posten,stanowisko
pozici,pozycja
proces,proces
profit,zysk
proviz,zapasy
pulvor,proszek
recept,przepis
rekord,rekord
rezerv,rezerwa
signal,sygnał
sistem,system
surfac,powierzchnia
ŝofor,kierowca
tajlor,krawiec
trezor,skarb
trikot,dzianina
vakcin,szczepionka
advokat,prawnik
alkohol,alkohol
ampleks,rozmiar
broŝur,broszura
bulvard,bulwar
deficit,deficyt
ekonomi,ekonomia
elefant,słoń
ĵurnal,gazeta
kabinet,gabinet
kapital,kapitał
koncert,koncert
krepusk,zmierzch
kvartal,dzielnica
miliard,miliard
pejzaĝ,krajobraz
problem,problem
profesi,zawód
simpati,sympatia
student,student
ŝraŭb,śruba
tempest,burza
traktor,ciągnik
tri/angul##,tri/angul##
trotuar,chodnik
adjektiv,przymiotnik
dekoraci,dekoracja
ekvilibr,równowaga
esperant,esperanto
hospital,szpital
intelekt,intelekt
kalendar,kalendarz
kilometr,kilometr
komision,komisja
meĥanik,mechanika
milimetr,milimetr
original,oryginał
pretekst,pretekst
struktur,struktura
telegram,telegram
tribunal,trybunał
bibliotek,biblioteka
fundament,podstawa
inĝenier,inżynier
konferenc,konferencja
konscienc,sumienie
literatur,literatura
meĥanism,mechanizm
rekompenc,nagroda
respublik,republika
sekretari,sekretarz
apartament,mieszkanie
aŭtomobil,auto
aŭtoritat,władza
instrument,instrument
medikament,lek
temperatur,temperatura
cirkonstanc,okoliczność
eksperiment,eksperyment
mal/varm/um##,mal/varm/um##
ajl,czosnek
akn,trądzik
aks,oś
akt,akt
ale,aleja
alg,algi
apr,dzik
azi,Azja
bal,bal
bet,burak
buk,klamra
cep,cebula
cir,pasta
dot,posagiel
eĥ,echo
fab,bób
fac,twarz
fag,buk
fig,figa
gal,żółć
gru,żuraw
gum,guma
hal,sala
jug,jarzmo
kal,nagniotek
kaz,przypadek
kub,sześcian
lad,blacha
lak,lakier
lap,łopian
lin,len
lot,los
luk,świetlik
mas,masa
mat,mat
nuk,kark
pap,papież
pav,paw
pig,sroka
pus,ropa
ran,żaba
ren,nerka
rib,porzeczka
rim,rym
rol,rola
ros,rosa
sag,strzała
sin,łono
ski,narty
sof,sofa
tig,łodyga
tuf,kępka
tun,tona
vip,batuta
akci,akcja
atom,atom
aven,owies
bant,kokarda
bark,łódka
bask,ogon
bend,taśma
blok,blok
bors,giełda
bovl,miska
brid,uzda
brut,bydło
bukl,lok
bulb,cebula
bulk,bułka
cerv,jeleń
cign,łabędź
ĉel,komórka
dand,dandys
diet,dieta
dorn,cierń
etap,etap
etat,spis
feĉ,osad
felt,filc
frak,frak
fraz,zdanie
fung,grzyb
garb,wiązka
gent,rasa
glav,miecz
gobi,głowacz
gram,gram
greg,stado
grip,grypa
grot,grota
gudr,smoła
ĝib,garb
heĝ,żywopłot
himn,hymn
ĥor,chór
kaĉ,papka
kaĝ,klatka
kaka,kakao
kakt,kaktus
karn,ciało
karp,karp
kejl,kołek
kern,rdzeń
klub,klub
korv,kruk
kosm,kosmos
kult,kult
laĉ,sznurówka
lard,słonina
larv,larwa
lice,liceum
likv,ciecz
lili,lilia
maiz,kukurydza
malv,malwa
mens,umysł
menu,menu
miel,miód
musk,mech
muze,muzeum
nuks,orzech
oper,opera
oval,owal
palm,palma
palt,płaszcz
pane,awaria
perl,perła
pian,pianino
pice,świerk
pipr,pieprz
plag,plaga
prun,śliwa
pudr,proszek
punt,koronka
raci,rozum
rent,czynsz
ruin,ruina
rust,rdza
situ,miejsce
sled,sanie
sorg,sorgo
spik,kłos
spur,ślad
stan,cyna
sulk,bruzda
takt,rytm
tali,talia
tigr,tygrys
tort,tarta
tram,tramwaj
trup,trupa
vaks,wosk
vejn,żyła
vesp,osa
vind,pielucha
zink,cynk
afrik,Afryka
agent,agent
akord,zgoda
akrid,szarańcza
aktor,aktor
alarm,alarm
ampol,ampułka
angil,węgorz
anser,gęś
artik,staw
bacil,pałeczka
bambu,bambus
banan,banan
brand,brandy
bronz,brąz
buked,bukiet
cigar,cygaro
cikad,cykada
cinam,cynamon
cindr,popiół
cirkl,okrąg
civit,miasto
ĉerk,trumna
debet,debet
diant,goździk
dogan,cło
efekt,efekt
ekran,ekran
emajl,emalia
event,wydarzenie
fabel,bajka
fasad,fasada
fason,krój
fluid,ciecz
fotel,fotel
front,przód
funel,lejek
ĝerm,zarodek
hepat,wątroba
horde,jęczmień
infer,piekło
ironi,ironia
kaban,chatka
kahel,płytka
kajut,kajuta
kamel,wielbłąd
kanal,kanał
kankr,rak
karaf,karafka
kokos,kokos
krani,czaszka
krest,grzebień
kukum,ogórek
kupon,kupon
kusen,poduszka
latun,mosiądz
laŭb,altana
lekci,wykład
lesiv,ług
limak,ślimak
logik,logika
lotus,lotos
melon,melon
moral,moralność
muzel,pysk
nilon,nylon
ocean,ocean
palat,podniebienie
palis,pal
papag,papuga
paser,wróbel
pensi,emerytura
peron,ganek
pilot,pilot
pland,podeszwa
plast,plastik
porci,przydział
princ,książę
pupil,źrenica
rabat,rabat
rafan,rzodkiewka
raŭp,gąsienica
resum,zarys
rimen,pasek
roman,powieść
salat,sałatka
salik,wierzba
satir,satyra
sciur,wiewiórka
sekal,żyto
sekci,dział
senat,senat
split,odłamek
spong,gąbka
stadi,etap
statu,posąg
sterk,nawóz
strig,sowa
strut,struś
ŝink,szynka
ŝtip,kłoda
tapet,tapeta
tarif,taryfa
tegol,dachówka
tekst,tekst
teras,taras
tomat,pomidor
tuber,guz
tunel,tunel
velur,aksamit
veruk,brodawka
vezik,pęcherz
volum,tom
adverb,przysłówek
akcent,akcent
alaŭd,skowronek
amator,amator
amerik,Ameryka
arteri,tętnica
asfalt,asfalt
aŭtor,autor
barbir,fryzjer
buĝet,budżet
bulten,biuletyn
cikatr,blizna
cikoni,bocian
cirkel,cyrkiel
daktil,daktyl
dialog,dialog
ego/ist##,ego/ist##
eklezi,kościelny
emerit,emeryt
eŭrop,Europa
fajenc,fajans
fazeol,fasola
fontan,fontanna
formik,mrówka
formul,formuła
fripon,oszust
furaĝ,pasza
galoŝ,kalosz
gvardi,gwardia
ĝemel,bliźniak
hangar,hangar
haring,śledź
hazard,przypadek
hektar,hektar
herold,herold
higien,higiena
impuls,impuls
insign,odznaka
intest,jelito
jubile,jubileusz
karton,tektura
kasked,czapka
kavern,jaskinia
kirurg,chirurg
klimat,klimat
klinik,klinika
kolegi,szkoła
kolomb,gołąb
kolumn,kolumna
komedi,komedia
konsul,konsul
konval,konwalia
kornik,wrona
kostum,strój
kredit,kredyt
kukurb,dynia
kunikl,królik
kurent,prąd
lacert,jaszczurka
licenc,licencja
maleol,kostka
materi,materiały
mirtel,borówka
monstr,potwór
oficir,oficer
orator,mówca
papili,motyl
pendol,wahadło
period,okres
persik,brzoskwinia
pionir,pionier
planed,planeta
platan,platan
plural,liczba mnoga
profet,prorok
prolet,proletariusz
pronom,zaimek
reakci,reakcja
reĝim,reżim
rivolu,obrotu
ruband,wstążka
skorpi,skorpion
spinac,szpinak
stamen,pręcik
statur,wzrost
surtut,płaszcz
ŝakal,szakal
ŝaŭm,piana
teknik,technika
testud,żółw
torent,potok
trafik,ruch
tumult,zamieszki
turism,turystyka
turist,turysta
vertic,wierzchołek
viktim,ofiara
violon,skrzypce
vulkan,wulkan
vultur,sęp
abrikot,morela
akademi,akademia
alfabet,alfabet
alumini,aluminium
ambasad,ambasada
anekdot,anegdota
apertur,otwór
apostol,apostoł
asemble,zgromadzenie
bagatel,błahostka
bakteri,bakteria
bandaĝ,bandaż
bifstek,stek
budĝet,budżet
burĝon,pąk
central,centrala
cirkvit,obwód
ĉar/um##,ĉar/um##
dimensi,wymiar
ekvator,równik
element,element
epidemi,epidemia
fantazi,fantazja
fenomen,zjawisko
gelaten,żelatyna
general,generał
girland,girlanda
harmoni,harmonia
instanc,instancja
invalid,inwalida
kaldron,kocio
kaŝtan,kasztan
katalog,katalog
kirurgi,chirurgia
kolonel,pułkownik
komisar,komisarz
kompani,firma
koncept,koncepcja
konkord,zgoda
konkurs,zawody
koridor,korytarz
kristal,kryształ
lantern,latarnia
latitud,szerokość
medicin,medycyna
mineral,minerał
minimum,minimum
ministr,minister
obstakl,przeszkoda
orkestr,orkiestra
pacifik,Pacyfik
palpebr,powieka
pantofl,kapcie
paradiz,raj
paralel,równoległa
plastik,plastyka
portret,portret
princip,zasada
program,program
projekt,projekt
proverb,przysłowie
provinc,województwo
rendevu,spotkanie
sin/ten##,sin/ten##
situaci,sytuacja
stadion,stadion
subjekt,temat
teĥnik,technika
tendenc,tendencja
tinktur,barwnik
tradici,tradycja
tragedi,tragedia
traktat,traktat
trumpet,trąbka
uniform,mundur
vegetal,roślina
viadukt,wiadukt
volumen,objętość
zoologi,zoologia
atlantik,Atlantyk
avantaĝ,korzyść
bracelet,bransoletka
cirkuler,okrężny
dokument,dokument
federaci,federacja
generaci,pokolenie
geografi,geografia
gramatik,gramatyka
ĝendarm,żandarm
horizont,horyzont
individu,osoba
kandidat,kandydat
karnaval,karnawał
kategori,kategoria
komun/um##,komun/um##
krokodil,krokodyl
longitud,długość geogr.
maksimum,maksimum
marmelad,marmolada
monument,pomnik
paraŝut,spado
pasaĝer,pasażer
pland/um##,pland/um##
porcelan,porcelana
procent,procent
profesor,profesor
radiator,grzejnik
regiment,pułk
rekt/angul##,rekt/angul##
sandviĉ,kanapka
sindikat,związek
singular,pojedynczy
specimen,próbka
spektakl,widowisko
substanc,substancja
teritori,teren
vertikal,pionowy
ambasador,ambasador
aŭstrali,Australia
centimetr,centymetr
ekspozici,wystawa
inspektor,inspektor
kalkan/um##,kalkan/um##
konfidenc,sekret
lokomotiv,lokomotywa
matematik,matematyka
metalurgi,metalurgia
ministeri,ministerstwo
najtingal,słowik
ortografi,ortografia
parlament,parlament
proletari,proletariat
propozici,zdanie
psikologi,psychologia
suplement,uzupełnienie
termometr,termometr
elektronik,elektronika
helikopter,śmigłowiec
horizontal,poziom
komplement,dopełnienie
konsekvenc,konsekwencja
konstituci,konstytucja
laboratori,laboratorium
leŭtenant,porucznik
mediterane,Morze Śródziemne
substantiv,rzeczownik
universitat,uniwersytet
s-ro##,s-ro##
s-ino##,s-ino##
sinjor/in##,sinjor/in##
alk,łoś
aln,olsza
ann,Anna
bed,grządka
boa,boa
buf,ropucha
cim,robak
col,cal
dam,dama
dig,tama
duk,książę
fav,grzybica
fok,foka
fut,stopa
gad,dorsz
gam,skala
gri,kasza
guf,puchacz
huz,jesiotr
kan,trzcina
ken,żywiczne drewno
ker,kier
kil,kil
kuf,czapka
kul,komar
kup,bańka
laf,lawa
lir,lira
lod,lotek
lol,żyto
mac,maca
mel,borsuk
mes,msza
mev,mewa
muf,mufka
muk,śluz
mul,muł
nap,rzepa
peg,dzięcioł
pol,Polak
pul,pchła
rap,rzepa
rif,rafa
rod,przystań
rot,oddział
rub,gruz
rum,rum
rus,Rosjanin
seb,łój
sel,siodło
tez,tezis
tul,tiul
ulm,wiąz
uln,łokieć
unc,uncja
urn,urna
vil,włosy
abat,opat
acer,klon
akar,robal
alte,hibiskus
alun,ałun
amel,skrobia
anas,kaczka
angl,Anglik
aniz,anyż
ankr,kotwica
arĉ,smyczek
arde,czapla
aren,arena
atut,atut
avel,orzech
aviz,zawiadomienie
azot,azot
bast,łyko
bert,Berta
blat,karaluch
bram,leszcz
bran,otręby
burd,trzmiel
cedr,cedr
citr,cytra
ĉam,kozica
ĉan,spust
dogm,dogmat
drak,smok
drog,narkotyk
ebon,heban
eter,eter
fabl,bajka
falk,sokół
fibr,włókno
flan,tarta
flok,płatek
flut,flet
fraj,ikra
ftiz,gruźlica
gajl,galas
gips,gips
glan,żołądź
glim,mika
graf,hrabia
gril,świerszcz
gros,agrest
gurd,katarynka
ibis,ibis
idol,idol
kalk,wapno
kand,cukierek
kard,oset
karo,karo
kask,hełm
kaze,twaróg
kegl,kręgiel
klap,klapa
klav,klawisz
kluz,śluza
kojn,klin
koks,biodro
konk,muszla
kren,chrzan
krep,krepa
krop,wola
krup,krup
lake,sługa
laks,biegunka
legi,legion
lent,soczewica
lepr,trąd
lian,pnącze
lien,śledziona
link,ryś
liut,lutnia
lojt,miętus
lorn,lornetka
lumb,lędźwie
lutr,wydra
magi,magia
mana,manna
mari,Maria
mask,maska
maŝ,oczko
meĉ,knotka
mejl,mila
ment,mięta
merl,kos黒drozd
mesi,mesjasz
mili,proso
mirh,mirra
mirt,mirt
misi,misja
mops,mops
most,moszcz
niĉ,wnęka
omar,homar
opal,opal
ostr,ostryga
paru,sikora
peĉ,smoła
pelv,miednica
perk,okoń
pest,zaraza
petr,Piotr
pini,sosna
pips,pipka
plik,warkocz
plot,płoć
popl,topola
pram,prom
sakr,sacrum
salm,łosoś
sepi,sepia
sofi,Sofia
sorp,jarzębina
spat,szpat
spin,kręgosłup
stab,sztab
step,step
stip,łodyga
stof,materiał
stup,holc
ŝak,szachy
ŝal,szal
ŝam,ircha
taft,tafta
talp,kret
tetr,cietrzew
tibi,piszczel
tili,lipa
tine,mól ubraniowy
torf,torf
trab,belka
tref,trefl
tril,trylek
trip,flaki
trog,żłób
tron,tron
truf,trufla
trul,kielnia
trut,pstrąg
turd,drozd
turk,Turek
turt,turkawka
uter,macica
ŭat,wat
vafl,gofr
vals,walc
vekt,belka
zebr,zebra
altar,ołtarz
ambos,kowadło
anton,Anton
ardez,łupek
argil,glina
aspid,kobra
balen,wieloryb
barĉ,barszcz
boben,cewka
brank,skrzele
bubal,bawół
bufed,bufet
cejan,chaber
dativ,celownik
datur,bieluń
demon,demon
denar,denar
deviz,dewiza
domen,domino
embri,embrion
emili,Emilia
ermen,gronostaj
ermit,pustelnik
facet,faseta
fazan,bażant
femur,udo
filik,paproć
flegm,spokój
fokus,ognisko
franc,Francuz
frank,frank
fring,zięba
galon,lamówka
gazel,gazela
genot,genet
georg,Jerzy
gitar,gitara
gland,gruczoł
groŝ,grosz
hebre,Hebrajczyk
heder,bluszcz
herez,herezja
herni,przepuklina
hirud,pijawka
hosti,opłatek
husar,husarz
ĥaos,chaos
idili,sielanka
johan,Jan
jozef,Józef
kalik,kielich
kambi,weksel
kamer,pokój
kanab,konopie
kanap,sofa
kapel,kaplica
kapon,kapłon
kapor,kapar
kapot,kaptur
karas,karaś
karob,chleb św. Jana
katun,bawełna
kerub,cherub
kiras,pancerz
klaft,sążen
kloŝ,klosz
koaks,koks
koleg,kolega
kolon,kolumna
komiz,sprzedawca
komod,komoda
konus,stożek
kopek,kopiejka
koran,Koran
kramp,klamra
kring,obwarzanek
krisp,falbana
krist,Chrystus
kupol,kopuła
kvarc,kwarc
kvart,kwarta
lanug,meszek
laŭr,laur
libel,ważka
liken,porost
livre,liberia
loĝi,loża
lupol,chmiel
lustr,żyrandol
luter,Luter
medal,medal
meriz,wiśnia
moned,kawka
morus,morwa
moŝt,honorowy
negoc,handel
nobel,szlachta
novic,nowicjusz
nuanc,odcień
oblat,opłatek
okzal,szczaw
orden,odznaka
orgen,organ
paĝi,paź
papav,mak
pariz,Paryż
paŭl,Paweł
pavim,brukowiec
pedik,wesz
perĉ,okoniec
piked,straż
pilol,pigułka
pirit,piryt
pirol,gil
piroz,zgaga
piŝt,tłok
pluŝ,plusz
poent,punkt
pokal,puchar
polus,biegun
potas,potas
prujn,szron
pudel,pudel
pumik,pumeks
punĉ,poncz
putor,łasica
raben,rabin
rapir,szpada
regol,mysikrólik
rezin,żywica
rostr,trąba
ruben,rubin
safir,szafir
salvi,szałwia
sigel,pieczęć
silab,sylaba
silik,krzemień
silur,sumik
silvi,pokrzywnica
sirop,syrop
skabi,świerzb
skadr,eskadra
skarp,szal
skvam,łuska
sorik,ryjówka
spion,szpieg
spron,ostroga
stabl,stół
sturg,jesiotr
sturn,szpak
ŝalm,piszczałka
ŝark,rekin
ŝelk,szelki
ŝild,tarcza
ŝind,gont
ŝlim,błoto
taban,bąk
tavol,warstwa
tempi,skroń
tetan,tężec
tetra,jarząbek
timon,dyszla
topaz,topaz
torĉ,pochodnia
tromb,trąba wodna
tulip,tulipan
ulcer,wrzód
urtik,pokrzywa
vanil,wanilia
vasal,wasal
velen,pergamin
verst,wiorsta
vezir,wezyr
vipur,żmija
vokal,samogłoska
zenit,zenit
zibel,soból
zizel,suseł
absces,ropień
absint,piołun
alcion,zimorodek
amfibi,płaz
ananas,ananas
artrit,artretyzm
atripl,szpinak
berlin,Berlin
bismut,bizmut
boraks,boraks
buljon,bulion
bulonj,Boulogne
buŝel,buszel
centim,centym
cikori,cykoria
cimbal,cymbał
cinabr,cynober
cipres,cyprys
ĉarpi,lniany
damask,damaszek
delfen,delfin
didelf,oposum
embusk,zasadzka
epolet,epolety
erinac,jeż
ernest,Ernest
eskadr,eskadra
faktur,rachunek
falbal,falbana
fantom,duch
faring,gardło
fenkol,fenkuł
ferdek,pokład
fistul,przetoka
flanel,flanela
fosfor,fosfor
franĝ,frędzle
furunk,czyrak
fusten,fustian
galeri,galeria
gamaŝ,getry
german,Niemiec
granat,granat
granit,granit
grenad,granat
grifel,rysik
ĝiraf,żyrafa
haladz,smród
hamstr,chomik
hispan,Hiszpan
ĥimer,chimera
ĥoler,cholera
ingven,pachwina
izrael,Izraelczyk
jasmen,jaśmin
kaleŝ,powóz
kalvin,Kalwin
kamfor,kamfora
kamlot,kamlot
kanajl,łotr
kanari,kanarek
kantor,kantor
kanvas,płótno
kapsul,kapsuła
kapuĉ,kaptur
kardel,szczygieł
karmin,karmin
karpen,grabież
kastor,bóbr
kaviar,kawior
kobalt,kobalt
kobold,krasnoludek
kolbas,kiełbasa
kolibr,koliber
kolimb,nurkujący ptak
kolubr,wąż
komuni,komunia
kontor,biuro
kontur,kontur
kornic,gzyms
korpus,korpus
koturn,przepiórka
kraken,krakers
kratag,głóg
krater,krater
kronik,kronika
kurier,posłaniec
lampir,świetlik
laring,krtań
lavang,lawina
legend,legenda
lekant,stokrotka
lentug,piegi
levkoj,lewkonia
likvor,likier
litani,litania
london,Londyn
magnet,magnes
makzel,szczęka
mangan,mangan
markot,odkład
marmor,marmur
marmot,świstak
mastik,kit
migdal,migdał
miogal,piżmak
miozot,niezapominajka
monaĥ,mnich
morbil,odra
morter,zaprawa
muskat,gałka muszkatołowa
muslin,muślin
mustel,łasica
nanken,nankin
narcis,narcyz
nikola,Mikołaj
notari,notariusz
orakol,wyrocznia
paletr,paleta
panter,pantera
parget,parkiet
paroĥ,parafia
parter,parter
pastel,pastylka
patent,patent
patrol,patrol
pfenig,fenig
pistak,pistacja
pistol,pistolet
plastr,plaster
platen,platyna
ponard,sztylet
porfir,porfir
porter,porter
primol,pierwiosnek
prunel,tarnina
purpur,purpura
rekrut,rekrut
rempar,mur obronny
risort,sprężyna
rosmar,morszczuk
rozari,różaniec
rubrik,rubryka
safran,szafran
sambuk,bez czarny
sankci,sankcja
sardel,sardela
sceptr,berło
selakt,serwatka
servic,zastawa
servut,niewola
siring,bez lilak
skapol,łopatka
skarab,żuk
skolop,słonka
skurĝ,batog
sofism,sofizmat
sopran,sopran
spalir,szpaler
stefan,Stefan
sufiks,sufiks
sukcen,bursztyn
sulfur,siarka
talent,talent
tambur,bęben
tenden,ścięgno
teodor,Teodor
termin,termin
testik,jądro
timian,tymianek
tombak,mosiądz
traĥe,tchawica
tremol,osika
tribun,trybuna
tropik,tropik
turban,turban
turkis,turkus
turnir,turniej
urogal,głuszec
variol,ospa
viburn,kalina
vikari,wikary
vinagr,ocet
vizier,daszek
volupt,zmysłowość
ablativ,ablatyw
antimon,antymon
arleken,błazen
arsenik,arsenik
artifik,sztuczka
asparag,szparag
bajonet,bagnet
bastion,bastion
beladon,wilcza jagoda
biskvit,ciastko
ĉampan,szampan
ĉarnir,zawias
diamant,diament
episkop,biskup
eŝafod,szafot
fraksen,jesion
frangol,kruszyna
fringel,czyż
genitiv,dopełniacz
henriet,Henrietta
hidrarg,rtęć
hiskiam,lulek
histrik,jeżozwierz
jugland,orzech
juniper,jałowiec
kalikot,perkal
kamizol,kamizelka
kamomil,rumianek
kapitan,kapitan
kapitel,kapitel
kapreol,sarna
kapucen,kapucyn
karaben,karabin
kartoĉ,nabój
karusel,karuzela
kavalir,rycerz
klarnet,klarnet
klister,lewatywa
kokluŝ,krztusiec
kolofon,kalafonia
kompres,opatrunek
kurator,kurator
kvitanc,pokwitowanie
leontod,mniszek
leopard,lampart
limonad,lemoniada
lonicer,wiciokrzew
ludovik,Ludwik
lunatik,szaleniec
maroken,maroka skóra
marŝal,marszałek
meleagr,indyk
membran,błona
miĥael,Michał
monarĥ,monarch
mustard,musztarda
negliĝ,negligee
nikodem,Nikodem
novjork,Nowy Jork
oksigen,tlen
oksikok,żurawina
parazit,pasożyt
pasteĉ,pasztet
pelikan,pelikan
perdrik,kuropatwa
poligon,poligon
prefiks,przedrostek
redakci,redakcja
rinocer,nosorożec
salpetr,saletra
sentenc,maksym
skarlat,szkarłat
skorbut,szkorbut
skrofol,skrofula
smerald,szmaragd
sterled,sterlet
stertor,chrapot
ŝiller,Schiller
umbilik,pępek
univers,wszechświat
varsovi,Warszawa
verdigr,grynszpan
vertebr,kręgowy
vespert,nietoperz
vestibl,hol
vilhelm,Wilhelm
virtuoz,wirtuoz
vitriol,kwas
zingibr,imbir
akcipitr,jastrząb
akuzativ,biernik
argument,argumentacja
arĥaism,archaizm
artiŝok,karczoch
baldaken,baldachim
briliant,klejnot
diplomat,dyplomata
distrikt,okręg
elizabet,Elżbieta
fragment,fragment
framason,mason
frugileg,gawron
hidrogen,wodór
hortulan,ortolan
institut,instytut
kantarid,chrząszcz
kariofil,goździk
kartilag,chrząstka
katarakt,zaćma
koĉenil,koszenila
kokcinel,biedronka
konvulsi,drgawki
leksikon,leksykon
marcipan,marcepan
medalion,medalion
monarĥi,monarchia
obstrukc,blokada
paradoks,paradoks
parentez,nawias
particip,imiesłów
pasament,lamówka
pastinak,pasternak
pergamen,pergamin
peritone,otrzewna
perlamot,masa perłowa
petromiz,minóg
petrosel,pietruszka
ranunkol,jaskier
redaktor,redaktor
rezultat,wynik
rosmaren,rozmaryn
serĝent,sierżant
sublimat,sublimat
taĉment,oddział
terebint,terpentyna
tornistr,plecak
zamenhof,Zamenhof
aleksandr,Aleksander
anunciaci,Zwiastowanie
balustrad,balustrada
ĉambelan,ochmistrz
ĉarlatan,oszust
deklinaci,odmiana
diplomati,dyplomacja
ekscelenc,ekscelencja
ekzempler,egzemplarz
entuziasm,zapał
fortepian,fortepian
galanteri,akcesoria
iĥtiokol,klej rybi
instituci,instytucja
instrukci,polecenie
kancelari,kancelaria
kancelier,kanclerz
kataplasm,okład
kondolenc,kondolencje
konjugaci,odmiana
konjunkci,spójnik
konsonant,spółgłoska
korporaci,korporacja
kvaranten,kwarantanna
nominativ,mianownik
pentekost,Zielone Świątki
piedestal,postument
prepozici,przyimek
privilegi,przywilej
promontor,cypel
salamandr,salamandra
testament,testament
vermiĉel,makaron
interjekci,wykrzyknik
superstiĉ,przesąd
vaŝington,Waszyngton
violonĉel,wiolonczela
arĥitektur,architektura
interpunkci,interpunkcja
jork,York
parok,parafia
navig,nawigacja
kaos,chaos
kimer,chimera
korus,chór
monak,mnich
iktiokol,ichtiol
ald,alt
alo,aloes
api,seler
ari,aria
bas,bas
car,car
dog,mastif
dok,dok
doz,dawka
ego,ego
elf,elf
etn,etniczny
faz,faza
fon,tło
fuk,wrak
gaz,gaza
gem,klejnot
hum,humus
jod,jodyna
jud,Żyd
kep,czapka
lat,listwa
lob,płat
mim,mim
mit,mit
muz,muza
nas,pułapka
nav,nawa
niz,krogulec
oaz,oaza
opi,opium
puf,puch
raj,płaszczka
ras,rasa
ref,refować
rit,rytuał
rut,ruta
sod,soda
tif,tyfus
tog,toga
viz,wiza
agat,agat
aĝi,agio
alen,szydło
ambr,ambra
amor,amor
aort,aorta
arom,aromat
astm,astma
astr,ciało niebieskie
azil,azyl
bard,bard
bomb,bomba
bosk,zagajnik
brom,brom
bust,tors
cend,cent
cidr,cydr
cirk,cyrk
dali,dalia
dign,godność
duel,pojedynek
duet,duet
ebur,kość słoniowa
eden,Eden
egid,tarcza
erik,wrzos
etik,etyka
etim,etymon
fars,farsa
fili,oddział
fisk,skarbiec
furi,furia
gnom,gnom
grog,grog
gruz,żwir
ĝin,gin
hidr,hydra
hien,hiena
irid,irys
iris,tęczówka
istm,cieśnina
jesu,Jezus
junk,sitowie
kabl,kabel
kali,potas
kame,kamea
kast,kasta
klor,chlor
kofr,kufer
kolz,rzepak
kont,konto
krab,krab
kres,rzeżucha
kupe,przedział
laik,świecki
lama,lama
lanc,lanca
lens,soczewka
lord,lord
malt,słód
mani,mania
medi,środowisko
milv,kania
mitr,mitra
moru,dorsz
mosk,piżmo
mumi,mumia
naft,ropa nafta
negr,Murzyn
nimb,aureola
norm,norma
obol,obol
ogiv,ożebrowanie
orgi,orgie
ozon,ozon
penc,pens
pleb,plebs
podi,podium
polk,polka
pomp,okazałość
pore,por◆
rabi,wścieklizna
rism,ryza
romb,romb
rubl,rubel
sabr,szabla
sagu,sago
sald,saldo
salv,salwa
sekt,sekta
sfer,kula
skem,schemat
skol,szkoła
slip,kartka
sokl,podstawa
sold,żołd
sole,flądra
spad,szpada
ŝah,szach
talk,talk
teni,tasiemiec
tiar,tiara
tink,lin
tors,tułów
tost,toast
trop,trop
turb,bąk
ukaz,ukaz
ulan,ulan
uzur,lichwa
verv,zapał
vink,barwinek
visk,jemio
vist,wist
vizi,wizja
zuav,zuaw
abism,otchłań
adept,zwolennik
afiks,afiks
afust,laweta
agraf,zatrzask
akaci,akacja
akciz,akcyza
aksel,pacha
albin,albinos
alibi,alibi
aline,akapit
alkov,alkowa
amfor,amfora
angin,angina
angor,trwoga
anten,antena
apati,apatia
apoge,apogeum
arkad,arkada
arkiv,archiwum
arnik,arnika
atlas,atlas
atlet,atleta
aviad,lotnictwo
balad,ballada
balet,balet
barak,barak
baron,baron
basen,basen
beril,beryl
bibli,Biblia
bigot,fanatyk
biret,biretka
bitum,bitum
bivak,biwak
breĉ,wyłom
broĉ,broszka
bronk,oskrzela
cigan,Rom
cikut,szalej
ĉifr,szyfr
debat,debata
dekan,dziekan
dilem,dylemat
diluv,potop
divan,sofa
dolar,dolar
drakm,drachma
dukat,dukat
edikt,dekret
eklog,ekloga
ekzem,egzema
elegi,elegia
elips,elipsa
elizi,eliza
emfaz,nacisk
epope,epos
fagot,fagot
fakir,fakir
fatal,los
feŭd,feudalny
fiakr,dorożka
fiask,porażka
final,finał
fjord,fjord
forum,forum
fresk,fresk
furor,szał
galer,galera
galop,galop
garol,sójka
goril,goryl
hamak,hamak
harem,harem
harpi,harpia
helic,śmigło
helik,ślimak
hisop,hyzop
hoboj,obój
humer,ramię
idiom,idiom
idiot,idiota
ileks,ostrokrzew
iluzi,iluzja
indiga,indygotyna
jalap,jalapa
jud/ism##,jud/ism##
kabal,kabała
kadet,kadet
kalif,kalif
kanon,armata
karat,karat
kazin,kasyno
kinin,chinina
kirŝ,kirsz
kloak,ścieki
kobaj,świnka morska
kokon,kokon
kolik,kolka
kolos,kolos
komet,kometa
koral,koralowiec
korne,rogówka
korol,korona
kozak,kozak
krabr,szerszeń
kreol,kreol
kript,krypta
kulis,kulisy
kumin,kmin
kvast,chwost
kvint,kwinta
lagun,laguna
lapis,azotan srebra
larik,modrzew
later,bok
lazur,błękit
legat,legat
lirik,liryka
madon,Madonna
major,major
mamut,mamut
medol,rdzeń
meduz,meduza
melas,melasa
melis,melisa
miasm,wyziew
mimoz,mimoza
mitul,omułek
moske,meczet
motiv,motyw
natri,sód
nikel,nikiel
nimfe,lilia
noktu,pójdźka
nomad,koczownik
novel,nowela
nunci,nuncjus
oksid,tlenek
oktav,oktawa
oniks,onyks
optik,optyka
orbit,orbita
oriol,wilga
ovaci,owacja
pagod,pagoda
panel,panel
panik,panika
paraf,parafa
patos,patos
pedal,pedał
pedel,urzędnik
peoni,piwonia
peruk,peruka
pigme,pigmej
pirat,pirat
pivot,oś
polip,polip
polis,polisa
pomad,pomada
prior,przeor
prism,pryzmat
psalm,psalm
raket,rakieta
rebus,zagadki
retin,siatkówka
retor,retor
rezed,rezeda
ricin,rycynowiec
rokok,rokoko
rubus,jeżyna
rutin,rutyna
saliv,ślina
satan,szatan
saten,satyna
seraf,serafim
sifon,syfon
sinap,musztarda
sinod,synod
siren,syrena
skalp,skalp
skerc,scherzo
skism,schizma
sonat,sonata
sonet,sonet
spasm,skurcz
sperm,nasienie
splen,chandra
stopl,ściernisko
strof,strofa
sutan,sutanna
ŝose,szosa
ŝpat,szpadel
taler,talar
tanin,tanina
tarok,tarot
teism,teizm
teist,teista
templ,świątynia
tenor,tenor
teror,terror
tindr,hubka
tiran,tyran
tonel,tona
trofe,trofeum
trust,trust
tunik,tunika
utopi,utopia
vanel,czajka
vinkt,klamra
viper,żmija
viski,whisky
zefir,zefir
advent,adwent
aksiom,aksjomat
akvari,akwarium
algebr,algebra
alkemi,alchemia
ambici,ambicja
amulet,amulet
anagal,kurzyślad
anarki,anarchia
anatom,anatom
anĉov,anchois
anemon,zawilec
anilin,anilina
aplomb,pewność siebie
apolog,bajka
arbust,krzew
arĥiv,archiwum
asesor,asesor
ateism,ateizm
ateist,ateista
aŭkci,aukcja
balast,balast
balkon,balkon
balzam,balsam
bandit,bandyta
barbar,barbarzyńca
barier,bariera
bateri,bateria
batist,batyst
bazalt,bazalt
beletr,literatura
bilanc,bilans
bilard,bilard
binokl,lornetka
biolog,biolog
blazon,herb
blokad,blokada
bordel,burdel
braman,bramin
brigad,brygada
buduar,buduar
burnus,burnus
celeri,seler
cidoni,pigwa
ciklon,cyklon
ciklop,cyklop
dekret,dekret
depeŝ,depesza
despot,despota
diabet,cukrzyca
diadem,diadem
diakon,diakon
diplom,dyplom
divizi,dywizja
dragon,dragon
eklips,zaćmienie
eksces,nadmiar
ekstaz,ekstaza
ekvaci,równanie
emblem,emblemat
emulsi,emulsja
endivi,endywia
epilog,epilog
epitet,epitet
epizod,epizod
erupci,erupcja
eskort,eskorta
estrad,scena
etiket,etykieta
eŭnuk,eunuch
ezofag,przełyk
faktor,czynnik
falang,falanga
fanfar,fanfara
feniks,feniks
feston,girlanda
fetiĉ,fetysz
fleksi,fleksja
floren,florin
format,format
frakci,ułamek
fregat,fregata
galant,śnieżyczka
gangli,zwoje
genist,janowiec
geolog,geolog
gerani,geranium
gigant,olbrzym
glazur,glazura
glikoz,glukoza
glukoz,glukoza
gondol,gondola
grafit,grafit
gulden,gulden
harpun,harpun
hetman,hetman
hipnot,hipnoza
incens,kadzidło
indeks,indeks
inflam,stan zapalny
jaguar,jaguar
jezuit,jezuita
ĵaket,żakiet
kadavr,zwłoki
kadenc,kadencja
kalibr,kaliber
kameli,kamelia
kantat,kantata
kanton,kanton
karbon,węgiel
karcer,cela
karier,kariera
kariol,wóz
katedr,katedra
kaŭci,kaucja
kazern,koszary
kokard,kokarda
kolodi,kolodium
koloni,kolonia
kompas,kompas
kondor,kondor
konjak,koniak
korife,przywódca chóru
kornet,kornet
korsar,korsarz
korset,gorset
korvet,korweta
kotlet,kotlet
kursiv,kursywa
laktuk,sałata
lavend,lawenda
loteri,loteria
lucern,lampion
maksim,maksym
malari,malaria
marasm,wychudzenie
markiz,markiz
martir,męczennik
masaĝ,masaż
mazurk,mazurek
medium,medium
melodi,melodia
mentor,mentor
merkat,rynek
mespil,nieszpułka
meteor,meteor
metrik,metryka
mikrob,mikrob
mirakl,cud
miriad,mnóstwo
molusk,mięczak
monark,władca
morfin,morfina
mozaik,mozaika
munici,amunicja
nektar,nektar
orkide,storczyk
paĉul,paczula
parodi,parodia
pavian,pawian
pedant,pedantyczny
pepsin,pepsyna
petard,petarda
piastr,piastr
pistil,tłuczek
podagr,dna moczanowa
ponton,ponton
portal,portal
portik,portyk
prelat,prałat
prelud,uwertura
premis,założenie
profan,profanator
profil,profil
prolog,prolog
puding,pudding
pupitr,pulpit
pustul,krosta
rabarb,rabarbar
regent,regent
rektor,rektor
relief,płaskorzeźba
retort,retorta
romanc,romans
rotond,rotunda
sandal,sandał
santal,sandałowiec
sarong,sarong
satrap,satrapa
sektor,sektor
septet,septet
serajl,pałac
sevrug,jesiotr
sfinks,sfinks
siluet,zarys
simbol,symbol
sinkop,omdlenie
sintez,synteza
skelet,szkielet
sofist,sofista
spektr,widmo
spiral,spirala
sponde,spondej
suflor,sufler
sultan,sułtan
ŝalup,szalupa
ŝankr,wrzód
ŝarad,szarada
taksus,cis
taktik,taktyka
talmud,Talmud
tamtam,tamtam
tandem,tandem
tapiok,tapioka
teolog,teolog
teorem,twierdzenie
terapi,terapia
tercet,trójwiersz
termit,termit
tonsur,tonsura
torped,torpeda
trapez,trapez
tribut,hołd
triumf,triumf
turbin,turbina
unison,unisono
uragan,huragan
vampir,wampir
verand,weranda
vermut,wermut
vinjet,winieta
zigzag,zygzak
zodiak,zodiak
admiral,admirał
aerolit,meteoryt
aforism,aforyzm
agronom,agronom
akrobat,akrobata
akvarel,akwarela
alegori,alegoria
alĥemi,alchemia
almanak,kalendarz
ambrozi,ambrozja
ametist,ametyst
amnesti,amnestiować
anagram,anagram
analogi,analogia
anapest,anapest
anatomi,anatomia
angelik,arcydzięgiel
anomali,anomalia
antilop,antylopa
antipod,antypod
antitez,antyteza
apoteoz,apoteoza
apozici,apozicja
arabesk,arabeska
arkaism,archaizm
asonanc,asonans
atavism,atatyzm
atribut,cecha
aŭreol,aureola
bankier,bankier
barikad,barykada
bariton,baryton
bastard,bękart
bazilik,bazylika
biograf,biograf
biologi,biologia
bisturi,skalpel
bombast,przechwałki
botanik,botanika
celuloz,celuloza
ceramik,ceramika
cilindr,walec
cistern,zbiornik
citadel,twierdza
ĉevron,krokiew
demagog,demagog
diagnoz,diagnoza
dialekt,dialekt
diametr,średnica
difteri,dyfteryt
diftong,dyftong
dinamik,dynamika
dinamit,dynamit
dinasti,dynastia
doktrin,doktryna
ekspres,ekspres
eliksir,eliksir
eminenc,eminencja
epiderm,naskórek
epifani,Epifania
epigraf,epigraf
epigram,epigramat
erudici,erudycja
estetik,estetyka
etim/olog##,etim/olog##
etiolog,etiolog
evoluci,ewolucja
farmaci,farmacja
filolog,filolog
filozof,filozof
fonetik,fonetyka
fronton,fronton
gangren,zgorzel
gardeni,gardenia
gencian,goryczka
geodezi,geodezja
geograf,geograf
geologi,geologia
geometr,geometra
gerundi,imiesłów
gilotin,gilotyna
gimnast,gimnastyk
gimnazi,liceum
guberni,prowincja
hiacint,hiacynt
hipotek,hipoteka
hipotez,hipoteza
histeri,histeria
homonim,homonim
ĥirurg,chirurg
judaism,judaizm
ĵargon,żargon
kalomel,kalomel
kanaben,makolągwa
kanibal,kanibal
kanonik,kanonik
kaporal,kapral
karamel,karmelka
karavan,karawana
kartuŝ,kartusz
katolik,katolik
kazemat,kazamata
komplot,spisek
koncesi,koncesja
kontakt,kontakt
korsaĵ,gorset
kreozot,kreozot
kriteri,kryterium
kvadril,kadryl
kvestor,kwestor
letargi,letargia
liturgi,liturgia
lozanĝ,romb
lumbrik,dżdżownica
mahagon,mahoń
majolik,majolika
makadam,makadam
makaron,makaronik
malakit,malachit
mansard,strych
marĝen,margines
matador,matador
mekanik,mechanika
merlang,morszczuk
metafor,metafora
minaret,minaret
mirabel,mirabelka
molekul,cząsteczka
monarki,monarchia
monolog,monolog
monopol,monopol
nikotin,nikotyna
obelisk,obelisk
oleandr,oleander
oligark,oligarcha
omnibus,omnibus
onobrik,esparceta
optativ,optywny
pacient,pacjent
palinur,langusta
pamflet,pamflet
panoram,panorama
papirus,papirus
parabol,parabola
parafin,parafina
paskvil,pamflet
paŝtel,pastel
patolog,patolog
patrici,patrycjusz
patriot,patriota
pedagog,pedagog
pelerin,peleryna
pension,pensjonat
percept,percepcja
pilastr,pilaster
piramid,piramida
plagiat,plagiat
plantag,babka
polemik,spór
prefekt,prefekt
procesi,procesja
prognoz,prognoza
prozodi,prozodia
puritan,purytanin
retorik,retoryka
revizor,audytor
samovar,samowar
sarkasm,sarkazm
segment,odcinek
sekreci,wydzielina
semafor,semafor
serenad,serenada
sifilis,kiła
simetri,symetria
simfoni,symfonia
simptom,objaw
sinagog,synagoga
sinedri,Sanhedryn
sinonim,synonim
sintaks,składnia
skandal,skandal
skrupul,dokładność
stearin,stearina
sugesti,sugestia
ŝiling,szyling
taburet,stołek
tangent,styczna
teokrat,teokrata
teologi,teologia
trombon,puzon
ultimat,ultimatum
uvertur,uwertura
variant,wariant
vazelin,wazelina
verdikt,wyrok
veteran,weteran
vokativ,wołacz
abnegaci,wyrzeczenie
adjutant,adiutant
aeroplan,samolot
agronomi,agronomia
akvafort,akwaforta
akvilegi,orlik
alabastr,alabaster
aligator,aligator
ambulanc,ambulans
antipati,antypatia
antologi,antologia
apostrof,apostrof
arbalest,kusza
areometr,areometr
arkeolog,archeolog
arkitekt,architekt
artileri,artyleria
astrolog,astrolog
astronom,astronom
atmosfer,atmosfera
aŭdienc,audiencja
balistik,balistyka
balzamin,balsamowiec
banderol,opaska
barelief,płaskorzeźba
batalion,batalion
bazilisk,bazyliszek
biografi,biografia
ceremoni,ceremonia
dekadenc,upadek
delegaci,delegacja
demagogi,demagogia
demokrat,demokrata
diafragm,przepona
diagonal,przekątna
diapazon,kamerton
didaktik,dydaktyka
difterit,dyfteryt
diktator,dyktator
disĉipl,uczeń
dispepsi,niestrawność
ditiramb,dytyramb
dromedar,dromader
ekstrakt,ekstrakt
epilepsi,padaczka
erizipel,róża
etimologi##,etimologi##
etiologi,etiologia
etnograf,etnograf
evangeli,ewangelia
faksimil,faksymile
fakultat,wydział
felieton,felieton
feminism,feminizm
feminist,feministka
filologi,filologia
filozofi,filozofia
fiziolog,fizjolog
fonograf,fonograf
galantin,galantyna
garnitur,ozdoby
garnizon,garnizon
genealog,genealog
geometri,geometria
glicerin,gliceryna
gliciriz,lukrecja
grafolog,grafolog
gramofon,gramofon
gutaperk,gutaperka
halebard,halabarda
harmonik,harmonijka
hegemoni,hegemonia
hekatomb,hekatomba
hierarki,hierarchia
hipodrom,tor wyścigowy
honorari,honorarium
horoskop,horoskop
hortensi,hortensja
ĥirurgi,chirurgia
idiotism,idiom
imperial,dach
indiĝen,tubylec
inkognit,incognito
intervju,wywiad
kalendul,nagietek
kardinal,kardynał
katafalk,katafalk
katakomb,katakumby
katedral,katedrała
katekist,katecheta
kavaleri,kawaleria
komandit,spółka komandytowa
konfekci,odzież
konflikt,konflikt
kontralt,kontralt
kontrast,kontrast
konvenci,konwencja
kosmetik,kosmetyki
kreditor,wierzyciel
ksilofon,ksylofon
kvocient,iloraz
labirint,labirynt
laŭreat,laureat
logaritm,logarytm
logogrif,logogryf
makaroni,makaron
mandaren,mandaryn
mandolin,mandolina
manifest,manifest
manometr,manometr
margarin,margaryna
marionet,marionetka
maŭzole,mauzoleum
mekanism,mechanizm
melodram,melodramat
meridian,południk
metronom,metronom
metropol,metropolia
mikrofon,mikrofon
miniatur,miniatura
monogram,monogram
monomani,monomania
naftalin,naftalina
narkotik,narkotyk
navigaci,nawigacja
nekrolog,nekrolog
nepotism,nepotyzm
nihilism,nihilizm
nihilist,nihilista
nostalgi,nostalgia
numismat,numizmatyk
obligaci,obligacja
oligarĥ,oligarcha
oligarki,oligarchia
optimism,optymizm
optimist,optymista
organism,organizm
orografi,orografia
pacifism,pacyfizm
pacifist,pacyfista
palanken,lektyka
panteism,panteizm
panteist,panteista
pantomim,pantomima
paradigm,paradygmat
parafraz,parafraza
paragraf,ustęp
partitur,partytura
patologi,patologia
pedagogi,pedagogika
perimetr,obwód
peristil,perystyl
pesimism,pesymizm
pesimist,pesymista
pleonasm,pleonazm
poliglot,poliglota
preterit,czas przeszły
procedur,procedura
projekci,rzut
proporci,proporcja
prospekt,broszura
protokol,protokół
prototip,prototyp
prozelit,konwertyta
psikolog,psycholog
referenc,odniesienie
renesanc,renesans
reputaci,reputacja
revelaci,objawienie
revolver,rewolwer
rojalist,royalista
sacerdot,kapłan
sakristi,zakrystia
sarkofag,sarkofag
seminari,seminarium
sensaci,sensacja
sfinkter,zwieracz
silogism,sylogizm
solecism,błąd językowy
stipendi,stypendium
strategi,strategia
subvenci,dotacja
talisman,amulet
tamburin,tamburyn
tarantel,tarantela
tarantul,tarantula
teleskop,teleskop
teokrati,teokracja
tipograf,typograf
topograf,topograf
toreador,torreador
transept,transept
tuberkul,guzek
amfiteatr,amfiteatr
apopleksi,udar
arbitraci,arbitraż
arĥeolog,archeolog
arĥitekt,architekt
aritmetik,arytmetyka
arkeologi,archeologia
arkipelag,archipelag
astrologi,astrologia
astronomi,astronomia
aŭditori,audytorium
aŭtograf,autograf
aŭtokrat,autokrata
deklaraci,deklaracja
demokrati,demokracja
dialektik,dialektyka
disciplin,dyscyplina
disenteri,czerwonka
entomolog,entomolog
etnografi,etnografia
filantrop,filantrop
fiziologi,fizjologia
fizionomi,fizjonomia
fotografi,fotografia
genealogi,genealogia
gladiator,gladiator
grafologi,grafologia
harmonium,harmonium
heksametr,heksametr
heliotrop,heliotrop
hidrofobi,wodowstręt
hieroglif,hieroglif
higrometr,higrometr
hipopotam,hipopotam
homeopati,homeopatia
ideografi,ideografia
imperativ,tryb rozk.
imperfekt,niedokon.
impresari,impresario
indikativ,oznajmujący
infanteri,piechota
infinitiv,bezokolicznik
inkvizici,inkwizycja
intendant,zarządca
kabriolet,kabriolet
kandelabr,kandelabr
karikatur,karykatura
kartograf,kartograf
kastanjet,kastaniety
katalepsi,katalepsja
katastrof,katastrofa
kateĥist,katecheta
kompromis,kompromis
konduktor,konduktor
konkurenc,konkurencja
kontinent,kontynent
kontrabas,kontrabas
konvolvul,powój
kosmogoni,kosmogonia
kosmograf,kosmograf
krizantem,chryzantema
kronologi,chronologia
kronometr,chronometr
krucifiks,krucyfiks
kvadratur,kwadratura
litografi,litografia
lokomobil,lokomobila
melankoli,melancholia
metafizik,metafizyka
mikrometr,mikrometr
mikroskop,mikroskop
mineralog,mineralog
monoteism,monoteizm
neologism,neologizm
oligarĥi,oligarchia
ornitolog,ornitolog
ostracism,ostracyzm
paleograf,paleograf
palisandr,palisander
paroksism,napad
pentametr,pentametr
plutokrat,plutokrata
politeism,politeizm
providenc,opatrzność
pulĉinel,Pulcinella
purgatori,czyściec
recitativ,recytatyw
reformaci,reformacja
rekrement,osad
repertuar,repertuar
rezignaci,rezygnacja
sakrament,sakrament
sekundant,sekundant
skarlatin,szkarlatyna
skolastik,szkolastyka
somnambul,lunatyk
sortiment,asortyment
spekulaci,spekulacja
spirit/ism##,spirit/ism##
spirit/ist##,spirit/ist##
stalagmit,stalagmit
stalaktit,stalaktyt
statistik,statystyka
ŝovinism,szowinizm
ŝovinist,szowinista
tipografi,typografia
topografi,topografia
velociped,welocyped
veterinar,weterynarz
vivisekci,sekcja żywych
abiturient,absolwent
alternativ,alternatywa
anakronism,anachronizm
antropolog,antropolog
arĥeologi,archeologia
arĥipelag,archipelag
aristokrat,arystokrata
arkitektur,architektura
aŭtokrati,autokracja
beletristik,piękna lit.
bibliograf,bibliograf
civilizaci,cywilizacja
dinamometr,dynamometr
ekskrement,kał
entomologi,entomologia
eŭkaristi,eucharystia
filantropi,filantropia
hipertrofi,przerost
ingredienc,składnik
inkvizitor,inkwizytor
kartografi,kartografia
koeficient,współczynnik
kompliment,komplement
kongregaci,zgromadzenie
konsistori,konsystorz
kontraband,przemyt
kontribuci,odszkodowanie
kosmografi,kosmografia
kosmopolit,kosmopolita
krestomati,chrestomatia
kvintesenc,kwintesencja
manufaktur,fabryka
manuskript,rękopis
metamorfoz,przemiana
meteorolog,meteorolog
mineralogi,mineralogia
naturalism,naturalizm
numismatik,numizmatyka
ornitologi,ornitologia
paleografi,paleografia
perspektiv,perspektywa
plutokrati,plutokracja
pneŭmatik,opona
prerogativ,prerogatywa
pseŭdonim,pseudonim
stenografi,stenografia
subjunktiv,tryb przypuszczający
superlativ,najwyższy
tuberkuloz,gruźlica
admiralitat,admirałty
antropologi,antropologia
aristokrati,arystokracja
bibliografi,bibliografia
cirkumfleks,cyrkumfleks
demonstraci,dowód
departement,wydział
enciklopedi,encyklopedia
hermafrodit,obupłciowy
hidrostatik,hydrostatyka
hidroterapi,hydroterapia
imperialism,imperializm
inaŭguraci,inauguracja
kalejdoskop,kalejdoskop
kondicional,tryb warunkowy
konfederaci,konfederacja
konglomerat,konglomerat
kontrapunkt,kontrapunkt
manifestaci,protest
metempsikoz,metempsychoza
meteorologi,meteorologia
observatori,obserwatorium
paleontolog,paleontolog
pleŭronekt,flądra
protagonist,protagonista
protektorat,protektorat
pseŭd,fałszywka
racional/ism##,racional/ism##
racional/ist##,racional/ist##
reŭmatism,reumatyzm
temperament,temperament
tragikomedi,tragikomedia
administraci,zarządzanie
demonstrativ,zaimek wskazujący
konservatori,konserwatorium
paleontologi,paleontologia
paralelogram,równoległobok
spiritualism,spirytualizm
spiritualist,spirytualista
trigonometri,trygonometria
aŭtobiografi,autobiografia
t.e.,tzn.
k.t.p.,itp.
kiom,ile
kiom##,kiom##
kiom##,kiom##
dum,podczas
dum##,dum##
ĝis,do
ĝis##,ĝis##
anstataŭ,zamiast
anstataŭ##,anstataŭ##
kiu##,kiu##
kiu,kto
tiu##,tiu##
tiu,ten
ĉiu,każdy
ĉiu##,ĉiu##
neniu,żaden
neniu##,neniu##
ambaŭ,oba
ambaŭ##,ambaŭ##
tiu ĉi##,tiu ĉi##
tiu ĉi##,tiu ĉi##
fiks,stały
fiks##,fiks##
fals,fałszywy
fals##,fals##
ĉu##,ĉu##
ĉu,czy
kial,dlaczego
kial##,kial##
kiel,jak
kiel##,kiel##
tamen,jednakże
tamen##,tamen##
apenaŭ,ledwo
apenaŭ##,apenaŭ##
kvazaŭ,jakby
kvazaŭ##,kvazaŭ##
ĉirkaŭ,wokół
ĉirkaŭ##,ĉirkaŭ##
precip##,precip##
precip,głównie
tut,cały
tut##,tut##
rest##,rest##
rest,reszta
ĉiel,wszechstronnie
ĉiel##,ĉiel##
interes,zainteresować
interes##,interes##
lig,łączyć
lig##,lig##
rul,toczyć
rul##,rul##
arm##,arm##
arm,broń
fos,kopać
fos##,fos##
plant,sadzić
plant##,plant##
orient##,orient##
orient,wschód
fald,składać
fald##,fald##
kaj,i
kaj##,kaj##
amas,masa
amas##,amas##
kopi,kopiować
kopi##,kopi##
fotograf,fotografować
fotograf##,fotograf##
ĉar,"bo, ponieważ"
ĉar##,ĉar##
fikci##,fikci##
fikci,fikcja
nul,zero
nul##,nul##
klar##,klar##
klar,jasny
artikol,artykuł
artikol##,artikol##
aŭgust,sierpień
aŭgust##,aŭgust##
por,dla
por##,por##
opozici,sprzeciwiać się
opozici##,opozici##
fot,foto
vibr,drgać
oscil,oscylować
fluktu,wahać się
indigo,indygowiec
ad##,ad##
ad,ciągłe
ag,działać
al,do
am,kochać
an,-członek
ar,zbiór
as,czas teraz
at,w trakcie
av,dziadek
bo,przez małżeństwo
ci,twój
da,z
de,z
di,bóg
Di##,Di##
do,więc
du,dwa
ec,-cecha
eg,wielki
ej,miejsce
ek,rozp-
el,z
em,skłonny
en,w środku
er,cząstka
et,-mały
fe,wróżka
fi##,fi##
fi,obrzydliwy
ge,oboje
ha,ach!
he,hej!
ho,o!
ia,osioł
id,potomek
ie,gdzieś
ig,sprawić
il,narzędzie
in,żeński
io,coś
ir,iść
is,był
it,ukończony
iu##,iu##
iu,ktoś
ja,rzeczywiście
je,na
ju,im bardziej
ke,że
l',la
la,ten
li,jego
lu,wynająć
mi,mój
ne,nie
ni,nasz
nj,-nia
nu,teraz
od,oda
ok,osiem
ol,niż
on,ułamek
op,zbiorowy
or,złoto
os,przyszły
ot,jeszcze nie
ov,jajko
pi,pobożny
po,każdy
re,ponownie
se,jeśli
si,swój
te,herbata
uj,pojemnik
ul,osoba
um,coś
ur,tur
us,byłby
uz,użyć
ve,biada
vi,twój
homeopat,homeopata
zoolog,zoolog