###❝Raíz en esperanto❞,Las líneas marcadas como ❝(exactamente igual) raíz en esperanto❞ tienen la misma prioridad que aquellas con una cadena correspondiente para reemplazo  pero en realidad indican que no se realiza ningún reemplazo de caracteres (kanji).
Raíz en esperanto##,Traducción al español con anotaciones ruby##
adiaŭ,adiós
bis,¡Otra!
hura,¡hurra!
ŭa,¡Guau!
kia,qué tipo de
tia,tal
ĉia,todo
kies,cuyo
nenia,ningún
ali,otro
alt,alto
bel,hermoso
bon,bueno
jun,joven
nov,nuevo
sam,igual
fort,fuerte
grav,importante
kelk,algunos
last,último
long,largo
mult,mucho
plen,lleno
riĉ,rico
ruĝ,rojo
facil,fácil
grand,grande
liber,libre
rapid,rápido
feliĉ,feliz
proksim,cercano
fru,temprano
pur,puro
sol,solo
ver,verdadero
cert,seguro
nigr,negro
varm,caliente
afabl,amable
blank,blanco
dolĉ,dulce
neces,necesario
propr,propio
simpl,simple
dekstr,derecha
kuraĝ,valiente
trankvil,calmo
blu,azul
dik,grueso
gaj,alegre
hel,brillante
kar,querido
lac,cansado
san,sano
sat,lleno
just,justo
prav,correcto
pret,listo
util,útil
verd,verde
apart,separado
atent,atento
fremd,ajeno
ĝust,correcto
komun,común
larĝ,ancho
agrabl,agradable
divers,diverso
intern,interno
sufiĉ,suficiente
kontent,satisfecho
profund,profundo
mol,suave
pez,pesado
sek,seco
brun,marrón
egal,igual
flav,amarillo
griz,gris
kulp,culpable
lert,hábil
rekt,recto
saĝ,sabio
vast,amplio
ceter,restante
freŝ,fresco
simil,similar
kapabl,capaz
serioz,serio
efektiv,real
ordinar,común
akr,agudo
fam,famoso
ies,de alguien
avar,avaro
dens,denso
eben,plano
fier,orgulloso
firm,firme
nepr,absoluto
plat,plano
plur,múltiple
surd,sordo
vigl,ágil
fidel,fiel
kviet,calmo
matur,maduro
sankt,santo
spert,experto
subit,repentino
taŭg,apto
honest,honesto
konven,apropiado
plur,múltiple
preciz,preciso
strang,extraño
delikat,delicado
ĝentil,cortés
komfort,cómodo
pacienc,paciente
special,especial
ĝeneral,general
konstant,constante
lam,cojo
mut,mudo
nud,desnudo
pal,pálido
ruz,astuto
van,vano
acid,ácido
glat,liso
kler,culto
krud,crudo
mild,suave
abund,abundante
blind,ciego
blond,rubio
ĉarm,encantador
etern,eterno
favor,favorable
graci,elegante
humil,humilde
laŭt,fuerte
sever,estricto
stult,tonto
fortik,fuerte
frenez,loco
kurioz,curioso
privat,privado
sincer,sincero
evident,evidente
oportun,conveniente
prudent,sensato
sci/vol##,sci/vol##
diligent,diligente
proksim/um##,proksim/um##
ard,ardiente
avid,ansioso
brav,valiente
ebri,ebrio
krut,empinado
naiv,ingenuo
nobl,noble
sobr,sobrio
humid,húmedo
ident,idéntico
komik,cómico
kripl,lisiado
kruel,cruel
moder,moderado
sagac,agudo
seren,sereno
sprit,ingenioso
akurat,puntual
fervor,ferviente
inklin,propenso
ĵaluz,celoso
kapric,caprichoso
modern,moderno
modest,modesto
nenies,de nadie
normal,normal
sovaĝ,salvaje
ekstrem,extremo
elegant,elegante
eminent,distinguido
komplet,completo
oficial,oficial
perfekt,perfecto
probabl,probable
reciprok,mutuo
indiferent,indiferente
inteligent,sabio
amar,amargo
imun,inmune
real,real
ties,de ese
unik,único
vant,vano
virg,virgen
aktiv,activo
civil,civil
ĉies,de todos
elast,elástico
human,humano
intim,íntimo
kaduk,deteriorado
koket,coqueta
lojal,leal
malic,malicioso
mir/ind##,mir/ind##
raŭk,ronco
rigid,rígido
sekur,seguro
solen,solemne
tener,tierno
valid,válido
abrupt,brusco
absurd,absurdo
aktual,actual
arbitr,arbitrario
aŭdac,audaz
ekzakt,exacto
furioz,furioso
graved,embarazada
klasik,clásico
majest,majestuoso
nervoz,nervioso
oblikv,oblicuo
obstin,terco
plen/aĝ##,plen/aĝ##
social,social
subtil,sutil
tragik,trágico
absolut,absoluto
kontant,efectivo
popular,popular
relativ,relativo
sin/don##,sin/don##
solidar,solidario
vegetar,vegetariano
familiar,familiar
grandioz,magnífico
kolektiv,colectivo
sin/gard##,sin/gard##
kompetent,capaz
universal,universal
kvit,saldado
miop,miope
punc,rojo vivo
ranc,rancio
ĉast,casto
ekstr,extra
masiv,masivo
antikv,antiguo
arogant,arrogante
konform,conforme
trivial,trivial
elokvent,elocuente
kriminal,delictivo
predikat,predicado
akut,agudo
dual,dual
hirt,erizado
kalv,calvo
banal,trillado
cinik,cínico
gotik,gótico
inert,inactivo
obtuz,romo
okult,oculto
pasiv,pasivo
rigor,estricto
stoik,estoico
analog,análogo
anonim,anónimo
arkaik,arcaico
diafan,translúcido
efemer,efímero
erotik,erótico
fiktiv,ficticio
formal,formal
frivol,frívolo
intens,intenso
invers,inverso
konciz,conciso
konkav,cóncavo
mistik,místico
neŭtr,neutro
vulgar,vulgar
akcesor,secundario
apokrif,falso
arĥaik,arcaico
burlesk,burlesco
decimal,decimal
diskret,discreto
fanatik,fanático
grotesk,grotesco
konkret,concreto
kontinu,continuo
liberal,liberal
monoton,monótono
negativ,negativo
nominal,nominal
pozitiv,positivo
radikal,radical
skeptik,escéptico
solvent,solvente
abstrakt,abstracto
aŭtonom,autónomo
eventual,posible
inkluziv,incluido
neŭtral,neutral
objektiv,objetivo
ortodoks,ortodoxo
primitiv,primitivo
provizor,provisional
racional,racional
romantik,romántico
sinoptik,resumido
spontane,espontáneo
aŭtentik,auténtico
definitiv,definitivo
ekskluziv,exclusivo
korelativ,correlativo
respektiv,respectivo
subjektiv,subjetivo
transitiv,transitivo
spekulativ,especulativo
impertinent,Impertinente
konservativ,conservador
sentimental,sentimental
dek,diez
mil,mil
sep,siete
ses,seis
tri,tercero
unu,uno
cent,cien
kvar,cuatro
kvin,cinco
naŭ,nueve
aŭ,o
nek,ni
sed,pero
kvankam,aunque
plus,más
minus,menos
ĉe,en
kun,con
per,mediante
pri,sobre
pro,por
sen,sin
sub,bajo
sur,sobre
tra,a través de
apud,junto a
krom,además
laŭ,según
post,después
inter,entre
super,encima de
trans,al otro lado de
antaŭ,antes
ekster,fuera de
preter,más allá
kontraŭ,en contra de
malgraŭ,a pesar de
ĝi,su
ili,su
kio,qué
oni,uno
ŝi,ella
tio,eso
ĉio,todo
nenio,nada
tio ĉi##,tio ĉi##
dis,separar
mal,opuesto
ĉef,principal
eks,ex-
mis,erróneo
pra,antiguo
dev,deber
dir,decir
don,dar
est,ser
far,hacer
fin,acabar
hav,tener
kon,conocer
leg,leer
lev,elevar
met,poner
mov,mover
pet,pedir
pov,poder
rid,reír
sci,saber
sid,sentarse
ten,sujetar
ven,venir
vid,ver
viv,vivo
vol,querer
ĝoj,alegrar
help,ayudar
kred,creer
lern,aprender
loĝ,habitar
mort,morir
okaz,suceder
port,llevar
pren,tomar
sekv,seguir
send,enviar
star,estar
dezir,desear
labor,trabajar
milit,guerrear
montr,mostrar
parol,hablar
ricev,recibir
skrib,escribir
ŝajn,parecer
vetur,viajar
demand,preguntar
komenc,iniciar
kompren,entender
respond,responder
bat,golpear
fal,caer
kri,gritar
kur,correr
las,dejar
lum,brillar
mir,asombrar
pag,pagar
pas,pasar
reg,gobernar
son,sonar
tim,temer
tir,tirar
aŭd,oír
brul,arder
dank,agradecer
dorm,dormir
ferm,cerrar
flug,volar
halt,parar
ĵet,lanzar
kant,cantar
kost,costar
mank,faltar
nask,parir
okup,ocupar
pens,pensar
perd,perder
prem,oprimir
prov,probar
sent,sentir
turn,girar
aĉet,comprar
atend,esperar
bezon,necesitar
kresk,crecer
manĝ,comer
memor,recordar
serĉ,buscar
trink,beber
konsil,aconsejar
permes,permitir
postul,exigir
rakont,narrar
rigard,ver
rimark,notar
ŝanĝ,cambiar
vojaĝ,viajar
konstru,construir
prezent,ofrecer
renkont,encontrar
bru,ruido
dub,dudar
lav,lavar
lud,jugar
pen,esforzarse
vek,despertar
vok,llamar
aper,aparecer
bril,brillar
erar,errar
fest,festejar
frap,golpear
gajn,ganar
kapt,capturar
kaŝ,ocultar
kovr,cubrir
kuir,cocinar
kuŝ,yacer
paŝ,andar
plor,llorar
romp,romper
salt,saltar
serv,atender
tuŝ,tocar
vend,vender
zorg,cuidar
batal,luchar
elekt,elegir
esper,esperar
koler,enojado
mezur,medir
opini,opinar
ordon,mandar
plend,quejarse
ripoz,descansar
salut,saludar
sufer,sufrir
akcept,aceptar
forges,olvidar
kalkul,calcular
komerc,comerciar
konduk,guiar
pardon,perdonar
silent,callado
tranĉ,cortar
konsent,acordar
aŭskult,escuchar
ban,bañar
flu,fluir
kre,crear
mok,burlar
amuz,divertir
ĉes,parar
efik,eficaz
gard,vigilar
juĝ,juzgar
klin,inclinar
pend,colgar
puŝ,empujar
spir,respirar
stud,estudiar
ŝat,valorar
tond,cortar
traf,acertar
ating,lograr
decid,decidir
estim,respetar
invit,invitar
kurac,curar
marŝ,marchar
plaĉ,gustar
ripet,repetir
ŝlos,cerrar
ŝtel,robar
vizit,visitar
aranĝ,organizar
ekzist,existir
instru,enseñar
intenc,intencionar
kompat,compadecer
prefer,preferir
prepar,preparar
promen,pasear
promes,prometer
sukces,éxito
konserv,guardar
bol,hervir
kis,besar
obe,obedecer
paf,disparar
pel,empujar
pik,picar
pun,castigar
sav,rescatar
tus,toser
akir,obtener
apog,apoyar
atak,atacar
bala,barrer
blov,soplar
ĉas,cazar
danc,bailar
eduk,educar
evit,evitar
fleg,cuidar
glit,resbalar
gvid,guiar
ĝen,molestar
hejt,calentar
hont,avergonzar
imag,imaginar
imit,imitar
komb,peinar
mend,pedir
miks,mezclar
naĝ,nadar
plug,arar
pres,imprimir
soif,sediento
spez,transaccionar
ŝir,rasgar
trem,temblar
trov,encontrar
venk,vencer
viŝ,borrar
volv,enrollar
anonc,anunciar
aprob,aprobar
avert,advertir
merit,merecer
minac,amenazar
pentr,pintar
posed,poseer
preĝ,rezar
rifuz,rechazar
rilat,relacionar
ripar,reparar
skrap,raspar
ŝerc,bromear
tromp,engañar
defend,defender
desegn,dibujar
esting,apagar
inform,informar
kompar,comparar
kondut,comportarse
konfes,confesar
konsci,consciente
kultur,cultivar
mensog,mentir
rezult,resultar
rikolt,cosechar
streĉ,tensar
ŝovel,pala
akompan,acompañar
aparten,pertenecer
bedaŭr,lamentar
konsist,constar
organiz,organizar
progres,avanzar
respekt,respetar
riproĉ,reprochar
diferenc,diferir
rekomend,recomendar
korespond,corresponder
enu,aburrir
fid,confiar
ĝu,gozar
hak,cortar
log,atraer
pek,pecar
pes,pesar
raz,afeitar
dron,ahogar
fajf,silbar
fand,fundir
farm,cultivar
fart,estar
frot,frotar
ĝem,gemir
krev,reventar
kudr,coser
mord,morder
muel,moler
nutr,alimentar
odor,oler
rajd,montar
solv,resolver
taks,evaluar
teks,tejer
tent,tentar
urĝ,urgir
babil,charlar
detru,destruir
difin,definir
distr,distraer
diven,adivinar
divid,dividir
etend,extender
evolu,evolucionar
forĝ,forjar
frand,saborear
grimp,trepar
hezit,dudar
kroĉ,enganchar
laŭd,alabar
mason,construir
ofert,ofrecer
ornam,adornar
petol,juguetear
sonĝ,soñar
stern,extender
supoz,suponer
ŝirm,proteger
ŝpar,ahorrar
ŝtop,taponar
ŝuld,deber
ŝvel,hinchar
toler,aguantar
verŝ,verter
aspekt,parecer
daŭr/ig##,daŭr/ig##
difekt,dañar
diskut,discutir
domaĝ,lamentar
ekscit,emocionar
ekzerc,entrenar
esplor,investigar
esprim,expresar
konsol,consolar
murmur,murmurar
prezid,presidir
signif,significar
skulpt,esculpir
traduk,traducir
ekskurs,excursión
ekzamen,examinar
komunik,comunicar
koncern,afectar
konstat,constatar
protekt,proteger
protest,protestar
renvers,volcar
surpriz,sorprender
konsider,considerar
persekut,perseguir
reprezent,representar
bak,hornear
ben,bendecir
boj,ladrar
bor,perforar
ced,ceder
cit,citar
lek,lamer
rab,robar
rav,encantar
rem,remar
rev,soñar
seg,serrar
sku,sacudir
ted,aburrir
teg,cubrir
abon,suscribir
dung,contratar
envi,envidiar
flar,oler
fond,fundar
frit,freír
friz,rizar
gest,gesticular
glad,planchar
glut,tragar
ĵur,jurar
kned,amasar
maĉ,masticar
melk,ordeñar
migr,migrar
munt,montar
ofer,ofrecer
pent,arrepentirse
pruv,probar
pump,bombear
putr,podrir
ramp,arrastrarse
risk,arriesgar
ronk,roncar
rost,asar
sven,desmayar
ŝov,empujar
ŝut,verter
tajl,cortar
tord,torcer
tren,arrastrar
vari,variar
velk,marchitar
adici,sumar
admir,admirar
admon,amonestar
adopt,adoptar
akcel,acelerar
atest,certificar
ĉerp,extraer
degel,derretir
deleg,delegar
fleks,doblar
flirt,coquetear
hered,heredar
influ,influir
kares,acariciar
medit,meditar
naŭz,asquear
osced,bostezar
paŝt,pastorear
paŭz,pausa
pinĉ,pellizcar
plekt,trenzar
regal,agasajar
ribel,rebelarse
sopir,añorar
sorĉ,hechizar
strik,huelga
sufok,asfixiar
sving,agitar
ŝarg,cargar
ŝmir,untar
trakt,manejar
tremp,sumergir
afrank,franquear
asekur,asegurar
balanc,balancear
barakt,luchar
dediĉ,dedicar
deklar,declarar
destin,asignar
disput,discutir
escept,excluir
festen,fiesta
frakas,romper
gratul,felicitar
ilustr,ilustrar
import,importar
insist,insistir
instal,instalar
instig,incitar
insult,insultar
komand,ordenar
komisi,encargar
konfid,confiar
konfit,conservar
konfuz,confundir
konkur,competir
kritik,criticar
observ,observar
penetr,penetrar
perfid,traicionar
proced,proceder
raport,informar
reklam,anunciar
rezign,abandonar
rezist,resistir
rifuĝ,refugiarse
brak/um##,brak/um##
civiliz,civilizar
ĉagren,irritar
de/pend##,de/pend##
disting,distinguir
eksplod,explotar
garanti,garantizar
komplez,amable
kondamn,culpar
konfirm,confirmar
konjekt,adivinar
konklud,concluir
kontrol,verificar
konvink,convencer
operaci,operar
plen/um##,plen/um##
pretend,afirmar
suspekt,sospechar
turment,atormentar
distribu,repartir
fanfaron,jactarse
kontrakt,contratar
mastr/um##,mastr/um##
prokrast,aplazar
administr,gestionar
el/turn/iĝ##,el/turn/iĝ##
entrepren,emprender
dec,apto
juk,picar
lul,acunar
vad,vadear
vag,vagar
vet,apostar
vom,vomitar
zum,zumbar
ador,adorar
agit,incitar
akuz,acusar
alud,insinuar
bapt,bautizar
bind,encuadernar
blek,bramar
bred,criar
buĉ,matar
ĉif,arrugar
dikt,dictar
dres,domar
ekip,equipar
est/ig##,est/ig##
fast,ayunar
flat,halagar
flik,remendar
fuĝ,huir
fuŝ,estropear
garn,adornar
grat,rascar
hav/ig##,hav/ig##
izol,aislar
jung,unir
lukt,luchar
muĝ,bramar
opon,oponer
palp,tocar
pekl,encurtir
pere,perecer
pli/ig##,pli/ig##
sark,desherbar
sekc,cortar
sorb,absorber
spit,desafiar
suĉ,chupar
svat,emparejar
tajp,teclear
tern,estornudar
tikl,cosquillear
tint,tintinear
trik,tejer
trud,imponer
vart,cuidar
adapt,adaptar
aplik,aplicar
asert,afirmar
asist,ayudar
balot,votar
ĉe/est##,ĉe/est##
delir,delirar
depon,depositar
deput,delegar
enket,encuestar
eskap,huir
falĉ,cortar
flagr,parpadear
for/est##,for/est##
grinc,chirriar
ignor,ignorar
impet,impulsar
incit,provocar
indik,indicar
insid,tramar
inund,inundar
kraĉ,escupir
liver,entregar
menci,mencionar
modif,modificar
ofend,insultar
rezon,razonar
rivel,revelar
start,iniciar
susur,susurrar
ŝpin,hilar
trejn,entrenar
venĝ,vengar
abstin,abstenerse
aflikt,afligir
altern,alternar
balbut,tartamudear
cirkul,circular
deĵor,servir
denunc,acusar
de/ten##,de/ten##
dev/ont/ig##,dev/ont/ig##
digest,digerir
dispon,usar
dorlot,mimar
eksped,enviar
el/don##,el/don##
establ,fundar
flustr,susurrar
grimac,hacer mueca
grumbl,gruñir
implik,enredar
indign,indignarse
indulg,perdonar
infekt,infectar
injekt,inyectar
inspir,inspirar
invent,inventar
klopod,esforzarse
kolizi,chocar
kombin,combinar
kompon,componer
konsum,consumir
korekt,corregir
lubrik,lubricar
manovr,maniobrar
plonĝ,zambullir
preleg,dar una charla
propon,proponer
provok,provocar
recenz,criticar
redakt,editar
redukt,reducir
revizi,revisar
ŝpruc,salpicar
aplaŭd,aplaudir
blasfem,blasfemar
bon/vol##,bon/vol##
brokant,revender
eksport,exportar
ekzekut,ejecutar
gust/um##,gust/um##
iniciat,iniciar
kalumni,difamar
kompens,compensar
komplik,complicar
kontest,disputar
manipul,manejar
neglekt,descuidar
persist,persistir
prononc,pronunciar
prosper,prosperar
reflekt,reflejar
re/form##,re/form##
subtrah,restar
ŝancel,tambalear
televid,ver televisión
determin,fijar
ekspluat,explotar
koncentr,concentrar
mistifik,engañar
preskrib,recetar
revoluci,revolucionar
riverenc,inclinarse
interpret,interpretar
kompromit,comprometer
multiplik,multiplicar
propagand,publicitar
konversaci,charlar
interpelaci,interpelar
erp,arar
kov,incubar
lut,soldar
pep,piar
tan,curtir
agac,irritar
brod,bordar
brog,escaldar
ĉiz,tallar
edif,edificar
fajl,limar
krak,chasquear
kroz,navegar
pist,triturar
rasp,rallar
rast,rastrillar
rigl,cerrar
rukt,eructar
sibl,silbar
skiz,bosquejar
sput,escupir
steb,coser
stuk,enlucir
ŝim,moho
torn,tornear
trot,trotar
urin,orinar
varb,reclutar
adult,adulterio
afekt,fingir
akuŝ,dar a luz
arest,detener
asign,asignar
atenc,atacar
draŝ,trillar
drink,beber mucho
ekzil,exiliar
filtr,filtrar
infuz,infundir
kribr,tamizar
parad,desfilar
rabot,cepillar
rafin,refinar
satur,saturar
sieĝ,sitio
skerm,esgrimir
strab,bizco
ŝmac,besar
uzurp,usurpar
veget,crecer
border,bordear
ĉikan,acosar
degrad,degradar
diboĉ,depravarse
distil,destilar
drapir,cubrir
gargar,enjuagar
gravur,grabar
guvern,tutorar
ilumin,iluminar
inokul,vacunar
intrig,tramar
ĵongl,malabarear
kartav,ronquear
kontuz,contundir
likvid,liquidar
makler,intermediar
plaŭd,chapotear
predik,predicar
rembur,acolchar
ventol,ventilar
deĉifr,descifrar
degener,degradar
diskont,descontar
ferment,fermentar
kalfatr,calafatear
kolport,vender
kompost,componer
konspir,conspirar
konvert,convertir
paraliz,paralizar
proklam,proclamar
singult,hipar
ĉarpent,construir
hipokrit,fingir
intermit,intermitente
konstern,alarmar
marĉand,regatear
kapitulac,rendirse
kaŭteriz,cauterizar
komentari,comentar
koment,comentar
poz,posar
vak,vacío
boks,boxear
ĝir,transferir
kirl,remover
klak,chasquear
kluk,cacarear
knar,chirriar
murd,matar
pled,apelar
sond,sondear
tatu,tatuar
abdik,abdicar
abort,abortar
agoni,agonizar
aklam,aclamar
amput,amputar
aneks,anexar
aspir,anhelar
deriv,derivar
feder,federar
impon,impresionar
invad,invadir
kaŭr,agacharse
klaĉ,chismear
kliŝ,estereotipar
kotiz,pagar cuota
marin,marinar
miaŭ,maullar
modul,modular
refut,refutar
rikan,burlarse
streb,esforzarse
svarm,abundar
ŝveb,flotar
absorb,absorber
akapar,acaparar
analiz,analizar
asimil,asimilar
asperg,rociar
atribu,atribuir
aŭgur,predecir
bojkot,boicotear
cenzur,censurar
dedukt,deducir
deklam,recitar
dekolt,escotar
indukt,inducir
kompil,compilar
konced,admitir
konker,conquistar
korupt,sobornar
kverel,discutir
lament,lamentar
narkot,drogar
stimul,estimular
strigl,cepillar
ŝrump,arrugarse
amortiz,amortizar
anticip,anticipar
apelaci,apelar
bankrot,quebrar
bombard,bombardear
emancip,liberar
inspekt,inspeccionar
katekiz,catequizar
koincid,coincidir
konfisk,confiscar
konsekr,consagrar
konsult,consultar
legitim,legitimar
mobiliz,movilizar
pilgrim,peregrinar
improviz,improvisar
inaŭgur,inaugurar
karambol,chocar
kateĥiz,catequizar
klasifik,clasificar
kontribu,contribuir
litograf,litografiar
prostitu,prostituir
centraliz,centralizar
stenograf,taquigrafiar
ekskomunik,excomulgar
karakteriz,caracterizar
aĵ,cosa
ant,presente
ebl,posible
iĝ,volverse
ind,valioso
int,perfecto
ism,-ismo
ist,profesional
obl,veces
ont,futuro
estr,jefe
aĉ,malo
ĉj##,ĉj##
end,necesario
ing,funda
ajn,cualquiera
ĉi##,ĉi##
eĉ##,eĉ##
for,lejos
iam,alguna vez
iom,algo
jam,ya
jen,aquí
jes,sí
kie,dónde
mem,auto
nun,ahora
nur,solo
pli,más
plu,más
tie,allí
tre,muy
tro,demasiado
tuj,inmediatamente
ĉie,en todas partes
ĵus,recién
kiam,cuándo
plej,más
tial,por eso
tiam,entonces
tiel,así
tiom,tanto
ĉiam,siempre
nenie,en ninguna parte
ankaŭ,también
neniam,nunca
baldaŭ,pronto
hieraŭ,ayer
hodiaŭ,hoy
morgaŭ,mañana
tie ĉi##,tie ĉi##
almenaŭ,al menos
ankoraŭ,aún
preskaŭ,casi
tiel ĉi##,tiel ĉi##
oft,frecuente
ial,por algo
iel,de alguna manera
volont,voluntariamente
des,más
neniom,nada
ĉial,por todo motivo
ĉiom,todo
ia/foj##,ia/foj##
nenial,sin razón
neniel,de ninguna manera
parker,de memoria
foj,ocasión
hom,humano
jar,año
kap,cabeza
kor,corazón
lok,lugar
man,mano
nom,nombre
tag,día
ter,tierra
vir,hombre
voj,camino
afer,asunto
amik,amigo
form,forma
kamp,campo
land,país
mond,mundo
naci,nación
patr,padre
temp,tiempo
vort,palabra
flank,lado
infan,niño/a
patr/in##,patr/in##
ĉambr,habitación
sinjor,señor
akv,agua
arb,árbol
art,arte
dom,casa
edz,esposo
fil,hijo
har,pelo
hor,hora
lit,cama
mar,mar
mon,dinero
mur,muro
pac,paz
pec,trozo
sun,sol
urb,ciudad
bild,imagen
bird,ave
buŝ,boca
frat,hermano
hejm,hogar
knab,chico
kort,patio
libr,libro
mont,montaña
okul,ojo
part,parte
pied,pie
pord,puerta
rajt,derecho
tabl,mesa
vent,viento
vest,ropa
fingr,dedo
frukt,fruto
kolor,color
leter,carta
lingv,idioma
maten,mañana
popol,pueblo
punkt,punto
rimed,medio
valor,valor
ĉeval,caballo
famili,familia
fraŭl,soltero
person,persona
semajn,semana
vesper,tarde
vizaĝ,cara
fenestr,ventana
aer,aire
aĝ,edad
cel,meta
fer,hierro
ide,idea
kat,gato
kol,cuello
mez,medio
naz,nariz
nub,nube
ord,orden
pan,pan
roz,rosa
best,animal
bord,orilla
brak,brazo
dent,diente
fajr,fuego
fiŝ,pez
flor,flor
glas,vaso
hund,perro
korp,cuerpo
lakt,leche
lign,madera
lini,línea
mark,marca
neĝ,nieve
nokt,noche
onkl,tío
orel,oreja
plum,pluma
pluv,lluvia
rond,redondo
sang,sangre
seĝ,silla
spec,tipo
stat,estado
supr,cima
ŝip,barco
vitr,vidrio
angul,esquina
daŭr,continuación
dolor,dolor
gazet,revista
kaŭz,causa
kutim,hábito
minut,minuto
monat,mes
natur,natural
nombr,número
paper,papel
plank,suelo
river,río
somer,verano
staci,estación
strat,calle
suker,azúcar
ŝton,piedra
vagon,vagón
veter,clima
vintr,invierno
aŭtun,otoño
ĉapel,sombrero
direkt,dirección
kolekt,colección
moment,instante
plezur,placer
vilaĝ,pueblo
ekzempl,ejemplo
ĝarden,jardín
histori,historia
printemp,primavera
bov,vaca
ink,tinta
kaf,café
kok,pollo
kuk,pastel
kuz,primo
lag,lago
lim,límite
lun,luna
maj,mayo
pak,paquete
sak,bolsa
sum,suma
tru,agujero
vin,vino
anim,alma
azen,burro
benk,banco
dors,espalda
foli,hoja
font,fuente
fund,fondo
genu,rodilla
gren,grano
grup,grupo
herb,hierba
juli,julio
juni,junio
kart,tarjeta
klas,clase
korb,cesta
kruc,cruz
krur,pierna
lang,lengua
leĝ,ley
lund,lunes
mard,martes
mart,marzo
ofic,cargo
ombr,sombra
paĝ,página
pork,cerdo
poŝ,bolsillo
radi,rayo
reĝ,rey
senc,significado
stel,estrella
ŝaf,oveja
verk,obra
voĉ,voz
adres,dirección
april,abril
brust,pecho
buter,mantequilla
donac,regalo
glaci,hielo
kuler,cuchara
mastr,amo
muzik,música
numer,número
poŝt,correo
prunt,préstamo
sabat,sábado
ŝtat,estado
ŝtup,escalón
teler,plato
terur,terror
vapor,vapor
insekt,bicho
januar,enero
ĵaŭd,jueves
kovert,sobre
krajon,lápiz
manier,modo
objekt,objeto
oktobr,octubre
plafon,techo
region,región
religi,religión
spirit,mente
arĝent,plata
danĝer,peligro
decembr,diciembre
dimanĉ,domingo
februar,febrero
horloĝ,reloj
merkred,miércoles
novembr,noviembre
produkt,producto
vendred,viernes
septembr,septiembre
bar,obstáculo
bek,pico
fak,especialidad
fum,humo
gas,gas
gut,gota
jak,chaqueta
kel,sótano
kuv,tina
lip,labio
nep,nieto
nev,sobrino
not,nota
ole,aceite
ond,ola
ost,hueso
par,par
pom,manzana
pot,olla
rad,rueda
ret,red
sal,sal
sap,jabón
sem,semilla
sud,sur
sup,sopa
ŝu,zapato
tas,taza
tol,lino
tuk,tela
ung,uña
val,valle
vic,fila
barb,barba
bros,cepillo
fakt,hecho
flag,bandera
fork,tenedor
forn,horno
gast,huésped
gras,grasa
kapr,cabra
karb,carbón
kest,caja
korn,cuerno
krim,crimen
lamp,lámpara
mebl,mueble
mien,semblante
muŝ,mosca
nord,norte
past,masa
pilk,pelota
pint,punta
polv,polvo
pont,puente
prez,precio
rand,borde
regn,estado
seri,serie
sign,señal
sort,destino
spic,especia
vang,mejilla
vost,cola
vund,herida
botel,botella
buton,botón
cifer,cifra
faden,hilo
frunt,frente
haŭt,piel
honor,honorífico
insul,isla
kajer,cuaderno
kamen,chimenea
legom,verdura
liter,letra
metal,metal
pingl,aguja
polic,policía
polur,brillo
premi,premio
regul,regla
sezon,estación
ŝanc,suerte
ŝnur,cuerda
tabul,tabla
viand,carne
baston,palo
branĉ,rama
ĉemiz,camisa
doktor,doctorado
kravat,corbata
lecion,clase
maŝin,máquina
milion,millón
najbar,vecino
parenc,pariente
publik,público
scienc,ciencia
sekret,secreto
skatol,caja
soldat,soldado
spegul,espejo
ŝarĝ,carga
ŝrank,armario
tualet,inodoro
ĉapitr,capítulo
fromaĝ,queso
kondiĉ,condición
praktik,práctica
serpent,serpiente
ŝtrump,media
tegment,techo
telefon,teléfono
industri,industria
kilogram,kilo
okcident,oeste
pantalon,pantalones
abi,abeto
agl,águila
ber,baya
bot,bota
bul,bola
dat,fecha
glu,pegamento
jup,falda
kav,cueva
lan,lana
led,cuero
mod,moda
mor,costumbre
pin,pino
pip,tubo
piz,guisante
put,pozo
rel,riel
riz,arroz
rok,roca
suk,jugo
tem,tema
tub,tubo
tur,torre
vat,algodón
vaz,vaso
zon,cinturón
arme,ejército
bank,banco
bien,finca
bier,cerveza
bret,estante
brik,ladrillo
cikl,ciclo
ĉap,gorro
drat,alambre
epok,época
fask,haz束
feri,vacaciones
film,película
flam,llama
flos,balsa
fojn,heno
fulm,rayo
glob,esfera
grad,grado
gust,sabor
kadr,marco
krem,crema
kurb,curva
kurs,curso
larm,lágrima
leon,león
litr,litro
luks,lujo
meti,oficio
metr,metro
najl,clavo
nest,nido
pajl,paja
plac,plaza
plad,plato
plan,planificación
poet,poeta
pugn,puño
ring,anillo
sabl,arena
scen,escena
skal,escala
soci,social
spac,espacio
stal,establo
task,tarea
tomb,tumba
verm,gusano
vers,verso
viol,violeta
agord,armonía
balon,globo
bilet,boleto
burĝ,burgués
centr,centro
etaĝ,piso
farun,harina
figur,figura
frost,helada
gorĝ,garganta
grund,suelo
haven,puerto
hotel,hotel
humor,humor
karot,zanahoria
katar,catarro
kling,hoja
koton,algodón
kvant,cantidad
lepor,liebre
makul,mancha
manik,manga
membr,miembro
mizer,miseria
nebul,niebla
organ,órgano
parti,bando
pastr,cura
radik,raíz
serur,cerradura
solid,sólido
sonor,sonido
strek,línea
ŝvit,sudor
tabak,tabaco
tabel,tabla
titol,título
tondr,trueno
valiz,maleta
ventr,vientre
alumet,fósforo
aparat,aparato
brasik,col
citron,limón
ĉifon,trapo
dekliv,cuesta
dezert,desierto
elektr,eléctrico
energi,energía
fianĉ,prometido
hirund,golondrina
kelner,camarero
kvalit,calidad
majstr,maestro
mantel,capa
martel,martillo
matrac,colchón
menton,barbilla
oranĝ,naranja
origin,origen
potenc,poder
salajr,sueldo
sekund,segundo
societ,sociedad
stomak,estómago
ŝultr,hombro
tapiŝ,alfombra
tritik,trigo
aventur,aventura
cigared,cigarrillo
distanc,distancia
embaras,estorbo
kamarad,compañero
kaserol,cacerola
komitat,comité
kongres,congreso
kvadrat,cuadrado
magazen,almacén
pasport,pasaporte
politik,política
registr,registro
ter/pom##,ter/pom##
akcident,accidente
aŭtobus,autobús
aŭtomat,automático
ĉokolad,chocolate
direktor,jefe
instinkt,instinto
karakter,carácter
kaŭĉuk,goma
material,material
standard,bandera
telegraf,telégrafo
restoraci,restaurante
ark,arco
baz,base
beb,bebé
bub,gamberro
bud,cabaña
fel,piel
hok,gancho
huf,pezuña
jur,ley
kas,caja
kin,cine
kom,coma
kot,suciedad
lup,lobo
mam,seno
map,mapa
min,mina
mus,ratón
net,limpio
nod,nudo
orf,huérfano
ort,ángulo recto
pat,sartén
pil,batería
pir,pera
pup,muñeca
rat,rata
rip,costilla
rob,túnica
tip,tipo
ton,tono
urs,oso
var,mercancía
vel,vela
vit,vid
abel,abeja
aŭt,coche
bluz,blusa
boat,barco
brov,ceja
cerb,cerebro
ĉek,cheque
ĉen,cadena
disk,disco
dram,drama
drap,paño
duŝ,ducha
ezok,lucio
farb,pintura
febr,fiebre
fend,grieta
foir,feria
fost,poste
frag,fresa
fulg,hollín
funt,libra
gant,guante
geni,genio
glor,gloria
golf,bahía
hajl,granizo
hero,héroe
kemi,química
kord,cuerda
kork,corcho
krad,rejilla
kran,grifo
kret,tiza
kriz,crisis
kron,corona
kugl,bala
kupr,cobre
lift,ascensor
list,lista
mast,mástil
nadl,aguja
nerv,nervio
oliv,aceituna
park,parque
pasi,pasión
pask,Pascua
pelt,piel
plet,bandeja
poem,poema
proz,prosaico
pulm,pulmón
pulv,pólvora
rang,rango
revu,revista
ritm,ritmo
seks,sexo
sens,sentido
silk,seda
simi,mono
sojl,umbral
stil,estilo
stri,raya
ŝel,cáscara
tend,tienda
verb,verbo
verg,vara
vert,cima
vidv,viudo
virt,virtud
vual,velo
vulp,zorro
afiŝ,cartel
album,álbum
almoz,limosna
arane,araña
asoci,asociación
avenu,avenida
aviad/il##,aviad/il##
barel,barril
bazar,mercado
betul,abedul
brems,freno
butik,tienda
detal,detalle
diabl,demonio
emoci,emoción
enigm,enigma
esenc,esencia
faŭk,boca
fizik,física
framb,frambuesa
grajn,grano
ĥemi,química
ideal,ideal
juvel,joya
katen,cadena
kitel,bata
kruĉ,jarra
krust,corteza
kubut,codo
kukol,cuco
kverk,roble
lamen,lámina
marĉ,pantano
metod,método
model,modelo
motor,motor
nivel,nivel
palac,palacio
panj,mamá
penik,pincel
pioĉ,pico
plumb,plomo
poezi,poesía
salon,sala
saŭc,salsa
sitel,cubo
sklav,esclavo
sport,deporte
stamp,sello
stang,barra
stump,tocón
ŝtal,acero
ŝtof,tela
teatr,teatro
teori,teoría
teren,terreno
trajn,tren
trajt,rasgo
trunk,tronco
venen,veneno
veŝt,chaleco
abomen,repulsión
anĝel,ángel
animal,animal
apetit,apetito
apotek,farmacia
benzin,gasolina
bicikl,bici
bombon,dulce
cement,cemento
ĉeriz,cereza
desert,postre
fabrik,fábrica
financ,finanzas
funebr,luto
funkci,función
garaĝ,garaje
imperi,imperio
impost,impuesto
impres,impresión
kalkan,talón
kalson,calzón
kamion,camión
kandel,vela
kanzon,canción
kastel,castillo
klient,cliente
kol/um##,kol/um##
kurten,cortina
mandat,mandato
mister,misterio
moskit,mosquito
muskol,músculo
ombrel,paraguas
paĉj,Papá
parfum,perfume
patron,patrón
petrol,petróleo
posten,puesto
pozici,posición
proces,juicio
profit,ganancia
proviz,suministro
pulvor,polvo
recept,receta
rekord,registro
rezerv,reserva
signal,señal
sistem,sistema
surfac,superficie
ŝofor,conductor
tajlor,sastre
trezor,tesoro
trikot,tejido
vakcin,vacuna
advokat,abogado
alkohol,alcohol
ampleks,amplitud
broŝur,folleto
bulvard,bulevar
deficit,déficit
ekonomi,economía
elefant,elefante
ĵurnal,periódico
kabinet,gabinete
kapital,capital
koncert,concierto
krepusk,crepúsculo
kvartal,barrio
miliard,mil millones
pejzaĝ,paisaje
problem,problema
profesi,profesión
simpati,simpatía
student,estudiante
ŝraŭb,tornillo
tempest,tormenta
traktor,tractor
tri/angul##,tri/angul##
trotuar,acera
adjektiv,adjetivo
dekoraci,decoración
ekvilibr,equilibrio
esperant,esperanza
hospital,hospital
intelekt,intelecto
kalendar,calendario
kilometr,kilómetro
komision,comisión
meĥanik,mecánica
milimetr,milímetro
original,original
pretekst,pretexto
struktur,estructura
telegram,telegrama
tribunal,tribunal
bibliotek,biblioteca
fundament,base
inĝenier,ingeniero
konferenc,conferencia
konscienc,conciencia
literatur,literatura
meĥanism,mecanismo
rekompenc,recompensa
respublik,república
sekretari,secretario
apartament,piso
aŭtomobil,coche
aŭtoritat,autoridad
instrument,instrumento
medikament,medicamento
temperatur,temperatura
cirkonstanc,circunstancia
eksperiment,experimento
mal/varm/um##,mal/varm/um##
ajl,ajo
akn,acné
aks,eje
akt,acto
ale,avenida
alg,alga
apr,jabalí
azi,Asia
bal,baile
bet,remolacha
buk,hebilla
cep,cebolla
cir,cera
dot,dote
eĥ,eco
fab,haba
fac,cara
fag,haya
fig,higo
gal,bilis
gru,grulla
gum,goma
hal,sala
jug,yugo
kal,callo
kaz,caso
kub,cubo
lad,hojalata
lak,barniz
lap,bardana
lin,lino
lot,sorteo
luk,claraboya
mas,masa
mat,jaque mate
nuk,nuca
pap,papa
pav,pavo
pig,urraca
pus,pus
ran,rana
ren,riñón
rib,grosella
rim,rima
rol,papel
ros,rocío
sag,flecha
sin,regazo
ski,esquiar
sof,sofá
tig,tallo
tuf,mechón
tun,tonelada
vip,látigo
akci,acción
atom,átomo
aven,avena
bant,lazo
bark,barco
bask,cola
bend,cinta
blok,bloque
bors,bolsa
bovl,cuenco
brid,freno
brut,bestia
bukl,rizo
bulb,bulbo
bulk,bollo
cerv,ciervo
cign,cisne
ĉel,célula
dand,dandi
diet,dieta
dorn,espina
etap,etapa
etat,informe
feĉ,sedimento
felt,fieltro
frak,frac
fraz,frase
fung,hongo
garb,haz束
gent,clan
glav,espada
gobi,gobio
gram,gramo
greg,rebaño
grip,gripe
grot,cueva
gudr,alquitrán
ĝib,joroba
heĝ,seto
himn,himno
ĥor,coro
kaĉ,papilla
kaĝ,jaula
kaka,cacao
kakt,cacto
karn,carne
karp,carpa
kejl,clavija
kern,núcleo
klub,club
korv,cuervo
kosm,cósmico
kult,culto
laĉ,cordón
lard,tocino
larv,larva
lice,liceo
likv,líquido
lili,lirio
maiz,maíz
malv,malva
mens,mente
menu,menú
miel,miel
musk,musgo
muze,museo
nuks,nuez
oper,ópera
oval,ovalado
palm,palma
palt,abrigo
pane,falla
perl,perla
pian,piano
pice,abeto
pipr,pimienta
plag,plaga
prun,ciruela
pudr,polvo
punt,encaje
raci,razón
rent,renta
ruin,ruina
rust,óxido
situ,ubicación
sled,trineo
sorg,sorgo
spik,espiga
spur,rastro
stan,estaño
sulk,surco
takt,ritmo
tali,cintura
tigr,tigre
tort,tarta
tram,tranvía
trup,troupe
vaks,cera
vejn,vena
vesp,avispa
vind,pañal
zink,zinc
afrik,África
agent,agente
akord,acuerdo
akrid,langosta
aktor,actor
alarm,alarma
ampol,ampolla
angil,anguila
anser,ganso
artik,articulación
bacil,bacilo
bambu,bambú
banan,plátano
brand,coñac
bronz,bronce
buked,ramo
cigar,puro
cikad,cigarra
cinam,canela
cindr,ceniza
cirkl,círculo
civit,ciudadanía
ĉerk,ataúd
debet,deuda
diant,clavel
dogan,aduana
efekt,efecto
ekran,pantalla
emajl,esmalte
event,evento
fabel,cuento
fasad,fachada
fason,corte
fluid,fluido
fotel,sillón
front,frente
funel,embudo
ĝerm,germen
hepat,hígado
horde,cebada
infer,infierno
ironi,irónico
kaban,cabaña
kahel,baldosa
kajut,camarote
kamel,camello
kanal,canal
kankr,"cáncer, cangrejo"
karaf,jarra
kokos,coco
krani,cráneo
krest,cresta
kukum,pepino
kupon,cupón
kusen,cojín
latun,latón
laŭb,cenador
lekci,clase
lesiv,lejía
limak,babosa
logik,lógica
lotus,loto
melon,melón
moral,moralidad
muzel,hocico
nilon,nailon
ocean,océano
palat,paladar
palis,estaca
papag,loro
paser,gorrión
pensi,pensión
peron,escalera
pilot,piloto
pland,suela
plast,plástico
porci,porción
princ,príncipe
pupil,pupila
rabat,descuento
rafan,rábano
raŭp,oruga
resum,resumen
rimen,correa
roman,novela
salat,ensalada
salik,sauce
satir,satírico
sciur,ardilla
sekal,centeno
sekci,sección
senat,senado
split,astilla
spong,esponja
stadi,etapa
statu,estatua
sterk,abono
strig,búho
strut,avestruz
ŝink,jamón
ŝtip,tronco
tapet,papel pintado
tarif,tarifa
tegol,teja
tekst,texto
teras,terraza
tomat,tomate
tuber,protuberancia
tunel,túnel
velur,terciopelo
veruk,verruga
vezik,burbuja
volum,tomo
adverb,adverbio
akcent,acento
alaŭd,alondra
amator,aficionado
amerik,América
arteri,arteria
asfalt,asfalto
aŭtor,autor
barbir,barbero
buĝet,presupuesto
bulten,boletín
cikatr,cicatriz
cikoni,cigüeña
cirkel,compás
daktil,dátil
dialog,diálogo
ego/ist##,ego/ist##
eklezi,iglesia
emerit,jubilado
eŭrop,Europa
fajenc,loza
fazeol,frijol
fontan,fuente
formik,hormiga
formul,fórmula
fripon,truhán
furaĝ,forraje
galoŝ,cubrecalzado
gvardi,guardia élite
ĝemel,gemelo
hangar,hangar
haring,arenque
hazard,azar
hektar,hectárea
herold,heraldo
higien,higiene
impuls,impulso
insign,insignia
intest,intestino
jubile,jubileo
karton,cartón
kasked,gorra
kavern,cueva
kirurg,cirujano
klimat,clima
klinik,clínica
kolegi,colegio
kolomb,paloma
kolumn,columna
komedi,comedia
konsul,cónsul
konval,lirio
kornik,grajo
kostum,traje
kredit,crédito
kukurb,calabaza
kunikl,conejo
kurent,corriente
lacert,lagarto
licenc,licencia
maleol,tobillo
materi,materia
mirtel,arándano
monstr,monstruo
oficir,oficial
orator,orador
papili,mariposa
pendol,péndulo
period,ciclo
persik,durazno
pionir,pionero
planed,planeta
platan,plátano
plural,plural
profet,profeta
prolet,proletario
pronom,pronombre
reakci,reacción
reĝim,régimen
rivolu,revolución
ruband,cinta
skorpi,escorpión
spinac,espinaca
stamen,estambre
statur,altura
surtut,abrigo
ŝakal,chacal
ŝaŭm,espuma
teknik,técnica
testud,tortuga
torent,torrente
trafik,tráfico
tumult,tumulto
turism,turismo
turist,turista
vertic,vértice
viktim,víctima
violon,violín
vulkan,volcán
vultur,buitre
abrikot,albaricoque
akademi,academia
alfabet,alfabeto
alumini,aluminio
ambasad,embajada
anekdot,anécdota
apertur,apertura
apostol,apóstol
asemble,asamblea
bagatel,nimiedad
bakteri,bacteria
bandaĝ,vendaje
bifstek,bistec
budĝet,presupuesto
burĝon,brote
central,central
cirkvit,circuito
ĉar/um##,ĉar/um##
dimensi,dimensión
ekvator,ecuador
element,elemento
epidemi,epidemia
fantazi,fantasía
fenomen,fenómeno
gelaten,gelatina
general,general
girland,guirnalda
harmoni,armonía
instanc,tribunal
invalid,inválido
kaldron,caldera
kaŝtan,castaña
katalog,catálogo
kirurgi,cirugía
kolonel,coronel
komisar,comisario
kompani,empresa
koncept,concepto
konkord,acuerdo
konkurs,competencia
koridor,pasillo
kristal,cristal
lantern,farol
latitud,latitud
medicin,medicina
mineral,mineral
minimum,mínimo
ministr,ministro
obstakl,obstáculo
orkestr,orquesta
pacifik,Pacífico
palpebr,párpado
pantofl,zapatilla
paradiz,paraíso
paralel,paralelo
plastik,arte plástico
portret,retrato
princip,principio
program,programa
projekt,proyecto
proverb,refrán
provinc,provincia
rendevu,cita
sin/ten##,sin/ten##
situaci,situación
stadion,estadio
subjekt,tema
teĥnik,técnica
tendenc,tendencia
tinktur,tinte
tradici,tradición
tragedi,tragedia
traktat,pacto
trumpet,trompeta
uniform,uniforme
vegetal,planta
viadukt,viaducto
volumen,volumen
zoologi,zoología
atlantik,Atlántico
avantaĝ,ventaja
bracelet,pulsera
cirkuler,circular
dokument,documento
federaci,federación
generaci,generación
geografi,geografía
gramatik,gramática
ĝendarm,gendarme
horizont,horizonte
individu,individuo
kandidat,candidato
karnaval,carnaval
kategori,categoría
komun/um##,komun/um##
krokodil,cocodrilo
longitud,longitud
maksimum,máximo
marmelad,mermelada
monument,monumento
paraŝut,paracaídas
pasaĝer,pasajero
pland/um##,pland/um##
porcelan,porcelana
procent,porcentaje
profesor,profesor
radiator,radiador
regiment,regimiento
rekt/angul##,rekt/angul##
sandviĉ,bocadillo
sindikat,sindicato
singular,singular
specimen,muestra
spektakl,espectáculo
substanc,sustancia
teritori,territorio
vertikal,vertical
ambasador,embajador
aŭstrali,Australia
centimetr,centímetro
ekspozici,exposición
inspektor,inspector
kalkan/um##,kalkan/um##
konfidenc,secreto
lokomotiv,locomotora
matematik,matemáticas
metalurgi,metalurgia
ministeri,ministerio
najtingal,ruiseñor
ortografi,ortografía
parlament,parlamento
proletari,proletario
propozici,proposición
psikologi,psicología
suplement,suplemento
termometr,termómetro
elektronik,electrónica
helikopter,helicóptero
horizontal,horizontal
komplement,complemento
konsekvenc,consecuencia
konstituci,constitución
laboratori,laboratorio
leŭtenant,teniente
mediterane,Mediterráneo
substantiv,sustantivo
universitat,uni
s-ro##,s-ro##
s-ino##,s-ino##
sinjor/in##,sinjor/in##
alk,alce
aln,aliso
ann,Ana
bed,parcela
boa,boa
buf,sapo
cim,bicho
col,pulgada
dam,dama
dig,dique
duk,duque
fav,tiña
fok,foca
fut,pie
gad,bacalao
gam,gama
gri,sémola
guf,búho
huz,esturión
kan,caña
ken,madera resinosa
ker,corazón
kil,quilla
kuf,gorro
kul,mosquito
kup,ventosa
laf,lava
lir,lira
lod,onza
lol,centeno
mac,matzá
mel,tejón
mes,Misa
mev,gaviota
muf,manguito
muk,moco
mul,mula
nap,nabo
peg,pájaro carpintero
pol,polaco
pul,pulga
rap,nabo
rif,arrecife
rod,fondeadero
rot,escuadrón
rub,escombros
rum,ron
rus,ruso
seb,grasa
sel,silla
tez,tesis
tul,tul
ulm,olmo
uln,cúbito
unc,onza
urn,urna
vil,vello
abat,abad
acer,arce
akar,ácaro
alte,malva
alun,alumbre
amel,almidón
anas,pato
angl,inglés
aniz,anís
ankr,ancla
arĉ,arco
arde,garza
aren,arena
atut,triunfo
avel,avellana
aviz,aviso
azot,nitrógeno
bast,corteza
bert,Berta
blat,cucaracha
bram,besugo
bran,salvado
burd,abejorro
cedr,cedro
citr,cítara
ĉam,gamuza
ĉan,percutor
dogm,dogma
drak,dragón
drog,droga
ebon,ébano
eter,éter
fabl,fábula
falk,halcón
fibr,fibra
flan,flan
flok,copo
flut,flauta
fraj,huevas
ftiz,tisis
gajl,agalla
gips,yeso
glan,bellota
glim,mica
graf,conde
gril,grillo
gros,grosella
gurd,órgano
ibis,ibis
idol,ídolo
kalk,caliza
kand,caramelo
kard,cardo
karo,diamante
kask,casco
kaze,cuajada
kegl,bolo
klap,válvula
klav,tecla
kluz,compuerta
kojn,cuña
koks,cadera
konk,concha
kren,rábano
krep,crepé
krop,buche
krup,crup
lake,lacayo
laks,diarrea
legi,legión
lent,lenteja
lepr,lepra
lian,liana
lien,bazo
link,lince
liut,laúd
lojt,burbot
lorn,prismáticos
lumb,lumbares
lutr,nutria
magi,magia
mana,maná
mari,María
mask,máscara
maŝ,malla
meĉ,mecha
mejl,milla
ment,menta
merl,mirlo
mesi,mesías
mili,mijo
mirh,mirra
mirt,mirto
misi,misión
mops,pug
most,zumo de uva
niĉ,nicho
omar,langosta
opal,ópalo
ostr,ostra
paru,carbonero
peĉ,brea粘
pelv,cuenco
perk,perca
pest,plaga
petr,Pedro
pini,pino
pips,pip
plik,trenza
plot,cacho
popl,álamo
pram,transbordador
sakr,maldición
salm,salmón
sepi,sepia
sofi,Sofía
sorp,serbal
spat,espato
spin,columna
stab,estado mayor
step,estepa
stip,tallo
stof,tela
stup,estopa
ŝak,ajedrez
ŝal,chal
ŝam,gamuza
taft,tafetán
talp,topo
tetr,urogallo
tibi,tibia
tili,tilo
tine,polilla
torf,turba
trab,viga
tref,trébol
tril,trino
trip,callos
trog,comedor
tron,trono
truf,trufa
trul,paleta
trut,trucha
turd,zorzal
turk,turco
turt,tórtola
uter,útero
ŭat,vatio
vafl,gofre
vals,vals
vekt,barra
zebr,cebra
altar,altar
ambos,yunque
anton,Antón
ardez,pizarra
argil,arcilla
aspid,cobra
balen,ballena
barĉ,borscht
boben,bobina
brank,branquia
bubal,búfalo
bufed,bufé
cejan,aciano
dativ,dativo
datur,estramonio
demon,demonio
denar,denario
deviz,lema
domen,domino
embri,embrión
emili,Emilia
ermen,comadreja
ermit,ermitaño
facet,faceta
fazan,faisán
femur,fémur
filik,helecho
flegm,calma
fokus,foco
franc,francés
frank,franco
fring,pinzón
galon,galón
gazel,gacela
genot,gineta
georg,Jorge
gitar,guitarra
gland,glándula
groŝ,groschen
hebre,hebreo
heder,hiedra
herez,herejía
herni,hernia
hirud,sanguijuela
hosti,hostia
husar,húsar
ĥaos,caos
idili,idilio
johan,Juan
jozef,José
kalik,cáliz
kambi,letra
kamer,cámara
kanab,cáñamo
kanap,sofá
kapel,capilla
kapon,capón
kapor,alcaparra
kapot,capota
karas,carpita
karob,algarrobo
katun,algodón
kerub,querubín
kiras,blindaje
klaft,braza
kloŝ,campana
koaks,coque
koleg,colega
kolon,columna
komiz,empleado
komod,cómoda
konus,cono
kopek,kopeck
koran,Corán
kramp,grapa
kring,rosquilla
krisp,volante
krist,Cristo
kupol,cúpula
kvarc,cuarzo
kvart,cuarta
lanug,pelusa
laŭr,laurel
libel,libélula
liken,líquen
livre,librea
loĝi,palco
lupol,lúpulo
lustr,Candelabro
luter,Lutero
medal,medalla
meriz,cereza silvestre
moned,grajilla
morus,mora
moŝt,honorífico
negoc,comercio
nobel,noble
novic,novato
nuanc,matiz
oblat,hostia
okzal,acedera
orden,insignia
orgen,órgano
paĝi,paje
papav,amapola
pariz,París
paŭl,Pablo
pavim,pavimento
pedik,piojo
perĉ,perca
piked,centinela
pilol,píldora
pirit,pirita
pirol,camachuelo
piroz,acidez
piŝt,pistón
pluŝ,felpa
poent,punto
pokal,copa
polus,polo
potas,potasa
prujn,escarcha
pudel,caniche
pumik,piedra pómez
punĉ,ponche
putor,turón
raben,rabino
rapir,estoque
regol,reyezuelo
rezin,resina
rostr,trompa
ruben,rubí
safir,zafiro
salvi,salvia
sigel,sello
silab,sílaba
silik,pedernal
silur,siluro
silvi,sílvido
sirop,jarabe
skabi,sarna
skadr,escuadrón
skarp,bufanda
skvam,escama
sorik,musaraña
spion,espía
spron,espolear
stabl,banco
sturg,esturión
sturn,estornino
ŝalm,flauta
ŝark,tiburón
ŝelk,tirantes
ŝild,escudo
ŝind,teja de madera
ŝlim,lodo
taban,tábano
tavol,capa
tempi,sien
tetan,tétanos
tetra,urogallo
timon,barra
topaz,topacio
torĉ,antorcha
tromb,tromba de agua
tulip,tulipán
ulcer,úlcera
urtik,ortiga
vanil,vainilla
vasal,vasallo
velen,pergamino
verst,versta
vezir,visir
vipur,víbora
vokal,vocal
zenit,cénit
zibel,marta
zizel,ardilla
absces,absceso
absint,ajenjo
alcion,martín pescador
amfibi,anfibio
ananas,piña
artrit,artritis
atripl,orache
berlin,Berlín
bismut,bismuto
boraks,bórax
buljon,caldo
bulonj,Boulogne
buŝel,fanega
centim,céntimo
cikori,achicoria
cimbal,platillo
cinabr,cinabrio
cipres,ciprés
ĉarpi,lienzo
damask,damasco
delfen,delfín
didelf,zarigüeya
embusk,emboscada
epolet,charretera
erinac,erizo
ernest,Ernesto
eskadr,escuadrón
faktur,factura
falbal,adorno
fantom,fantasma
faring,faringe
fenkol,hinojo
ferdek,cubierta
fistul,fístula
flanel,franela
fosfor,fósforo
franĝ,fleco
furunk,forúnculo
fusten,fustán
galeri,galería
gamaŝ,polaina
german,alemán
granat,granada
granit,granito
grenad,granada
grifel,lápiz
ĝiraf,jirafa
haladz,hedor
hamstr,acumular
hispan,español
ĥimer,quimera
ĥoler,cólera
ingven,ingle
izrael,Israelí
jasmen,jazmín
kaleŝ,carruaje
kalvin,Calvino
kamfor,alcanfor
kamlot,camlet
kanajl,canalla
kanari,Canario
kantor,corista
kanvas,lienzo
kapsul,cápsula
kapuĉ,capucha
kardel,jilguero
karmin,carmín
karpen,carpe
kastor,castor
kaviar,caviar
kobalt,cobalto
kobold,duende
kolbas,salchicha
kolibr,colibrí
kolimb,colimbo
kolubr,culebra
komuni,comunión
kontor,oficina
kontur,contorno
kornic,cornisa
korpus,cuerpo
koturn,codorniz
kraken,galleta
kratag,espino
krater,cráter
kronik,crónica
kurier,mensajero
lampir,luciérnaga
laring,laringe
lavang,alud
legend,leyenda
lekant,margarita
lentug,peca
levkoj,alhelí
likvor,licor
litani,letanía
london,Londres
magnet,imán
makzel,mandíbula
mangan,manganeso
markot,acodo
marmor,mármol
marmot,marmota
mastik,masilla
migdal,almendra
miogal,almizclera
miozot,nomeolvides
monaĥ,monje
morbil,sarampión
morter,mortero
muskat,nuez moscada
muslin,muselina
mustel,comadreja
nanken,nankín
narcis,narciso
nikola,Nicolás
notari,notario
orakol,oráculo
paletr,paleta
panter,leopardo
parget,parqué
paroĥ,parroquia
parter,planta baja
pastel,pastilla
patent,patente
patrol,patrulla
pfenig,penique
pistak,pistacho
pistol,pistola
plastr,emplasto
platen,platino
ponard,daga
porfir,pórfido
porter,porter
primol,prímula
prunel,endrino
purpur,púrpura
rekrut,recluta
rempar,muralla
risort,resorte
rosmar,morsa
rozari,rosario
rubrik,título
safran,azafrán
sambuk,saúco
sankci,sanción
sardel,anchoa
sceptr,cetro
selakt,suero
servic,vajilla
servut,servidumbre
siring,lila
skapol,escápula
skarab,escarabajo
skolop,becada
skurĝ,látigo
sofism,sofisma
sopran,soprano
spalir,hilera
stefan,Esteban
sufiks,sufijo
sukcen,ámbar
sulfur,azufre
talent,talento
tambur,tambor
tenden,tendón
teodor,Teodoro
termin,término
testik,testículo
timian,tomillo
tombak,latón rojo
traĥe,tráquea
tremol,álamo
tribun,tribuna
tropik,trópico
turban,turbante
turkis,turquesa
turnir,torneo
urogal,urogallo
variol,viruela
viburn,viburno
vikari,vicario
vinagr,vinagre
vizier,visera
volupt,lujuria
ablativ,ablativo
antimon,antimonio
arleken,bufón
arsenik,arsénico
artifik,artificio
asparag,espárrago
bajonet,bayoneta
bastion,bastión
beladon,belladona
biskvit,galleta
ĉampan,champán
ĉarnir,bisagra
diamant,diamante
episkop,obispo
eŝafod,cadalso
fraksen,fresno
frangol,aliso negro
fringel,jilguero
genitiv,genitivo
henriet,Henrietta
hidrarg,mercurio
hiskiam,beleño
histrik,puercoespín
jugland,nuez
juniper,enebro
kalikot,calicó
kamizol,camisola
kamomil,manzanilla
kapitan,capitán
kapitel,capitel
kapreol,corzo
kapucen,capuchino
karaben,carabina
kartoĉ,cartucho
karusel,carrusel
kavalir,caballero
klarnet,clarinete
klister,enema
kokluŝ,tos ferina
kolofon,resina
kompres,compresa
kurator,guardián
kvitanc,recibo
leontod,diente de león
leopard,leopardo
limonad,limonada
lonicer,madreselva
ludovik,Ludwig
lunatik,lunático
maroken,cuero marroquí
marŝal,mariscal
meleagr,pavo
membran,membrana
miĥael,Miguel
monarĥ,rey
mustard,mostaza
negliĝ,desaliño
nikodem,Nicodemo
novjork,Nueva York
oksigen,oxígeno
oksikok,arándano
parazit,parásito
pasteĉ,paté
pelikan,pelícano
perdrik,perdiz
poligon,polígono
prefiks,prefijo
redakci,redacción
rinocer,rinoceronte
salpetr,salitre
sentenc,dicho
skarlat,escarlata
skorbut,escorbuto
skrofol,escrofula
smerald,esmeralda
sterled,esturión
stertor,jadeo
ŝiller,Schiller
umbilik,ombligo
univers,universo
varsovi,Varsovia
verdigr,cardenillo
vertebr,vertebral
vespert,murciélago
vestibl,vestíbulo
vilhelm,Guillermo
virtuoz,virtuoso
vitriol,vitriolo
zingibr,jengibre
akcipitr,halcón
akuzativ,acusativo
argument,argumento
arĥaism,arcaísmo
artiŝok,alcachofa
baldaken,dosel
briliant,gema
diplomat,diplomático
distrikt,distrito
elizabet,Isabel
fragment,trozo
framason,masón
frugileg,grajo
hidrogen,hidrógeno
hortulan,ortolano
institut,instituto
kantarid,escarabajo
kariofil,clavo
kartilag,cartílago
katarakt,catarata
koĉenil,cochinilla
kokcinel,mariquita
konvulsi,convulsión
leksikon,léxico
marcipan,mazapán
medalion,medallón
monarĥi,monarquía
obstrukc,obstrucción
paradoks,paradoja
parentez,paréntesis
particip,participio
pasament,adorno
pastinak,chirivía
pergamen,pergamino
peritone,peritoneo
perlamot,nácar
petromiz,lamprea
petrosel,perejil
ranunkol,ranúnculo
redaktor,editor
rezultat,resultado
rosmaren,romero
serĝent,sargento
sublimat,sublimado
taĉment,escuadrón
terebint,trementina
tornistr,mochila
zamenhof,Zamenhof
aleksandr,Alejandro
anunciaci,Anunciación
balustrad,barandilla
ĉambelan,mayordomo
ĉarlatan,impostor
deklinaci,declinación
diplomati,diplomacia
ekscelenc,Excelencia
ekzempler,ejemplar
entuziasm,entusiasmo
fortepian,piano
galanteri,accesorios
iĥtiokol,cola de pescado
instituci,institución
instrukci,instrucción
kancelari,cancillería
kancelier,canciller
kataplasm,emplasto
kondolenc,condolencia
konjugaci,conjugación
konjunkci,conjunción
konsonant,consonante
korporaci,corporación
kvaranten,cuarentena
nominativ,nominativo
pentekost,Pentecostés
piedestal,base
prepozici,preposición
privilegi,privilegio
promontor,cabo
salamandr,salamandra
testament,testamento
vermiĉel,fideos
interjekci,interjección
superstiĉ,superstición
vaŝington,Washington
violonĉel,cello
arĥitektur,arquitectura
interpunkci,puntuación
jork,York
parok,parroquia
navig,navegación
kaos,caos
kimer,quimera
korus,coro
monak,monje
iktiokol,cola de pescado
ald,alto
alo,aloe
api,apio silvestre
ari,aria
bas,bajo
car,zar
dog,mastín
dok,muelle
doz,dosis
ego,ego
elf,duende
etn,étnico
faz,fase
fon,fondo
fuk,alga
gaz,gasas
gem,gema
hum,humus
jod,yodo
jud,judío
kep,gorra
lat,listón
lob,lóbulo
mim,mimo
mit,mito
muz,musa
nas,trampa
nav,nave
niz,azor
oaz,oasis
opi,opio
puf,hinchazón
raj,raya
ras,raza
ref,arrecife
rit,rito
rut,ruda
sod,soda
tif,tifus
tog,toga
viz,visa
agat,ágata
aĝi,prima
alen,punzón
ambr,ámbar
amor,amor
aort,aorta
arom,aroma
astm,asma
astr,astro
azil,refugio
bard,bardo
bomb,bomba
bosk,bosque
brom,bromo
bust,torso
cend,centavo
cidr,sidra
cirk,circo
dali,dalia
dign,dignidad
duel,duelo
duet,dueto
ebur,marfil
eden,Edén
egid,escudo
erik,brezo
etik,ética
etim,etimología
fars,farsa
fili,sucursal
fisk,tesoro
furi,furia
gnom,duende
grog,grog
gruz,grava
ĝin,ginebra
hidr,hidra
hien,hiena
irid,iris
iris,iris
istm,istmo
jesu,Jesús
junk,junco
kabl,cable
kali,potasio
kame,camafeo
kast,casta
klor,cloro
kofr,baúl
kolz,colza
kont,cuenta
krab,cangrejo
kres,berro
kupe,compartimento
laik,laico
lama,lama
lanc,lanza
lens,lente
lord,señor
malt,malta
mani,adicción
medi,entorno
milv,milano
mitr,mitra
moru,bacalao
mosk,almizcle
mumi,momia
naft,petróleo
negr,negro
nimb,aureola
norm,norma
obol,óbolo
ogiv,ogiva
orgi,orgía
ozon,ozono
penc,penique
pleb,plebeyos
podi,podio
polk,polka
pomp,pompa
pore,puerro
rabi,rabia
rism,resma
romb,rombo
rubl,rublo
sabr,sable
sagu,sago
sald,saldo
salv,descarga
sekt,secta
sfer,esfera
skem,esquema
skol,escuela
slip,tarjeta
sokl,base
sold,paga
sole,lenguado
spad,espada
ŝah,sha
talk,talco
teni,tenia
tiar,tiara
tink,tenca
tors,torso
tost,brindis
trop,tropo
turb,peonza
ukaz,edicto
ulan,ulano
uzur,usura
verv,ánimo
vink,bígaro
visk,muérdago
vist,whist
vizi,visión
zuav,zuavo
abism,abismo
adept,seguidor
afiks,afijo
afust,cureña
agraf,broche
akaci,acacia
akciz,impuesto
aksel,axila
albin,albino
alibi,coartada
aline,sangría
alkov,nicho
amfor,ánfora
angin,angina
angor,angustia
anten,Antena
apati,apatía
apoge,apogeo
arkad,arcada
arkiv,archivo
arnik,árnica
atlas,atlas
atlet,atleta
aviad,aviación
balad,balada
balet,ballet
barak,barraca
baron,barón
basen,cuenca
beril,berilo
bibli,Biblia
bigot,fanático
biret,boina
bitum,betún
bivak,campamento
breĉ,grieta
broĉ,prendedor
bronk,bronquial
cigan,gitano
cikut,cicuta
ĉifr,código
debat,debate
dekan,decano
dilem,dilema
diluv,diluvio
divan,sofá
dolar,dólar
drakm,dracma
dukat,ducado
edikt,edicto
eklog,égloga
ekzem,eccema
elegi,elegía
elips,elipse
elizi,elidir
emfaz,énfasis
epope,epopeya
fagot,fagot
fakir,fakir
fatal,fatalidad
feŭd,feudo
fiakr,carruaje
fiask,fracaso
final,final
fjord,fiordo
forum,foro
fresk,fresco
furor,éxito
galer,galera
galop,galope
garol,urraca
goril,gorila
hamak,hamaca
harem,harén
harpi,arpía
helic,hélice
helik,arroba
hisop,hisopo
hoboj,oboe
humer,húmero
idiom,idioma
idiot,idiota
ileks,acebo
iluzi,ilusión
indiga,índigo
jalap,jalapa
jud/ism##,jud/ism##
kabal,cábala
kadet,cadete
kalif,califa
kanon,cañón
karat,quilate
kazin,casino
kinin,quinina
kirŝ,kirsch
kloak,alcantarilla
kobaj,cobaya
kokon,capullo
kolik,cólico
kolos,coloso
komet,cometa
koral,coral
korne,córnea
korol,corola
kozak,cosaco
krabr,avispa
kreol,Criollo
kript,cripta
kulis,bastidor
kumin,comino
kvast,borla
kvint,quinta
lagun,laguna
lapis,nitrato lunar
larik,alerce
later,lado
lazur,azul
legat,legado
lirik,lírica
madon,Madonna
major,mayor
mamut,mamuto
medol,médula
meduz,medusa
melas,melaza
melis,toronjil
miasm,miasma
mimoz,mimosa
mitul,mejillón
moske,mezquita
motiv,motivo
natri,sodio
nikel,níquel
nimfe,nenúfar
noktu,autillo
nomad,nómada
novel,novela corta
nunci,nuncio
oksid,óxido
oktav,octava
oniks,ónix
optik,óptica
orbit,órbita
oriol,oropéndola
ovaci,ovación
pagod,pagoda
panel,panel
panik,pánico
paraf,iniciales
patos,patetismo
pedal,pedal
pedel,verger
peoni,peonía
peruk,peluca
pigme,pigmeo
pirat,pirata
pivot,eje
polip,pólipo
polis,póliza
pomad,pomada
prior,prior
prism,prisma
psalm,salmo
raket,cohete
rebus,acertijo
retin,retina
retor,retórico
rezed,reseda
ricin,ricino
rokok,rococó
rubus,zarza
rutin,rutina
saliv,saliva
satan,Satán
saten,satén
seraf,serafín
sifon,sifón
sinap,mostaza
sinod,sínodo
siren,sirena
skalp,cuero cabelludo
skerc,scherzo
skism,cisma
sonat,sonata
sonet,soneto
spasm,espasmo
sperm,esperma
splen,melancolía
stopl,rastrojo
strof,estrofa
sutan,sotana
ŝose,autopista
ŝpat,pala
taler,tálero
tanin,tanino
tarok,tarot
teism,teísmo
teist,teísta
templ,templo
tenor,tenor
teror,terror
tindr,yesca
tiran,tirano
tonel,tonelada
trofe,trofeo
trust,fideicomiso
tunik,túnica
utopi,utopía
vanel,avefría
vinkt,grapa
viper,víbora
viski,whisky
zefir,brisa
advent,Adviento
aksiom,axioma
akvari,acuario
algebr,álgebra
alkemi,alquimia
ambici,ambición
amulet,amuleto
anagal,pimpinela
anarki,anarquía
anatom,anatomista
anĉov,anchoa
anemon,anémona
anilin,anilina
aplomb,aplomo
apolog,fábula
arbust,arbusto
arĥiv,archivo
asesor,asesor
ateism,ateísmo
ateist,ateo
aŭkci,subasta
balast,lastre
balkon,balcón
balzam,bálsamo
bandit,bandido
barbar,bárbaro
barier,barrera
bateri,batería
batist,batista
bazalt,basalto
beletr,literatura
bilanc,balance
bilard,billar
binokl,binoculares
biolog,biólogo
blazon,escudo
blokad,bloqueo
bordel,burdel
braman,brahmán
brigad,brigada
buduar,alcoba
burnus,burnús
celeri,apio
cidoni,membrillo
ciklon,ciclón
ciklop,Cíclope
dekret,decreto
depeŝ,mensaje
despot,déspota
diabet,diabetes
diadem,diadema
diakon,diácono
diplom,certificado
divizi,división
dragon,dragón
eklips,eclipse
eksces,exceso
ekstaz,éxtasis
ekvaci,ecuación
emblem,emblema
emulsi,emulsión
endivi,endibia
epilog,epílogo
epitet,epíteto
epizod,episodio
erupci,erupción
eskort,escolta
estrad,plataforma
etiket,etiqueta
eŭnuk,eunuco
ezofag,esófago
faktor,factor
falang,falange
fanfar,fanfarria
feniks,fénix
feston,guirnalda
fetiĉ,fetiche
fleksi,flexión
floren,florín
format,formato
frakci,fracción
fregat,fragata
galant,campánula
gangli,ganglio
genist,retama
geolog,geólogo
gerani,geranio
gigant,gigante
glazur,vidriado
glikoz,glucosa
glukoz,glucosa
gondol,góndola
grafit,grafito
gulden,florín
harpun,arpón
hetman,atamán
hipnot,hipnosis
incens,incienso
indeks,índice
inflam,inflamación
jaguar,jaguar
jezuit,jesuita
ĵaket,chaqueta
kadavr,cadáver
kadenc,cadencia
kalibr,calibre
kameli,camelia
kantat,cantata
kanton,cantón
karbon,carbono
karcer,celda
karier,carrera
kariol,carro ligero
katedr,cátedra
kaŭci,fianza
kazern,cuartel
kokard,insignia
kolodi,colodión
koloni,colonia
kompas,brújula
kondor,cóndor
konjak,coñac
korife,líder coro
kornet,corneta
korsar,corsario
korset,corsé
korvet,corbeta
kotlet,chuleta
kursiv,cursiva
laktuk,lechuga
lavend,lavanda
loteri,sorteo
lucern,lámpara
maksim,máxima
malari,malaria
marasm,emaciación
markiz,marqués
martir,mártir
masaĝ,masaje
mazurk,mazurka
medium,médium
melodi,melodía
mentor,guía
merkat,mercado
mespil,níspero
meteor,fenómeno
metrik,métrica
mikrob,microbio
mirakl,milagro
miriad,miríada
molusk,molusco
monark,rey
morfin,morfina
mozaik,mosaico
munici,munición
nektar,néctar
orkide,orquídea
paĉul,pachulí
parodi,parodia
pavian,babuino
pedant,pedante
pepsin,pepsina
petard,petardo
piastr,piastra
pistil,pistilo
podagr,gota
ponton,pontón
portal,portal
portik,pórtico
prelat,prelado
prelud,preludio
premis,premisa
profan,profano
profil,perfil
prolog,prólogo
puding,pudín
pupitr,pupitre
pustul,pústula
rabarb,ruibarbo
regent,regente
rektor,rector
relief,relieve
retort,retorta
romanc,romance
rotond,rotonda
sandal,sandalia
santal,sándalo
sarong,sarong
satrap,sátrapa
sektor,sector
septet,septeto
serajl,palacio
sevrug,esturión
sfinks,esfinge
siluet,silueta
simbol,símbolo
sinkop,síncope
sintez,síntesis
skelet,esqueleto
sofist,sofista
spektr,espectro
spiral,espiral
sponde,espondeo
suflor,apuntador
sultan,sultán
ŝalup,lancha
ŝankr,chancro
ŝarad,charada
taksus,tejo
taktik,táctica
talmud,Talmud
tamtam,tambor
tandem,tándem
tapiok,tapioca
teolog,teólogo
teorem,teorema
terapi,terapia
tercet,trío
termit,termitas
tonsur,tonsura
torped,torpedo
trapez,trapecio
tribut,tributo
triumf,triunfo
turbin,turbina
unison,unísono
uragan,huracán
vampir,vampiro
verand,porche
vermut,vermut
vinjet,adorno
zigzag,zigzag
zodiak,zodiaco
admiral,almirante
aerolit,meteorito
aforism,aforismo
agronom,agronomista
akrobat,acróbata
akvarel,acuarela
alegori,alegoría
alĥemi,alquimia
almanak,almanaque
ambrozi,ambrosía
ametist,amatista
amnesti,amnistía
anagram,anagrama
analogi,analogía
anapest,anapesto
anatomi,anatomía
angelik,angélica
anomali,anomalía
antilop,antílope
antipod,antípoda
antitez,antítesis
apoteoz,deificación
apozici,yuxtaposición
arabesk,arabesco
arkaism,arcaísmo
asonanc,asonancia
atavism,atavismo
atribut,atributo
aŭreol,aureola
bankier,banquero
barikad,barricada
bariton,barítono
bastard,bastardo
bazilik,basílica
biograf,biógrafo
biologi,biología
bisturi,bisturí
bombast,pomposidad
botanik,botánica
celuloz,celulosa
ceramik,cerámica
cilindr,cilindro
cistern,cisterna
citadel,fortaleza
ĉevron,viga
demagog,demagogo
diagnoz,diagnóstico
dialekt,dialecto
diametr,diámetro
difteri,difteria
diftong,diptongo
dinamik,dinámica
dinamit,dinamita
dinasti,dinastía
doktrin,doctrina
ekspres,exprés
eliksir,elixir
eminenc,eminencia
epiderm,epidermis
epifani,Epifanía
epigraf,epígrafe
epigram,epigrama
erudici,erudición
estetik,estética
etim/olog##,etim/olog##
etiolog,etiologista
evoluci,evolución
farmaci,farmacia
filolog,filólogo
filozof,filósofo
fonetik,fonético
fronton,frontón
gangren,gangrena
gardeni,gardenia
gencian,genciana
geodezi,geodesia
geograf,geógrafo
geologi,geología
geometr,geómetra
gerundi,gerundio
gilotin,guillotina
gimnast,gimnasta
gimnazi,escuela secundaria
guberni,provincia
hiacint,jacinto
hipotek,hipoteca
hipotez,hipótesis
histeri,histeria
homonim,homónimo
ĥirurg,cirujano
judaism,judaísmo
ĵargon,jerga
kalomel,calomel
kanaben,pájaro
kanibal,caníbal
kanonik,canónigo
kaporal,cabo
karamel,caramelo
karavan,caravana
kartuŝ,cartucho
katolik,católico
kazemat,casamata
komplot,complot
koncesi,concesión
kontakt,contacto
korsaĵ,corpiño
kreozot,creosota
kriteri,criterio
kvadril,cuadrilla
kvestor,cuestor
letargi,letargo
liturgi,liturgia
lozanĝ,rombo
lumbrik,lombriz
mahagon,caoba
majolik,mayólica
makadam,macadán
makaron,macarrón
malakit,malaquita
mansard,ático
marĝen,margen
matador,torero
mekanik,mecánica
merlang,merlán
metafor,metáfora
minaret,minarete
mirabel,mirabel
molekul,molécula
monarki,monarquía
monolog,monólogo
monopol,monopolio
nikotin,nicotina
obelisk,obelisco
oleandr,adelfa
oligark,oligarca
omnibus,ómnibus
onobrik,esparceta
optativ,optativo
pacient,paciente
palinur,langosta
pamflet,folleto
panoram,panorama
papirus,papiro
parabol,parábola
parafin,parafina
paskvil,sátira
paŝtel,pastel
patolog,patólogo
patrici,patricio
patriot,patriota
pedagog,educador
pelerin,capa
pension,pensión
percept,percepción
pilastr,pilastra
piramid,pirámide
plagiat,plagio
plantag,llantén
polemik,controversia
prefekt,prefecto
procesi,procesión
prognoz,pronóstico
prozodi,prosodia
puritan,puritano
retorik,retórica
revizor,auditor
samovar,samovar
sarkasm,sarcasmo
segment,segmento
sekreci,secreción
semafor,señal
serenad,serenata
sifilis,sífilis
simetri,simetría
simfoni,sinfonía
simptom,síntoma
sinagog,sinagoga
sinedri,Sanedrín
sinonim,sinónimo
sintaks,sintaxis
skandal,escándalo
skrupul,escrúpulo
stearin,estearina
sugesti,sugerencia
ŝiling,chelín
taburet,taburete
tangent,tangente
teokrat,teócrata
teologi,teología
trombon,trombón
ultimat,ultimátum
uvertur,obertura
variant,variante
vazelin,vaselina
verdikt,veredicto
veteran,veterano
vokativ,vocativo
abnegaci,abnegación
adjutant,ayudante
aeroplan,avión
agronomi,agronomía
akvafort,grabado
akvilegi,aguileña
alabastr,alabastro
aligator,caimán
ambulanc,ambulancia
antipati,antipatía
antologi,antología
apostrof,apóstrofo
arbalest,ballesta
areometr,hidrómetro
arkeolog,arqueólogo
arkitekt,arquitecto
artileri,artillería
astrolog,astrólogo
astronom,astrónomo
atmosfer,atmósfera
aŭdienc,recepción
balistik,balística
balzamin,bálsamo
banderol,faja de papel
barelief,bajorrelieve
batalion,batallón
bazilisk,basilisco
biografi,biografía
ceremoni,ceremonia
dekadenc,decadente
delegaci,delegación
demagogi,demagogia
demokrat,demócrata
diafragm,diafragma
diagonal,diagonal
diapazon,diapasón
didaktik,pedagogía
difterit,difteria
diktator,dictador
disĉipl,discípulo
dispepsi,indigestión
ditiramb,dithyrambo
dromedar,dromedario
ekstrakt,extracto
epilepsi,epilepsia
erizipel,erisipela
etimologi##,etimologi##
etiologi,etiología
etnograf,etnógrafo
evangeli,evangelio
faksimil,facsímil
fakultat,facultad
felieton,suplemento
feminism,feminismo
feminist,feminista
filologi,filología
filozofi,filosofía
fiziolog,fisiólogo
fonograf,fonógrafo
galantin,galantina
garnitur,adornos
garnizon,guarnición
genealog,genealogista
geometri,geométrico
glicerin,glicerina
gliciriz,regaliz
grafolog,grafólogo
gramofon,gramófono
gutaperk,gutapercha
halebard,alabarda
harmonik,acordeón
hegemoni,hegemonía
hekatomb,hecatombe
hierarki,jerarquía
hipodrom,hipódromo
honorari,honorario
horoskop,horóscopo
hortensi,hortensia
ĥirurgi,cirugía
idiotism,idioma
imperial,cubierta
indiĝen,indígena
inkognit,incógnito
intervju,entrevista
kalendul,caléndula
kardinal,cardenal
katafalk,ataúd
katakomb,catacumba
katedral,catedral
katekist,catequista
kavaleri,caballería
komandit,sociedad limitada
konfekci,ropa
konflikt,conflicto
kontralt,contralto
kontrast,contraste
konvenci,convención
kosmetik,cosméticos
kreditor,acreedor
ksilofon,xilófono
kvocient,cociente
labirint,laberinto
laŭreat,laureado
logaritm,logaritmo
logogrif,acertijo
makaroni,macarrones
mandaren,funcionario
mandolin,mandolina
manifest,manifiesto
manometr,manómetro
margarin,margarina
marionet,títere
maŭzole,mausoleo
mekanism,mecanismo
melodram,melodrama
meridian,meridiano
metronom,metrónomo
metropol,metrópoli
mikrofon,micrófono
miniatur,miniatura
monogram,monograma
monomani,monomanía
naftalin,naftalina
narkotik,droga
navigaci,navegación
nekrolog,obituario
nepotism,favoritismo
nihilism,nihilismo
nihilist,nihilista
nostalgi,nostalgia
numismat,numismático
obligaci,bono
oligarĥ,oligarca
oligarki,oligarquía
optimism,optimismo
optimist,optimista
organism,organismo
orografi,orografía
pacifism,pacifismo
pacifist,pacifista
palanken,palanquín
panteism,panteísmo
panteist,panteísta
pantomim,pantomima
paradigm,paradigma
parafraz,paráfrasis
paragraf,párrafo
partitur,partitura
patologi,patología
pedagogi,pedagogía
perimetr,perímetro
peristil,peristilo
pesimism,pesimismo
pesimist,pesimista
pleonasm,redundancia
poliglot,multilingüe
preterit,pasado
procedur,procedimiento
projekci,proyección
proporci,proporción
prospekt,folleto
protokol,acta
prototip,prototipo
prozelit,converso
psikolog,psicólogo
referenc,referencia
renesanc,renacimiento
reputaci,fama
revelaci,revelación
revolver,revólver
rojalist,realista
sacerdot,sacerdote
sakristi,sacristía
sarkofag,sarcófago
seminari,seminario
sensaci,sensación
sfinkter,esfínter
silogism,silogismo
solecism,solecismo
stipendi,beca
strategi,estrategia
subvenci,subvención
talisman,amuleto
tamburin,pandereta
tarantel,tarantela
tarantul,tarántula
teleskop,telescopio
teokrati,teocracia
tipograf,tipógrafo
topograf,topógrafo
toreador,torero
transept,transepto
tuberkul,tubérculo
amfiteatr,anfiteatro
apopleksi,apoplejía
arbitraci,arbitraje
arĥeolog,arqueólogo
arĥitekt,arquitecto
aritmetik,aritmética
arkeologi,arqueología
arkipelag,archipiélago
astrologi,astrología
astronomi,astronomía
aŭditori,auditorio
aŭtograf,autógrafo
aŭtokrat,autócrata
deklaraci,declaración
demokrati,democracia
dialektik,dialéctica
disciplin,disciplina
disenteri,disentería
entomolog,entomólogo
etnografi,etnografía
filantrop,filántropo
fiziologi,fisiología
fizionomi,fisonomía
fotografi,fotografía
genealogi,genealogía
gladiator,gladiador
grafologi,grafología
harmonium,armonio
heksametr,hexámetro
heliotrop,heliotropo
hidrofobi,hidrofobia
hieroglif,jeroglífico
higrometr,higrómetro
hipopotam,hipopótamo
homeopati,homeopatía
ideografi,ideografía
imperativ,imperativo
imperfekt,imperfecto
impresari,impresario
indikativ,indicativo
infanteri,infantería
infinitiv,infinitivo
inkvizici,inquisición
intendant,mayordomo
kabriolet,cabriolet
kandelabr,candelabro
karikatur,caricatura
kartograf,cartógrafo
kastanjet,castañuela
katalepsi,catalepsia
katastrof,desastre
kateĥist,catequista
kompromis,acuerdo
konduktor,revisor
konkurenc,competencia
kontinent,continente
kontrabas,contrabajo
konvolvul,campanilla
kosmogoni,cosmogonía
kosmograf,cosmógrafo
krizantem,crisantemo
kronologi,cronología
kronometr,cronómetro
krucifiks,crucifijo
kvadratur,cuadratura
litografi,litografía
lokomobil,locomotora
melankoli,melancolía
metafizik,metafísica
mikrometr,micrómetro
mikroskop,microscopio
mineralog,mineralogista
monoteism,monoteísmo
neologism,neologismo
oligarĥi,oligarquía
ornitolog,ornitólogo
ostracism,ostracismo
paleograf,paleógrafo
palisandr,palisandro
paroksism,ataque
pentametr,pentámetro
plutokrat,plutócrata
politeism,politeísmo
providenc,providencia
pulĉinel,Pulcinella
purgatori,purgatorio
recitativ,recitativo
reformaci,reforma
rekrement,residuo
repertuar,repertorio
rezignaci,resignación
sakrament,sacramento
sekundant,segundo
skarlatin,escarlatina
skolastik,escolástica
somnambul,sonámbulo
sortiment,muestra
spekulaci,especulación
spirit/ism##,spirit/ism##
spirit/ist##,spirit/ist##
stalagmit,estalagmita
stalaktit,estalactita
statistik,estadística
ŝovinism,chauvinismo
ŝovinist,chovinista
tipografi,tipografía
topografi,topografía
velociped,bicicleta
veterinar,veterinario
vivisekci,vivisección
abiturient,graduado
alternativ,alternativa
anakronism,anacronismo
antropolog,antropólogo
arĥeologi,arqueología
arĥipelag,archipiélago
aristokrat,nobleza
arkitektur,arquitectura
aŭtokrati,autocracia
beletristik,literatura
bibliograf,bibliógrafo
civilizaci,civilización
dinamometr,dinamómetro
ekskrement,excremento
entomologi,entomología
eŭkaristi,eucaristía
filantropi,filantropía
hipertrofi,hipertrofia
ingredienc,componente
inkvizitor,inquisidor
kartografi,cartografía
koeficient,coeficiente
kompliment,elogio
kongregaci,congregación
konsistori,consistorio
kontraband,contrabando
kontribuci,reparaciones
kosmografi,cosmografía
kosmopolit,cosmopolita
krestomati,antología
kvintesenc,quintaesencia
manufaktur,fábrica
manuskript,manuscrito
metamorfoz,transformación
meteorolog,meteorólogo
mineralogi,mineralogía
naturalism,naturalismo
numismatik,numismática
ornitologi,ornitología
paleografi,paleografía
perspektiv,perspectiva
plutokrati,plutocracia
pneŭmatik,neumático
prerogativ,prerrogativa
pseŭdonim,seudónimo
stenografi,taquigrafía
subjunktiv,subjuntivo
superlativ,superlativo
tuberkuloz,tuberculosis
admiralitat,almirantazgo
antropologi,antropología
aristokrati,aristocracia
bibliografi,bibliografía
cirkumfleks,acento
demonstraci,prueba
departement,departamento
enciklopedi,enciclopedia
hermafrodit,hermafrodita
hidrostatik,hidrostática
hidroterapi,hidroterapia
imperialism,imperialismo
inaŭguraci,inauguración
kalejdoskop,caleidoscopio
kondicional,condicional
konfederaci,confederación
konglomerat,conglomerado
kontrapunkt,contrapunto
manifestaci,marcha
metempsikoz,metempsicosis
meteorologi,meteorología
observatori,observatorio
paleontolog,paleontólogo
pleŭronekt,platija
protagonist,protagonista
protektorat,protectorado
pseŭd,falso
racional/ism##,racional/ism##
racional/ist##,racional/ist##
reŭmatism,reumatismo
temperament,temperamento
tragikomedi,tragicomedia
administraci,gestión
demonstrativ,demostrativo
konservatori,conservatorio
paleontologi,paleontología
paralelogram,paralelogramo
spiritualism,espiritualismo
spiritualist,espiritualista
trigonometri,trigonometría
aŭtobiografi,autobiografía
t.e.,es decir
k.t.p.,etc.
kiom,cuánto
kiom##,kiom##
kiom##,kiom##
dum,mientras
dum##,dum##
ĝis,hasta
ĝis##,ĝis##
anstataŭ,en lugar de
anstataŭ##,anstataŭ##
kiu##,kiu##
kiu,quién
tiu##,tiu##
tiu,ese
ĉiu,cada
ĉiu##,ĉiu##
neniu,ninguno
neniu##,neniu##
ambaŭ,ambos
ambaŭ##,ambaŭ##
tiu ĉi##,tiu ĉi##
tiu ĉi##,tiu ĉi##
fiks,fijo
fiks##,fiks##
fals,falso
fals##,fals##
ĉu##,ĉu##
ĉu,¿acaso?
kial,por qué
kial##,kial##
kiel,como
kiel##,kiel##
tamen,pero
tamen##,tamen##
apenaŭ,apenas
apenaŭ##,apenaŭ##
kvazaŭ,como si
kvazaŭ##,kvazaŭ##
ĉirkaŭ,alrededor
ĉirkaŭ##,ĉirkaŭ##
precip##,precip##
precip,principal
tut,todo
tut##,tut##
rest##,rest##
rest,resto
ĉiel,celestial
ĉiel##,ĉiel##
interes,interesar
interes##,interes##
lig,unir
lig##,lig##
rul,rodar
rul##,rul##
arm##,arm##
arm,arma
fos,cavar
fos##,fos##
plant,plantar
plant##,plant##
orient##,orient##
orient,este
fald,plegar
fald##,fald##
kaj,y
kaj##,kaj##
amas,masa
amas##,amas##
kopi,copiar
kopi##,kopi##
fotograf,fotografiar
fotograf##,fotograf##
ĉar,porque
ĉar##,ĉar##
fikci##,fikci##
fikci,ficticio
nul,cero
nul##,nul##
klar##,klar##
klar,claro
artikol,artículo
artikol##,artikol##
aŭgust,agosto
aŭgust##,aŭgust##
por,para
por##,por##
opozici,oponerse
opozici##,opozici##
fot,foto
vibr,vibrar
oscil,oscilar
fluktu,fluctuar
indigo,índigo
ad##,ad##
ad,continuo
ag,actuar
al,a
am,amar
an,miembro
ar,grupo
as,presente
at,en progreso
av,abuelo
bo,por matrimonio
ci,tu
da,de
de,de
di,dios
Di##,Di##
do,así
du,dos
ec,-idad
eg,enorme
ej,sitio
ek,comienzo
el,de
em,tendencia
en,dentro
er,partícula
et,pequeño
fe,hada
fi##,fi##
fi,vil
ge,ambos
ha,¡ah!
he,¡Eh!
ho,¡oh!
ia,rebuzno
id,cría
ie,en algún lugar
ig,hacer
il,herramienta
in,femenina
io,algo
ir,ir
is,fue
it,completado
iu##,iu##
iu,alguien
ja,realmente
je,a
ju,cuanto
ke,que
l',el
la,el
li,su
lu,alquilar
mi,mi
ne,no
ni,nuestro
nj,diminutivo
nu,ahora
od,oda
ok,ocho
ol,que
on,fracción
op,conjunto
or,oro
os,futuro
ot,aún no iniciado
ov,huevo
pi,piadoso
po,cada
re,de nuevo
se,si
si,su propio
te,té
uj,recipiente
ul,tipo
um,cosa
ur,uro
us,condicional
uz,usar
ve,¡ay!
vi,"tu, tus"
homeopat,homeópata
zoolog,zoólogo