###❝Esperanto-Wortstamm❞,Zeilen  die als ❝(genau identisch) Esperanto-Wortstamm❞ markiert sind haben dieselbe Priorität wie jene mit einer entsprechenden Ersatz-Zeichenkette bedeuten jedoch dass tatsächlich keine Zeichen-(Kanji-)Ersetzung durchgeführt wird.
Esperanto-Wortstamm##,Deutsche Übersetzung mit Ruby-Anmerkungen##
adiaŭ,Lebewohl
bis,Zugabe!
hura,Hurra!
ŭa,Waa!
kia,welche
tia,solch
ĉia,alle
kies,wessen
nenia,keinerlei
ali,ander
alt,hoch
bel,schön
bon,gut
jun,jung
nov,neu
sam,gleich
fort,stark
grav,wichtig
kelk,einige
last,letzt
long,lang
mult,viel
plen,voll
riĉ,reich
ruĝ,rot
facil,leicht
grand,groß
liber,frei
rapid,schnell
feliĉ,glücklich
proksim,nah
fru,früh
pur,rein
sol,allein
ver,wahr
cert,sicher
nigr,schwarz
varm,warm
afabl,freundlich
blank,weiß
dolĉ,süß
neces,notwendig
propr,eigen
simpl,einfach
dekstr,rechts
kuraĝ,mutig
trankvil,ruhig
blu,blau
dik,dick
gaj,fröhlich
hel,hell
kar,lieb
lac,müde
san,gesund
sat,satt
just,gerecht
prav,richtig
pret,bereit
util,nützlich
verd,grün
apart,getrennt
atent,aufmerksam
fremd,fremd
ĝust,richtig
komun,gemeinsam
larĝ,breit
agrabl,angenehm
divers,verschieden
intern,intern
sufiĉ,ausreichend
kontent,zufrieden
profund,tief
mol,weich
pez,schwer
sek,trocken
brun,braun
egal,gleich
flav,gelb
griz,grau
kulp,schuldig
lert,geschickt
rekt,gerade
saĝ,weise
vast,weit
ceter,übrig
freŝ,frisch
simil,ähnlich
kapabl,fähig
serioz,ernst
efektiv,wirklich
ordinar,gewöhnlich
akr,scharf
fam,berühmt
ies,jemandes
avar,gierig
dens,dicht
eben,eben
fier,stolz
firm,fest
nepr,unbedingt
plat,flach
plur,mehrere
surd,taub
vigl,lebhaft
fidel,treu
kviet,ruhig
matur,reif
sankt,heilig
spert,erfahren
subit,plötzlich
taŭg,geeignet
honest,ehrlich
konven,passend
plur,mehrere
preciz,genau
strang,seltsam
delikat,zart
ĝentil,höflich
komfort,bequem
pacienc,geduldig
special,besonders
ĝeneral,allgemein
konstant,beständig
lam,lahm
mut,stumm
nud,nackt
pal,blass
ruz,listig
van,vergeblich
acid,sauer
glat,glatt
kler,gebildet
krud,roh
mild,sanft
abund,reichlich
blind,blind
blond,blond
ĉarm,charmant
etern,ewig
favor,günstig
graci,graziös
humil,demütig
laŭt,laut
sever,streng
stult,dumm
fortik,stark
frenez,verrückt
kurioz,seltsam
privat,privat
sincer,aufrichtig
evident,offensichtlich
oportun,praktisch
prudent,klug
sci/vol##,sci/vol##
diligent,fleißig
proksim/um##,proksim/um##
ard,glühend
avid,gierig
brav,tapfer
ebri,betrunken
krut,steil
naiv,naiv
nobl,edel
sobr,nüchtern
humid,feucht
ident,identisch
komik,komisch
kripl,behindert
kruel,grausam
moder,mäßig
sagac,scharfsinnig
seren,ruhig
sprit,geistreich
akurat,pünktlich
fervor,eifrig
inklin,geneigt
ĵaluz,eifersüchtig
kapric,launisch
modern,modern
modest,bescheiden
nenies,niemandes
normal,normal
sovaĝ,wild
ekstrem,extrem
elegant,elegant
eminent,hervorragend
komplet,vollständig
oficial,offiziell
perfekt,perfekt
probabl,wahrscheinlich
reciprok,gegenseitig
indiferent,gleichgültig
inteligent,klug
amar,bitter
imun,immun
real,wirklich
ties,dessen
unik,einzigartig
vant,eitel
virg,jungfräulich
aktiv,aktiv
civil,zivil
ĉies,jedermanns
elast,elastisch
human,menschlich
intim,eng vertraut
kaduk,baufällig
koket,kokett
lojal,loyal
malic,bösartig
mir/ind##,mir/ind##
raŭk,heiser
rigid,starr
sekur,sicher
solen,feierlich
tener,zärtlich
valid,gültig
abrupt,plötzlich
absurd,absurd
aktual,aktuell
arbitr,willkürlich
aŭdac,kühn
ekzakt,genau
furioz,wütend
graved,schwanger
klasik,klassisch
majest,erhaben
nervoz,nervös
oblikv,schräg
obstin,sturköpfig
plen/aĝ##,plen/aĝ##
social,sozial
subtil,fein
tragik,tragisch
absolut,absolut
kontant,bar bezahlt
popular,beliebt
relativ,relativ
sin/don##,sin/don##
solidar,solidarisch
vegetar,vegetarisch
familiar,vertraut
grandioz,prächtig
kolektiv,kollektiv
sin/gard##,sin/gard##
kompetent,kompetent
universal,allgemein
kvit,schuldenfrei
miop,kurzsichtig
punc,mohnrot
ranc,ranzig
ĉast,keusch
ekstr,extra
masiv,massiv
antikv,antik
arogant,arrogant
konform,konform
trivial,trivial
elokvent,eloquent
kriminal,kriminell
predikat,Prädikat
akut,spitz
dual,doppelt
hirt,struppig
kalv,kahl
banal,banal
cinik,zynisch
gotik,gotisch
inert,träge
obtuz,stumpf
okult,okkult
pasiv,passiv
rigor,streng
stoik,stoisch
analog,analog
anonim,anonym
arkaik,veraltet
diafan,durchsichtig
efemer,flüchtig
erotik,erotisch
fiktiv,fiktiv
formal,formell
frivol,leichtfertig
intens,intensiv
invers,umgekehrt
konciz,prägnant
konkav,konkav
mistik,mystisch
neŭtr,neutral
vulgar,grob
akcesor,sekundär
apokrif,apokryph
arĥaik,archaisch
burlesk,burlesk
decimal,dezimal
diskret,diskret
fanatik,fanatisch
grotesk,grotesk
konkret,konkret
kontinu,kontinuierlich
liberal,liberal
monoton,eintönig
negativ,negativ
nominal,nominal
pozitiv,positiv
radikal,radikal
skeptik,skeptisch
solvent,zahlungsfähig
abstrakt,abstrakt
aŭtonom,autonom
eventual,möglich
inkluziv,einschließend
neŭtral,neutral
objektiv,objektiv
ortodoks,orthodox
primitiv,primitiv
provizor,vorläufig
racional,rational
romantik,romantisch
sinoptik,übersichtlich
spontane,spontan
aŭtentik,echt
definitiv,endgültig
ekskluziv,exklusiv
korelativ,korrelativ
respektiv,jeweilig
subjektiv,subjektiv
transitiv,transitiv
spekulativ,spekulativ
impertinent,frech
konservativ,konservativ
sentimental,sentimental
dek,zehn
mil,tausend
sep,sieben
ses,sechs
tri,drei
unu,eins
cent,hundert
kvar,vier
kvin,fünf
naŭ,neun
aŭ,oder
nek,weder
sed,aber
kvankam,obwohl
plus,plus
minus,minus
ĉe,bei
kun,mit
per,durch
pri,über
pro,wegen
sen,ohne
sub,unter
sur,auf
tra,durch
apud,nahe
krom,außer
laŭ,nach
post,nach
inter,zwischen
super,über
trans,jenseits
antaŭ,vor
ekster,außen
preter,vorbei
kontraŭ,gegen
malgraŭ,trotz
ĝi,es
ili,ihre
kio,was
oni,man
ŝi,sie
tio,das
ĉio,alles
nenio,nichts
tio ĉi##,tio ĉi##
dis,zer-
mal,entgegen
ĉef,Haupt-
eks,ehemal-
mis,fehl-
pra,uralt
dev,müssen
dir,sagen
don,geben
est,sein
far,tun
fin,beenden
hav,haben
kon,kennen
leg,lesen
lev,heben
met,legen
mov,bewegen
pet,bitten
pov,können
rid,lachen
sci,wissen
sid,sitzen
ten,halten
ven,kommen
vid,sehen
viv,lebend
vol,wollen
ĝoj,froh
help,helfen
kred,glauben
lern,lernen
loĝ,wohnen
mort,sterben
okaz,geschehen
port,tragen
pren,nehmen
sekv,folgen
send,senden
star,stehen
dezir,wünschen
labor,arbeiten
milit,kämpfen
montr,zeigen
parol,sprech
ricev,erhalten
skrib,schreiben
ŝajn,scheinen
vetur,fahren
demand,fragen
komenc,beginnen
kompren,verstehen
respond,antworten
bat,schlagen
fal,fallen
kri,schreien
kur,rennen
las,lassen
lum,leuchten
mir,staunen
pag,zahlen
pas,passieren
reg,herrschen
son,klingen
tim,fürchten
tir,ziehen
aŭd,hören
brul,brennen
dank,danken
dorm,schlafen
ferm,schließen
flug,fliegen
halt,anhalten
ĵet,werfen
kant,singen
kost,kosten
mank,fehlen
nask,gebären
okup,beschäftigt
pens,denken
perd,verlieren
prem,drücken
prov,versuchen
sent,fühlen
turn,drehen
aĉet,kaufen
atend,warten
bezon,brauchen
kresk,wachsen
manĝ,essen
memor,merken
serĉ,suchen
trink,trinken
konsil,beraten
permes,erlauben
postul,fordern
rakont,erzählen
rigard,sehen
rimark,bemerken
ŝanĝ,ändern
vojaĝ,reisen
konstru,bauen
prezent,zeigen
renkont,treffen
bru,lärmen
dub,zweifeln
lav,waschen
lud,spielen
pen,mühen
vek,wecken
vok,rufen
aper,erscheinen
bril,glänzen
erar,irren
fest,feiern
frap,schlagen
gajn,gewinnen
kapt,fangen
kaŝ,verbergen
kovr,decken
kuir,kochen
kuŝ,liegen
paŝ,gehen
plor,weinen
romp,brechen
salt,springen
serv,dienen
tuŝ,berühren
vend,verkaufen
zorg,sorgen
batal,kämpfen
elekt,wählen
esper,hoffen
koler,wütend
mezur,messen
opini,meinen
ordon,befehlen
plend,klagen
ripoz,ruhen
salut,grüßen
sufer,leiden
akcept,annehmen
forges,vergessen
kalkul,berechnen
komerc,handeln
konduk,führen
pardon,verzeihen
silent,still
tranĉ,schneiden
konsent,zustimmen
aŭskult,hören
ban,baden
flu,fließen
kre,schaffen
mok,verspotten
amuz,amüsieren
ĉes,enden
efik,wirken
gard,bewachen
juĝ,richten
klin,neigen
pend,hängen
puŝ,drücken
spir,atmen
stud,lernen
ŝat,schätzen
tond,scheren
traf,treffen
ating,erreichen
decid,entscheiden
estim,achten
invit,einladen
kurac,heilen
marŝ,marschieren
plaĉ,gefallen
ripet,wiederholen
ŝlos,sperren
ŝtel,stehlen
vizit,besuchen
aranĝ,ordnen
ekzist,sein
instru,lehren
intenc,beabsichtigen
kompat,bemitleiden
prefer,bevorzugen
prepar,vorbereiten
promen,spazieren
promes,versprechen
sukces,erfolgreich
konserv,bewahren
bol,kochen
kis,küssen
obe,gehorchen
paf,schießen
pel,treiben
pik,stechen
pun,strafen
sav,retten
tus,husten
akir,erwerben
apog,stützen
atak,angreifen
bala,kehren
blov,blasen
ĉas,jagen
danc,tanzen
eduk,erziehen
evit,meiden
fleg,pflegen
glit,gleiten
gvid,führen
ĝen,stören
hejt,heizen
hont,schämen
imag,vorstellen
imit,nachahmen
komb,kämmen
mend,bestellen
miks,mischen
naĝ,schwimmen
plug,pflügen
pres,drucken
soif,durstig
spez,umschlagen
ŝir,reißen
trem,zittern
trov,finden
venk,besiegen
viŝ,wischen
volv,wickeln
anonc,ankündigen
aprob,billigen
avert,warnen
merit,verdienen
minac,drohen
pentr,malen
posed,besitzen
preĝ,beten
rifuz,ablehnen
rilat,beziehen
ripar,reparieren
skrap,kratzen
ŝerc,scherzen
tromp,täuschen
defend,schützen
desegn,zeichnen
esting,löschen
inform,melden
kompar,vergleichen
kondut,benehmen
konfes,gestehen
konsci,bewusst
kultur,anbauen
mensog,lügen
rezult,folgen
rikolt,ernten
streĉ,spannen
ŝovel,schaufeln
akompan,begleiten
aparten,gehören
bedaŭr,bedauern
konsist,bestehen
organiz,organisieren
progres,fortschreiten
respekt,achten
riproĉ,tadeln
diferenc,unterscheiden
rekomend,empfehlen
korespond,korrespondieren
enu,langweilen
fid,vertrauen
ĝu,genießen
hak,hacken
log,locken
pek,sündigen
pes,wiegen
raz,rasieren
dron,ertrinken
fajf,pfeifen
fand,schmelzen
farm,pachten
fart,befinden
frot,reiben
ĝem,stöhnen
krev,platzen
kudr,nähen
mord,beißen
muel,mahlen
nutr,nähren
odor,riechen
rajd,reiten
solv,lösen
taks,bewerten
teks,weben
tent,verführen
urĝ,dringend
babil,plaudern
detru,zerstören
difin,definieren
distr,ablenken
diven,raten
divid,teilen
etend,dehnen
evolu,entwickeln
forĝ,schmieden
frand,schlemmen
grimp,klettern
hezit,zögern
kroĉ,haken
laŭd,loben
mason,mauern
ofert,bieten
ornam,schmücken
petol,tollen
sonĝ,träumen
stern,ausbreiten
supoz,vermuten
ŝirm,schützen
ŝpar,sparen
ŝtop,stopfen
ŝuld,schulden
ŝvel,schwellen
toler,ertragen
verŝ,gießen
aspekt,wirken
daŭr/ig##,daŭr/ig##
difekt,beschädigen
diskut,diskutieren
domaĝ,bedauern
ekscit,erregen
ekzerc,üben
esplor,forschen
esprim,ausdrücken
konsol,trösten
murmur,murmeln
prezid,vorsitzen
signif,bedeuten
skulpt,schnitzen
traduk,übersetzen
ekskurs,ausfliegen
ekzamen,prüfen
komunik,mitteilen
koncern,betreffen
konstat,feststellen
protekt,schützen
protest,protestieren
renvers,umstürzen
surpriz,überraschen
konsider,berücksichtigen
persekut,verfolgen
reprezent,vertreten
bak,backen
ben,segnen
boj,bellen
bor,bohren
ced,nachgeben
cit,zitieren
lek,lecken
rab,rauben
rav,entzücken
rem,rudern
rev,träumen
seg,sägen
sku,schütteln
ted,langweilen
teg,überziehen
abon,abonnieren
dung,einstellen
envi,beneiden
flar,riechen
fond,gründen
frit,braten
friz,locken
gest,gestikulieren
glad,bügeln
glut,schlucken
ĵur,schwören
kned,kneten
maĉ,kauen
melk,melken
migr,wandern
munt,montieren
ofer,opfern
pent,bereuen
pruv,beweisen
pump,pumpen
putr,verfaulen
ramp,kriechen
risk,wagen
ronk,schnarchen
rost,braten
sven,ohnmächtig
ŝov,schieben
ŝut,schütten
tajl,schneid
tord,drehen
tren,ziehen
vari,ändern
velk,verwelken
adici,addieren
admir,bewundern
admon,ermahnen
adopt,adoptieren
akcel,beschleunigen
atest,bezeugen
ĉerp,schöpfen
degel,schmelzen
deleg,delegieren
fleks,biegen
flirt,flattern
hered,erben
influ,beeinflussen
kares,streicheln
medit,nachdenken
naŭz,ekeln
osced,gähnen
paŝt,weiden
paŭz,pausieren
pinĉ,kneifen
plekt,flechten
regal,bewirten
ribel,rebellieren
sopir,sehnen
sorĉ,zaubern
strik,streiken
sufok,ersticken
sving,schwenken
ŝarg,laden
ŝmir,schmieren
trakt,behandeln
tremp,tauchen
afrank,frankieren
asekur,versichern
balanc,wiegen
barakt,kämpfen
dediĉ,weihen
deklar,erklären
destin,bestimmen
disput,streiten
escept,ausnehmen
festen,feiern
frakas,zerschmettern
gratul,gratulieren
ilustr,illustrieren
import,importieren
insist,beharren
instal,installieren
instig,anregen
insult,beleidigen
komand,befehlen
komisi,beauftragen
konfid,vertrauen
konfit,zuckern
konfuz,verwirren
konkur,konkurrieren
kritik,kritisieren
observ,beobachten
penetr,durchdringen
perfid,verraten
proced,verfahren
raport,berichten
reklam,werben
rezign,aufgeben
rezist,widerstehen
rifuĝ,flüchten
brak/um##,brak/um##
civiliz,zivilisieren
ĉagren,ärgern
de/pend##,de/pend##
disting,unterscheiden
eksplod,explodieren
garanti,bürgen
komplez,freundlich
kondamn,verurteilen
konfirm,bestätigen
konjekt,vermuten
konklud,schließen
kontrol,prüfen
konvink,überzeugen
operaci,operieren
plen/um##,plen/um##
pretend,beanspruchen
suspekt,verdächtig
turment,quälen
distribu,verteilen
fanfaron,prahlen
kontrakt,vertrag schließen
mastr/um##,mastr/um##
prokrast,aufschieben
administr,verwalten
el/turn/iĝ##,el/turn/iĝ##
entrepren,unternehmen
dec,passen
juk,jucken
lul,wiegen
vad,waten
vag,wandern
vet,wetten
vom,erbrechen
zum,summen
ador,verehren
agit,aufhetzen
akuz,anklagen
alud,andeuten
bapt,taufen
bind,binden
blek,schreien
bred,züchten
buĉ,schlachten
ĉif,zerknittern
dikt,diktieren
dres,abrichten
ekip,ausstatten
est/ig##,est/ig##
fast,fasten
flat,schmeicheln
flik,flicken
fuĝ,fliehen
fuŝ,verpfuschen
garn,verstärken
grat,kratzen
hav/ig##,hav/ig##
izol,isolieren
jung,anschirren
lukt,ringen
muĝ,brüllen
opon,widersetzen
palp,tasten
pekl,pökeln
pere,vergehen
pli/ig##,pli/ig##
sark,jäten
sekc,schneiden
sorb,aufsaugen
spit,trotzen
suĉ,saugen
svat,verkuppeln
tajp,tippen
tern,niesen
tikl,kitzeln
tint,klingeln
trik,stricken
trud,aufdrängen
vart,pflegen
adapt,anpassen
aplik,anwenden
asert,behaupten
asist,helfen
balot,wählen
ĉe/est##,ĉe/est##
delir,delirieren
depon,lagern
deput,abordnen
enket,untersuchen
eskap,fliehen
falĉ,mähen
flagr,flackern
for/est##,for/est##
grinc,knirschen
ignor,ignorieren
impet,stürmen
incit,reizen
indik,zeigen
insid,hinterlistig
inund,überfluten
kraĉ,spucken
liver,liefern
menci,erwähnen
modif,ändern
ofend,beleidigen
rezon,schließen
rivel,enthüllen
start,beginnen
susur,rauschen
ŝpin,spinnen
trejn,trainieren
venĝ,rächen
abstin,enthalten
aflikt,quälen
altern,wechseln
balbut,stottern
cirkul,kreisen
deĵor,dienen
denunc,anklagen
de/ten##,de/ten##
dev/ont/ig##,dev/ont/ig##
digest,verdauen
dispon,verfügen
dorlot,verhätscheln
eksped,versenden
el/don##,el/don##
establ,gründen
flustr,flüstern
grimac,grimassieren
grumbl,murren
implik,verwickeln
indign,empört
indulg,nachsichtig
infekt,infizieren
injekt,injizieren
inspir,anregen
invent,erfinden
klopod,bemühen
kolizi,kollidieren
kombin,kombinieren
kompon,komponieren
konsum,verbrauchen
korekt,korrigieren
lubrik,schmieren
manovr,manövrieren
plonĝ,tauchen
preleg,vortragen
propon,vorschlagen
provok,provozieren
recenz,rezensieren
redakt,bearbeiten
redukt,verringern
revizi,prüfen
ŝpruc,spritzen
aplaŭd,klatschen
blasfem,lästern
bon/vol##,bon/vol##
brokant,trödeln
eksport,exportieren
ekzekut,hinrichten
gust/um##,gust/um##
iniciat,beginnen
kalumni,verleumden
kompens,entschädigen
komplik,komplizieren
kontest,anzweifeln
manipul,manipulieren
neglekt,vernachlässigen
persist,beharren
prononc,aussprechen
prosper,gedeihen
reflekt,reflektieren
re/form##,re/form##
subtrah,abziehen
ŝancel,wanken
televid,fernsehen
determin,bestimmen
ekspluat,ausbeuten
koncentr,konzentrieren
mistifik,täuschen
preskrib,verordnen
revoluci,revoltieren
riverenc,verbeugen
interpret,dolmetschen
kompromit,gefährden
multiplik,multiplizieren
propagand,werben
konversaci,plaudern
interpelaci,befragen
erp,eggen
kov,brüten
lut,löten
pep,zwitschern
tan,gerben
agac,ärgern
brod,sticken
brog,verbrühen
ĉiz,meißeln
edif,erziehen
fajl,feilen
krak,knallen
kroz,kreuzen
pist,zerstoßen
rasp,reiben
rast,harken
rigl,riegeln
rukt,rülpsen
sibl,zischen
skiz,skizzieren
sput,spucken
steb,nähen
stuk,verputzen
ŝim,schimmeln
torn,drehen
trot,traben
urin,urinieren
varb,werben
adult,Ehebruch
afekt,geziert
akuŝ,gebären
arest,festnehmen
asign,zuteilen
atenc,angreifen
draŝ,dreschen
drink,saufen
ekzil,verbannen
filtr,filtern
infuz,einflößen
kribr,sieben
parad,paradieren
rabot,hobeln
rafin,verfeinern
satur,sättigen
sieĝ,belagern
skerm,fechten
strab,schielen
ŝmac,schmatzen
uzurp,usurpieren
veget,wachsen
border,säumen
ĉikan,schikanieren
degrad,degradieren
diboĉ,ausschweifen
distil,destillieren
drapir,drappieren
gargar,gurgeln
gravur,gravieren
guvern,unterrichten
ilumin,erleuchten
inokul,impfen
intrig,intrigieren
ĵongl,jonglieren
kartav,gurgeln
kontuz,prellen
likvid,abwickeln
makler,vermitteln
plaŭd,platschen
predik,predigen
rembur,polstern
ventol,lüften
deĉifr,entschlüsseln
degener,verfallen
diskont,diskontieren
ferment,gären
kalfatr,abdichten
kolport,hausieren
kompost,setzen
konspir,verschwören
konvert,konvertieren
paraliz,lähmen
proklam,verkünden
singult,schlucken
ĉarpent,zimmern
hipokrit,heucheln
intermit,unterbrechen
konstern,bestürzen
marĉand,feilschen
kapitulac,kapitulieren
kaŭteriz,kauterisieren
komentari,kommentieren
koment,kommentieren
poz,posieren
vak,leer
boks,boxen
ĝir,überweisen
kirl,rühren
klak,klicken
kluk,gackern
knar,knarren
murd,ermorden
pled,plädieren
sond,loten
tatu,tätowieren
abdik,abdanken
abort,abbrechen
agoni,sterben
aklam,jubeln
amput,amputieren
aneks,annektieren
aspir,streben
deriv,ableiten
feder,verbinden
impon,beeindrucken
invad,eindringen
kaŭr,kauern
klaĉ,tratschen
kliŝ,klischee
kotiz,bezahlen
marin,marinieren
miaŭ,miauen
modul,modulieren
refut,widerlegen
rikan,spotten
streb,streben
svarm,wimmeln
ŝveb,schweben
absorb,fesseln
akapar,monopolisieren
analiz,analysieren
asimil,assimilieren
asperg,besprühen
atribu,zuschreiben
aŭgur,weissagen
bojkot,boykottieren
cenzur,zensieren
dedukt,ableiten
deklam,rezitieren
dekolt,ausschneiden
indukt,induzieren
kompil,kompilieren
konced,zugeben
konker,erobern
korupt,bestechen
kverel,streiten
lament,trauern
narkot,betäuben
stimul,anregen
strigl,striegeln
ŝrump,schrumpfen
amortiz,abschreiben
anticip,voraussehen
apelaci,berufen
bankrot,pleite
bombard,bombardieren
emancip,befreien
inspekt,prüfen
katekiz,katechisieren
koincid,zusammenfallen
konfisk,beschlagnahmen
konsekr,weihen
konsult,beraten
legitim,legitimieren
mobiliz,mobilisieren
pilgrim,pilgern
improviz,improvisieren
inaŭgur,einweihen
karambol,kollidieren
kateĥiz,katechetisieren
klasifik,einteilen
kontribu,beitragen
litograf,lithografieren
prostitu,prostituieren
centraliz,zentralisieren
stenograf,stenografieren
ekskomunik,exkommunizieren
karakteriz,charakterisieren
aĵ,Ding
ant,-nd
ebl,möglich
iĝ,werden
ind,wert
int,vollendet
ism,-ismus
ist,-ist
obl,-fach
ont,zukünftig
estr,-leiter
aĉ,schlecht
ĉj##,ĉj##
end,müssen
ing,Halter
ajn,beliebig
ĉi##,ĉi##
eĉ##,eĉ##
for,fern
iam,einst
iom,etwas
jam,bereits
jen,hier
jes,ja
kie,wo
mem,selbst
nun,jetzt
nur,nur
pli,mehr
plu,mehr
tie,dort
tre,sehr
tro,zu viel
tuj,sofort
ĉie,überall
ĵus,gerade
kiam,wann
plej,meist
tial,deshalb
tiam,damals
tiel,so
tiom,so viel
ĉiam,immer
nenie,nirgends
ankaŭ,auch
neniam,niemals
baldaŭ,bald
hieraŭ,gestern
hodiaŭ,heute
morgaŭ,morgen
tie ĉi##,tie ĉi##
almenaŭ,mindestens
ankoraŭ,noch
preskaŭ,fast
tiel ĉi##,tiel ĉi##
oft,oft
ial,irgendein Grund
iel,irgendwie
volont,freiwillig
des,umso
neniom,kein
ĉial,jedergrund
ĉiom,ganz
ia/foj##,ia/foj##
nenial,grundlos
neniel,keineswegs
parker,auswendig
foj,Mal
hom,Mensch
jar,Jahr
kap,Kopf
kor,Herz
lok,Ort
man,Hand
nom,Name
tag,Tag
ter,Erde
vir,Mann
voj,Weg
afer,Angelegenheit
amik,Freund
form,Form
kamp,Feld
land,Land
mond,Welt
naci,Nation
patr,Vater
temp,Zeit
vort,Wort
flank,Seite
infan,Kind
patr/in##,patr/in##
ĉambr,Zimmer
sinjor,Herr
akv,Wasser
arb,Baum
art,Kunst
dom,Haus
edz,Ehemann
fil,Sohn
har,Haar
hor,Stunde
lit,Bett
mar,Meer
mon,Geld
mur,Wand
pac,Frieden
pec,Stück
sun,Sonne
urb,Stadt
bild,Bild
bird,Vogel
buŝ,Mund
frat,Bruder
hejm,Heim
knab,Junge
kort,Hof
libr,Buch
mont,Berg
okul,Auge
part,Teil
pied,Fuß
pord,Tür
rajt,Recht
tabl,Tisch
vent,Wind
vest,Kleidung
fingr,Finger
frukt,Frucht
kolor,Farbe
leter,Brief
lingv,Sprache
maten,Morgen
popol,Volk
punkt,Punkt
rimed,Mittel
valor,Wert
ĉeval,Pferd
famili,Familie
fraŭl,ledig
person,Person
semajn,Woche
vesper,Abend
vizaĝ,Gesicht
fenestr,Fenster
aer,Luft
aĝ,Alter
cel,Ziel
fer,Eisen
ide,Idee
kat,Katze
kol,Hals
mez,Mitte
naz,Nase
nub,Wolke
ord,Ordnung
pan,Brot
roz,Rose
best,Tier
bord,Ufer
brak,Arm
dent,Zahn
fajr,Feuer
fiŝ,Fisch
flor,Blume
glas,Glas
hund,Hund
korp,Körper
lakt,Milch
lign,Holz
lini,Linie
mark,Marke
neĝ,Schnee
nokt,Nacht
onkl,Onkel
orel,Ohr
plum,Feder
pluv,Regen
rond,rund
sang,Blut
seĝ,Stuhl
spec,Art
stat,Zustand
supr,oben
ŝip,Schiff
vitr,Glas
angul,Ecke
daŭr,Dauer
dolor,Schmerz
gazet,Zeitschrift
kaŭz,Ursache
kutim,Gewohnheit
minut,Minute
monat,Monat
natur,Natur
nombr,Zahl
paper,Papier
plank,Boden
river,Fluss
somer,Sommer
staci,Station
strat,Straße
suker,Zucker
ŝton,Stein
vagon,Wagen
veter,Wetter
vintr,Winter
aŭtun,Herbst
ĉapel,Hut
direkt,Richtung
kolekt,Sammlung
moment,Moment
plezur,Freude
vilaĝ,Dorf
ekzempl,Beispiel
ĝarden,Garten
histori,Geschichte
printemp,Frühling
bov,Rind
ink,Tinte
kaf,Kaffee
kok,Huhn
kuk,Kuchen
kuz,Vetter
lag,See
lim,Grenze
lun,Mond
maj,Mai
pak,Paket
sak,Beutel
sum,Summe
tru,Loch
vin,Wein
anim,Seele
azen,Esel
benk,Bank
dors,Rücken
foli,Blatt
font,Quelle
fund,Grund
genu,Knie
gren,Getreide
grup,Gruppe
herb,Kraut
juli,Juli
juni,Juni
kart,Karte
klas,Klasse
korb,Korb
kruc,Kreuz
krur,Bein
lang,Zunge
leĝ,Gesetz
lund,Montag
mard,Dienstag
mart,März
ofic,Amt
ombr,Schatten
paĝ,Seite
pork,Schwein
poŝ,Tasche
radi,Strahl
reĝ,König
senc,Sinn
stel,Stern
ŝaf,Schaf
verk,Werk
voĉ,Stimme
adres,Adresse
april,April
brust,Brust
buter,Butter
donac,Geschenk
glaci,Eis
kuler,Löffel
mastr,Herr
muzik,Musik
numer,Nummer
poŝt,Post
prunt,Leih-
sabat,Samstag
ŝtat,Staat
ŝtup,Stufe
teler,Teller
terur,Schrecken
vapor,Dampf
insekt,Insekt
januar,Januar
ĵaŭd,Donnerstag
kovert,Umschlag
krajon,Stift
manier,Art
objekt,Objekt
oktobr,Oktober
plafon,Decke
region,Gebiet
religi,Religion
spirit,Geist
arĝent,Silber
danĝer,Gefahr
decembr,Dezember
dimanĉ,Sonntag
februar,Februar
horloĝ,Uhr
merkred,Mittwoch
novembr,November
produkt,Produkt
vendred,Freitag
septembr,September
bar,Hindernis
bek,Schnabel
fak,Fach
fum,Rauch
gas,Gas
gut,Tropfen
jak,Jacke
kel,Keller
kuv,Wanne
lip,Lippe
nep,Enkel
nev,Neffe
not,Notiz
ole,Öl
ond,Welle
ost,Knochen
par,Paar
pom,Apfel
pot,Topf
rad,Rad
ret,Netz
sal,Salz
sap,Seife
sem,Saat
sud,Süd
sup,Suppe
ŝu,Schuh
tas,Tasse
tol,Leinen
tuk,Stoff
ung,Nagel
val,Tal
vic,Reihe
barb,Bart
bros,Bürste
fakt,Tatsache
flag,Fahne
fork,Gabel
forn,Ofen
gast,Gast
gras,Fett
kapr,Ziege
karb,Kohle
kest,Kiste
korn,Horn
krim,Verbrechen
lamp,Lampe
mebl,Möbel
mien,Miene
muŝ,Fliege
nord,Nord
past,Teig
pilk,Ball
pint,Spitze
polv,Staub
pont,Brücke
prez,Preis
rand,Rand
regn,Reich
seri,Serie
sign,Zeichen
sort,Schicksal
spic,Gewürz
vang,Wange
vost,Schwanz
vund,Wunde
botel,Flasche
buton,Knopf
cifer,Ziffer
faden,Faden
frunt,Stirn
haŭt,Haut
honor,Ehre
insul,Insel
kajer,Heft
kamen,Kamin
legom,Gemüse
liter,Buchstabe
metal,Metall
pingl,Nadel
polic,Polizei
polur,Glanz
premi,Preis
regul,Regel
sezon,Jahreszeit
ŝanc,Chance
ŝnur,Seil
tabul,Brett
viand,Fleisch
baston,Stock
branĉ,Ast
ĉemiz,Hemd
doktor,Doktor
kravat,Krawatte
lecion,Lektion
maŝin,Maschine
milion,Million
najbar,Nachbar
parenc,Verwandter
publik,öffentlich
scienc,Wissenschaft
sekret,geheim
skatol,Dose
soldat,Soldat
spegul,Spiegel
ŝarĝ,Ladung
ŝrank,Schrank
tualet,Toilette
ĉapitr,Kapitel
fromaĝ,Käse
kondiĉ,Bedingung
praktik,Praxis
serpent,Schlange
ŝtrump,Strumpf
tegment,Dach
telefon,Telefon
industri,Industrie
kilogram,Kilogramm
okcident,Westen
pantalon,Hose
abi,Tanne
agl,Adler
ber,Beere
bot,Stiefel
bul,Kugel
dat,Datum
glu,Kleber
jup,Rock
kav,Hohlraum
lan,Wolle
led,Leder
mod,Mode
mor,Sitte
pin,Kiefer
pip,Rohr
piz,Erbse
put,Brunnen
rel,Schiene
riz,Reis
rok,Fels
suk,Saft
tem,Thema
tub,Rohr
tur,Turm
vat,Watte
vaz,Gefäß
zon,Gürtel
arme,Armee
bank,Bank
bien,Anwesen
bier,Bier
bret,Regal
brik,Ziegel
cikl,Zyklus
ĉap,Mütze
drat,Draht
epok,Epoche
fask,Bündel
feri,Urlaub
film,Film
flam,Flamme
flos,Floß
fojn,Heu
fulm,Blitz
glob,Kugel
grad,Grad
gust,Geschmack
kadr,Rahmen
krem,Sahne
kurb,Kurve
kurs,Kurs
larm,Träne
leon,Löwe
litr,Liter
luks,Luxus
meti,Handwerk
metr,Meter
najl,Nagel
nest,Nest
pajl,Stroh
plac,Platz
plad,Teller
plan,Plan
poet,Dichter
pugn,Faust
ring,Ring
sabl,Sand
scen,Szene
skal,Maßstab
soci,sozial
spac,Raum
stal,Stall
task,Aufgabe
tomb,Grab
verm,Wurm
vers,Gedicht
viol,Veilchen
agord,Einklang
balon,Ballon
bilet,Ticket
burĝ,Bürgerlich
centr,Zentrum
etaĝ,Stockwerk
farun,Mehl
figur,Figur
frost,Frost
gorĝ,Hals
grund,Boden
haven,Hafen
hotel,Hotel
humor,Stimmung
karot,Karotte
katar,Katarrh
kling,Klinge
koton,Baumwolle
kvant,Menge
lepor,Hase
makul,Fleck
manik,Ärmel
membr,Mitglied
mizer,elend
nebul,Nebel
organ,Organ
parti,Partei
pastr,Priester
radik,Wurzel
serur,Schloss
solid,fest
sonor,Klang
strek,Linie
ŝvit,Schweiß
tabak,Tabak
tabel,Tabelle
titol,Titel
tondr,Donner
valiz,Koffer
ventr,Bauch
alumet,Streichholz
aparat,Gerät
brasik,Kohl
citron,Zitrone
ĉifon,Fetzen
dekliv,Hang
dezert,Wüste
elektr,Strom
energi,Energie
fianĉ,Verlobter
hirund,Schwalbe
kelner,Kellner
kvalit,Qualität
majstr,Meister
mantel,Umhang
martel,Hammer
matrac,Matratze
menton,Kinnlade
oranĝ,Orange
origin,Ursprung
potenc,Macht
salajr,Gehalt
sekund,Sekunde
societ,Gesellschaft
stomak,Magen
ŝultr,Schulter
tapiŝ,Teppich
tritik,Weizen
aventur,Abenteuer
cigared,Zigarette
distanc,Abstand
embaras,Verlegenheit
kamarad,Kamerad
kaserol,Kasserolle
komitat,Ausschuss
kongres,Kongress
kvadrat,Quadrat
magazen,Lagerhaus
pasport,Pass
politik,Politik
registr,Register
ter/pom##,ter/pom##
akcident,Unfall
aŭtobus,Bus
aŭtomat,Automat
ĉokolad,Schokolade
direktor,Leiter
instinkt,Instinkt
karakter,Charakter
kaŭĉuk,Gummi
material,Material
standard,Fahne
telegraf,Telegraf
restoraci,Restaurant
ark,Bogen
baz,Basis
beb,Baby
bub,Bengel
bud,Hütte
fel,Pelz
hok,Haken
huf,Huf
jur,Recht
kas,Kasse
kin,Kino
kom,Komma
kot,Schmutz
lup,Wolf
mam,Brust
map,Karte
min,Bergwerk
mus,Maus
net,Reinschrift
nod,Knoten
orf,Waise
ort,rechtwinklig
pat,Pfanne
pil,Batterie
pir,Birne
pup,Puppe
rat,Ratte
rip,Rippe
rob,Robe
tip,typisch
ton,Ton
urs,Bär
var,Ware
vel,Segel
vit,Weinstock
abel,Biene
aŭt,Auto
bluz,Bluse
boat,Boot
brov,Braue
cerb,Gehirn
ĉek,Scheck
ĉen,Kette
disk,Scheibe
dram,Drama
drap,Tuch
duŝ,Dusche
ezok,Hecht
farb,Farbe
febr,Fieber
fend,Spalt
foir,Markt
fost,Pfosten
frag,Erdbeere
fulg,Ruß
funt,Pfund
gant,Handschuh
geni,Genie
glor,Ruhm
golf,Bucht
hajl,Hagel
hero,Held
kemi,Chemie
kord,Saite
kork,Korken
krad,Gitter
kran,Hahn
kret,Kreide
kriz,Krise
kron,Krone
kugl,Kugel
kupr,Kupfer
lift,Aufzug
list,Liste
mast,Mast
nadl,Nadel
nerv,Nerv
oliv,Olive
park,Park
pasi,Leidenschaft
pask,Ostern
pelt,Pelz
plet,Tablett
poem,Gedicht
proz,Prosa
pulm,Lunge
pulv,Schießpulver
rang,Rang
revu,Fachzeitschrift
ritm,Rhythmus
seks,Geschlecht
sens,Sinn
silk,Seide
simi,Affe
sojl,Schwelle
stil,Stil
stri,Streifen
ŝel,Schale
tend,Zelt
verb,Verb
verg,Rute
vert,Scheitel
vidv,Witwer
virt,Tugend
vual,Schleier
vulp,Fuchs
afiŝ,Plakat
album,Album
almoz,Almosen
arane,Spinne
asoci,Verein
avenu,Allee
aviad/il##,aviad/il##
barel,Fass
bazar,Markt
betul,Birke
brems,Bremse
butik,Laden
detal,Detail
diabl,Teufel
emoci,Rührung
enigm,Rätsel
esenc,Wesen
faŭk,Maul
fizik,Physik
framb,Himbeere
grajn,Korn
ĥemi,Chemie
ideal,Ideal
juvel,Schmuckstück
katen,Fessel
kitel,Kittel
kruĉ,Krug
krust,Kruste
kubut,Ellbogen
kukol,Kuckuck
kverk,Eiche
lamen,Schicht
marĉ,Sumpf
metod,Methode
model,Modell
motor,Motor
nivel,Niveau
palac,Palast
panj,Mama
penik,Pinsel
pioĉ,Hacke
plumb,Blei
poezi,Poesie
salon,Salon
saŭc,Soße
sitel,Eimer
sklav,Sklave
sport,Sport
stamp,Stempel
stang,Stange
stump,Stumpf
ŝtal,Stahl
ŝtof,Stoff
teatr,Theater
teori,Theorie
teren,Boden
trajn,Zug
trajt,Merkmal
trunk,Stamm
venen,Gift
veŝt,Weste
abomen,Abscheu
anĝel,Engel
animal,Tier
apetit,Appetit
apotek,Apotheke
benzin,Benzin
bicikl,Radfahrer
bombon,Bonbon
cement,Zement
ĉeriz,Kirsche
desert,Nachtisch
fabrik,Fabrik
financ,finanz-
funebr,Trauer
funkci,Funktion
garaĝ,Garage
imperi,Reich
impost,Steuer
impres,Eindruck
kalkan,Ferse
kalson,Unterhose
kamion,Lkw
kandel,Kerze
kanzon,Lied
kastel,Burg
klient,Kunde
kol/um##,kol/um##
kurten,Vorhang
mandat,Mandat
mister,Geheimnis
moskit,Mücke
muskol,Muskel
ombrel,Schirm
paĉj,Papa
parfum,Duft
patron,Gönner
petrol,Öl
posten,Posten
pozici,Position
proces,Klage
profit,Gewinn
proviz,Vorrat
pulvor,Puder
recept,Rezept
rekord,Aufzeichnung
rezerv,Reserve
signal,Signal
sistem,System
surfac,Oberfläche
ŝofor,Fahrer
tajlor,Schneider
trezor,Schatz
trikot,Strickware
vakcin,Impfstoff
advokat,Anwalt
alkohol,Alkohol
ampleks,Umfang
broŝur,Broschüre
bulvard,Boulevard
deficit,Defizit
ekonomi,Wirtschaft
elefant,Elefant
ĵurnal,Zeitung
kabinet,Kabinett
kapital,Kapital
koncert,Konzert
krepusk,Dämmerung
kvartal,Bezirk
miliard,Milliarde
pejzaĝ,Landschaft
problem,Problem
profesi,Beruf
simpati,Sympathie
student,Student
ŝraŭb,Schraube
tempest,Sturm
traktor,Traktor
tri/angul##,tri/angul##
trotuar,Gehweg
adjektiv,Adjektiv
dekoraci,Dekor
ekvilibr,Gleichgewicht
esperant,Hoffnung
hospital,Krankenhaus
intelekt,Intellekt
kalendar,Kalender
kilometr,Kilometer
komision,Ausschuss
meĥanik,Mechanik
milimetr,Millimeter
original,Original
pretekst,Vorwand
struktur,Struktur
telegram,Telegramm
tribunal,Gericht
bibliotek,Bibliothek
fundament,Grundlage
inĝenier,Ingenieur
konferenc,Konferenz
konscienc,Gewissen
literatur,Literatur
meĥanism,Mechanismus
rekompenc,Belohnung
respublik,Republik
sekretari,Sekretär
apartament,Wohnung
aŭtomobil,Auto
aŭtoritat,Autorität
instrument,Instrument
medikament,Arznei
temperatur,Temperatur
cirkonstanc,Umstand
eksperiment,Experiment
mal/varm/um##,mal/varm/um##
ajl,Knoblauch
akn,Akne
aks,Achse
akt,Urkunde
ale,Allee
alg,Alge
apr,Wildschwein
azi,Asien
bal,Ball
bet,Rübe
buk,Schnalle
cep,Zwiebel
cir,Wachs
dot,Mitgift
eĥ,Echo
fab,Bohne
fac,Fläche
fag,Buche
fig,Feige
gal,Galle
gru,Kranich
gum,Gummi
hal,Halle
jug,Joch
kal,Schwiele
kaz,Fall
kub,Würfel
lad,Blech
lak,Lack
lap,Klette
lin,Flachs
lot,Los
luk,Luke
mas,Masse
mat,Matt
nuk,Nacken
pap,Papst
pav,Pfau
pig,Elster
pus,Eiter
ran,Frosch
ren,Niere
rib,Johannisbeere
rim,Reim
rol,Rolle
ros,Tau
sag,Pfeil
sin,Schoß
ski,Ski
sof,Sofa
tig,Stängel
tuf,Büschel
tun,Tonne
vip,Peitsche
akci,Aktie
atom,Atom
aven,Hafer
bant,Schleife
bark,Kahn
bask,Saum
bend,Band
blok,Block
bors,Börse
bovl,Schüssel
brid,Zaum
brut,Vieh
bukl,Locke
bulb,Zwiebel
bulk,Brötchen
cerv,Hirsch
cign,Schwan
ĉel,Zelle
dand,Dandy
diet,Diät
dorn,Dorn
etap,Etappe
etat,Bericht
feĉ,Bodensatz
felt,Filz
frak,Frack
fraz,Satz
fung,Pilz
garb,Bündel
gent,Volk
glav,Schwert
gobi,Gründling
gram,Gramm
greg,Herde
grip,Grippe
grot,Grotte
gudr,Teer
ĝib,Buckel
heĝ,Hecke
himn,Hymne
ĥor,Chor
kaĉ,Brei
kaĝ,Käfig
kaka,Kakao
kakt,Kaktus
karn,Fleisch
karp,Karpfen
kejl,Dübel
kern,Kern
klub,Club
korv,Krähe
kosm,Weltall
kult,Kult
laĉ,Schnürsenkel
lard,Speck
larv,Larve
lice,Lyzeum
likv,Flüssigkeit
lili,Lilie
maiz,Mais
malv,Malve
mens,Geist
menu,Menü
miel,Honig
musk,Moos
muze,Museum
nuks,Nuss
oper,Oper
oval,Oval
palm,Palme
palt,Mantel
pane,Panne
perl,Perle
pian,Klavier
pice,Fichte
pipr,Pfeffer
plag,Plage
prun,Pflaume
pudr,Puder
punt,Spitze
raci,Vernunft
rent,Einnahmen
ruin,Ruine
rust,Rost
situ,Lage
sled,Schlitten
sorg,Sorghum
spik,Ähre
spur,Spur
stan,Zinn
sulk,Rille
takt,Takt
tali,Taille
tigr,Tiger
tort,Torte
tram,Straßenbahn
trup,Truppe
vaks,Wachs
vejn,Ader
vesp,Wespe
vind,Windel
zink,Zink
afrik,Afrika
agent,Agent
akord,Einklang
akrid,Heuschrecke
aktor,Schauspieler
alarm,Alarm
ampol,Ampulle
angil,Aal
anser,Gans
artik,Gelenk
bacil,Bazillus
bambu,Bambus
banan,Banane
brand,Branntwein
bronz,Bronze
buked,Strauß
cigar,Zigarre
cikad,Zikade
cinam,Zimt
cindr,Asche
cirkl,Kreis
civit,Stadtstaat
ĉerk,Sarg
debet,Schuld
diant,Nelke
dogan,Zoll
efekt,Effekt
ekran,Bildschirm
emajl,Emaille
event,Ereignis
fabel,Märchen
fasad,Fassade
fason,Schneiderei
fluid,Flüssigkeit
fotel,Sessel
front,Front
funel,Trichter
ĝerm,Keim
hepat,Leber
horde,Gerste
infer,Hölle
ironi,Ironie
kaban,Hütte
kahel,Fliese
kajut,Kajüte
kamel,Kamel
kanal,Kanal
kankr,Krebs
karaf,Karaffe
kokos,Kokosnuss
krani,Schädel
krest,Kamm
kukum,Gurke
kupon,Gutschein
kusen,Kissen
latun,Messing
laŭb,Laube
lekci,Vortrag
lesiv,Lauge
limak,Schnecke
logik,Logik
lotus,Lotusblume
melon,Melone
moral,Moral
muzel,Schnauze
nilon,Nylon
ocean,Ozean
palat,Gaumen
palis,Pfahl
papag,Papagei
paser,Spatz
pensi,Rente
peron,Stufen
pilot,Pilot
pland,Sohle
plast,Plastik
porci,Anteil
princ,Prinz
pupil,Pupille
rabat,Rabatt
rafan,Rettich
raŭp,Raupe
resum,Zusammenf.
rimen,Riem
roman,Roman
salat,Salat
salik,Weide
satir,Satire
sciur,Eichhörnchen
sekal,Roggen
sekci,Abteilung
senat,Senat
split,Splitter
spong,Schwamm
stadi,Stadium
statu,Statue
sterk,Dünger
strig,Eule
strut,Strauß
ŝink,Schinken
ŝtip,Block
tapet,Tapete
tarif,Tarif
tegol,Dachziegel
tekst,Text
teras,Terrasse
tomat,Tomate
tuber,Knolle
tunel,Tunnel
velur,Samt
veruk,Warze
vezik,Blase
volum,Band
adverb,Adverb
akcent,Akzent
alaŭd,Lerche
amator,Amateur
amerik,Amerika
arteri,Arterie
asfalt,Asphalt
aŭtor,Autor
barbir,Barbier
buĝet,Budget
bulten,Bulletin
cikatr,Narbe
cikoni,Storch
cirkel,Zirkel
daktil,Dattel
dialog,Dialog
ego/ist##,ego/ist##
eklezi,Kirche
emerit,Rentner
eŭrop,Europa
fajenc,Keramik
fazeol,Bohne
fontan,Brunnen
formik,Ameise
formul,Formel
fripon,Gauner
furaĝ,Futter
galoŝ,Überschuh
gvardi,Garde
ĝemel,Zwilling
hangar,Hangar
haring,Hering
hazard,Zufall
hektar,Hektar
herold,Herold
higien,Hygiene
impuls,Impuls
insign,Abzeichen
intest,Darm
jubile,Jubiläum
karton,Karton
kasked,Schirmmütze
kavern,Höhle
kirurg,Chirurg
klimat,Klima
klinik,Klinik
kolegi,Hochschule
kolomb,Taube
kolumn,Spalte
komedi,Komödie
konsul,Konsul
konval,Maiglöckchen
kornik,Saatkrähe
kostum,Kostüm
kredit,Kredit
kukurb,Kürbis
kunikl,Kaninchen
kurent,Strom
lacert,Eidechse
licenc,Lizenz
maleol,Knöchel
materi,Stoff
mirtel,Heidelbeere
monstr,Monster
oficir,Offizier
orator,Redner
papili,Schmetterling
pendol,Pendel
period,Periode
persik,Pfirsich
pionir,Pionier
planed,Planet
platan,Platane
plural,Mehrzahl
profet,Prophet
prolet,Proletarier
pronom,Pronomen
reakci,Reaktionär
reĝim,Regime
rivolu,Revolution
ruband,Band
skorpi,Skorpion
spinac,Spinat
stamen,Staubblatt
statur,Größe
surtut,Mantel
ŝakal,Schakal
ŝaŭm,Schaum
teknik,Technik
testud,Schildkröte
torent,Sturzbach
trafik,Verkehr
tumult,Tumult
turism,Tourismus
turist,Tourist
vertic,Spitze
viktim,Opfer
violon,Violine
vulkan,Vulkan
vultur,Geier
abrikot,Aprikose
akademi,Akademie
alfabet,Alphabet
alumini,Aluminium
ambasad,Botschaft
anekdot,Anekdote
apertur,Öffnung
apostol,Apostel
asemble,Versammlung
bagatel,Kleinigkeit
bakteri,Bakterium
bandaĝ,Verband
bifstek,Steak
budĝet,Budget
burĝon,Knospe
central,Zentrale
cirkvit,Schaltkreis
ĉar/um##,ĉar/um##
dimensi,Dimension
ekvator,Äquator
element,Element
epidemi,Epidemie
fantazi,Fantasie
fenomen,Phänomen
gelaten,Gelatine
general,General
girland,Kranz
harmoni,Harmonie
instanc,Instanz
invalid,Invalid
kaldron,Kessel
kaŝtan,Kastanie
katalog,Katalog
kirurgi,Chirurgie
kolonel,Oberst
komisar,Kommissar
kompani,Firma
koncept,Begriff
konkord,Einklang
konkurs,Wettbewerb
koridor,Flur
kristal,Kristall
lantern,Laterne
latitud,Breitengrad
medicin,Medizin
mineral,Mineral
minimum,Minimum
ministr,Minister
obstakl,Hindernis
orkestr,Orchester
pacifik,Pazifik
palpebr,Lid
pantofl,Pantoffel
paradiz,Paradies
paralel,Parallelle
plastik,Plastik
portret,Porträt
princip,Prinzip
program,Programm
projekt,Entwurf
proverb,Sprichwort
provinc,Provinz
rendevu,Treffen
sin/ten##,sin/ten##
situaci,Lage
stadion,Stadion
subjekt,Thema
teĥnik,Technik
tendenc,Tendenz
tinktur,Farbe
tradici,Tradition
tragedi,Tragödie
traktat,Vertrag
trumpet,Trompete
uniform,Uniform
vegetal,Pflanze
viadukt,Viadukt
volumen,Volumen
zoologi,Zoologie
atlantik,Atlantik
avantaĝ,Vorteil
bracelet,Armband
cirkuler,Rundschreiben
dokument,Dokument
federaci,Bund
generaci,Generation
geografi,Geografie
gramatik,Grammatik
ĝendarm,Gendarm
horizont,Horizont
individu,Individuum
kandidat,Kandidat
karnaval,Karneval
kategori,Kategorie
komun/um##,komun/um##
krokodil,Krokodil
longitud,Längengrad
maksimum,Maximum
marmelad,Marmelade
monument,Denkmal
paraŝut,Fallschirm
pasaĝer,Passagier
pland/um##,pland/um##
porcelan,Porzellan
procent,Prozent
profesor,Professor
radiator,Heizkörper
regiment,Regiment
rekt/angul##,rekt/angul##
sandviĉ,Sandwich
sindikat,Gewerkschaft
singular,Einzahl
specimen,Probe
spektakl,Spektakel
substanc,Substanz
teritori,Gebiet
vertikal,senkrecht
ambasador,Botschafter
aŭstrali,Australien
centimetr,Zentimeter
ekspozici,Ausstellung
inspektor,Prüfer
kalkan/um##,kalkan/um##
konfidenc,Vertrauen
lokomotiv,Lokomotive
matematik,Mathematik
metalurgi,Metallurgie
ministeri,Ministerium
najtingal,Nachtigall
ortografi,Rechtschreibung
parlament,Parlament
proletari,Proletarier
propozici,Satz
psikologi,Psychologie
suplement,Ergänzung
termometr,Thermometer
elektronik,Elektronik
helikopter,Hubschrauber
horizontal,waagerecht
komplement,Ergänzung
konsekvenc,Folge
konstituci,Verfassung
laboratori,Laboratorium
leŭtenant,Leutnant
mediterane,Mittelmeer
substantiv,Substantiv
universitat,Uni
s-ro##,s-ro##
s-ino##,s-ino##
sinjor/in##,sinjor/in##
alk,Elch
aln,Erle
ann,Anna
bed,Beet
boa,Boa
buf,Kröte
cim,Bug
col,Zoll
dam,Dame
dig,Damm
duk,Herzog
fav,Grindflechte
fok,Robbe
fut,Fuß
gad,Dorsch
gam,Tonleiter
gri,Grütze
guf,Uhu
huz,Hausen
kan,Rohr
ken,Harzholz
ker,Herz
kil,Kiel
kuf,Haube
kul,Mücke
kup,Schröpfglas
laf,Lava
lir,Lyra
lod,Lot
lol,Lolch
mac,Matze
mel,Dachs
mes,Messe
mev,Möwe
muf,Muff
muk,Schleim
mul,Maultier
nap,Rübe
peg,Specht
pol,Pole
pul,Floh
rap,Rübe
rif,Riff
rod,Ankerplatz
rot,Trupp
rub,Schutt
rum,Rum
rus,Russe
seb,Fett
sel,Sattel
tez,These
tul,Tüll
ulm,Ulme
uln,Elle
unc,Unze
urn,Urne
vil,Zotte
abat,Abt
acer,Ahorn
akar,Milbe
alte,Eibisch
alun,Alaun
amel,Stärke
anas,Ente
angl,Engländer
aniz,Anis
ankr,Anker
arĉ,Bogen
arde,Reiher
aren,Arena
atut,Trumpf
avel,Haselnuss
aviz,Hinweis
azot,Stickstoff
bast,Bast
bert,Berta
blat,Kakerlake
bram,Brasse
bran,Kleie
burd,Hummel
cedr,Zeder
citr,Zither
ĉam,Gämse
ĉan,Abzug
dogm,Dogma
drak,Drache
drog,Droge
ebon,Ebenholz
eter,Äther
fabl,Fabel
falk,Falke
fibr,Faser
flan,Torte
flok,Flock
flut,Flöte
fraj,Laich
ftiz,Tuberkulose
gajl,Gallapfel
gips,Gips
glan,Eichel
glim,Glimmer
graf,Graf
gril,Grille
gros,Stachelbeere
gurd,Drehorgel
ibis,Ibis
idol,Idol
kalk,Kalkstein
kand,Kandis
kard,Distel
karo,Karo
kask,Helm
kaze,Quark
kegl,Kegel
klap,Klappe
klav,Taste
kluz,Schleuse
kojn,Keil
koks,Hüfte
konk,Schale
kren,Meerrettich
krep,Krepp
krop,Kropf
krup,Krupp
lake,Diener
laks,Durchfall
legi,Legion
lent,Linse
lepr,Lepra
lian,Liane
lien,Milz
link,Luchs
liut,Laute
lojt,Quappe
lorn,Fernglas
lumb,Lende
lutr,Otter
magi,Magie
mana,Manna
mari,Maria
mask,Maske
maŝ,Masche
meĉ,Docht
mejl,Meile
ment,Minze
merl,Amsel
mesi,Messias
mili,Hirse
mirh,Myrrhe
mirt,Myrte
misi,Mission
mops,Mops
most,Traubensaft
niĉ,Nische
omar,Hummer
opal,Opal
ostr,Auster
paru,Meise
peĉ,Pech
pelv,Becken
perk,Barsch
pest,Pest
petr,Peter
pini,Kiefer
pips,Pipkrankheit
plik,Zopf
plot,Plötze
popl,Pappel
pram,Fähre
sakr,Fluch
salm,Lachs
sepi,Sepia
sofi,Sofia
sorp,Eberesche
spat,Spat
spin,Wirbelsäule
stab,Stab
step,Steppe
stip,Stängel
stof,Stoff
stup,Schleppseil
ŝak,Schach
ŝal,Schal
ŝam,Sämischleder
taft,Taft
talp,Maulwurf
tetr,Birkhuhn
tibi,Schienbein
tili,Linde
tine,Motte
torf,Torf
trab,Balken
tref,Kleeblatt
tril,Triller
trip,Kutteln
trog,Trog
tron,Thron
truf,Trüffel
trul,Kelle
trut,Forelle
turd,Drossel
turk,Türke
turt,Turteltaube
uter,Gebärmutter
ŭat,Watt
vafl,Waffel
vals,Walzer
vekt,Waagebalken
zebr,Zebra
altar,Altar
ambos,Amboss
anton,Anton
ardez,Schiefer
argil,Ton
aspid,Asp
balen,Wal
barĉ,Borschtsch
boben,Spule
brank,Kieme
bubal,Büffel
bufed,Buffet
cejan,Kornblume
dativ,Dativ
datur,Stechapfel
demon,Dämon
denar,Denar
deviz,Motto
domen,Domino
embri,Embryo
emili,Emilia
ermen,Hermelin
ermit,Einsiedler
facet,Facette
fazan,Fasan
femur,Oberschenkel
filik,Farn
flegm,gelassen
fokus,Fokus
franc,Franzose
frank,Franc
fring,Fink
galon,Borte
gazel,Gazelle
genot,Ginsterkatze
georg,Georg
gitar,Gitarre
gland,Drüse
groŝ,Groschen
hebre,Hebräer
heder,Efeu
herez,Häresie
herni,Hernie
hirud,Blutegel
hosti,Hostie
husar,Husar
ĥaos,Chaos
idili,Idylle
johan,Johann
jozef,Josef
kalik,Kelch
kambi,Wechsel
kamer,Kammer
kanab,Hanf
kanap,Sofa
kapel,Kapelle
kapon,Kapaun
kapor,Kapernstrauch
kapot,Haube
karas,Karausche
karob,Johannisbrotbaum
katun,Baumwolle
kerub,Cherub
kiras,Panzer
klaft,Faden
kloŝ,Glocke
koaks,Koks
koleg,Kollege
kolon,Säule
komiz,Angestellter
komod,Kommode
konus,Kegel
kopek,Kopeke
koran,Koran
kramp,Klammer
kring,Kringel
krisp,Rüsche
krist,Christus
kupol,Kuppel
kvarc,Quarz
kvart,Quart
lanug,Flaum
laŭr,Lorbeerbaum
libel,Libelle
liken,Flechte
livre,Uniform
loĝi,Loge
lupol,Hopfen
lustr,Lüster
luter,Luther
medal,Medaille
meriz,Wildkirsche
moned,Dohle
morus,Maulbeere
moŝt,Ehrentitel
negoc,Handel
nobel,Adel
novic,Novize
nuanc,Nuance
oblat,Oblate
okzal,Ampfer
orden,Orden
orgen,Orgel
paĝi,Page
papav,Mohn
pariz,Paris
paŭl,Paul
pavim,Pflaster
pedik,Laus
perĉ,Flussbarsch
piked,Wache
pilol,Pille
pirit,Pyrit
pirol,Gimpel
piroz,Sodbrennen
piŝt,Kolben
pluŝ,Plüsch
poent,Punkt
pokal,Pokal
polus,Pol
potas,Pottasche
prujn,Reif
pudel,Pudel
pumik,Bimsstein
punĉ,Punsch
putor,Iltis
raben,Rabbi
rapir,Degen
regol,Wintergoldhähnchen
rezin,Harz
rostr,Rüssel
ruben,Rubin
safir,Saphir
salvi,Salbei
sigel,Siegel
silab,Silbe
silik,Feuerstein
silur,Wels
silvi,Grasmücke
sirop,Sirup
skabi,Krätze
skadr,Staffel
skarp,Schal
skvam,Schuppe
sorik,Spitzmaus
spion,Spion
spron,Sporn
stabl,Werkbank
sturg,Stör
sturn,Star
ŝalm,Schalmei
ŝark,Hai
ŝelk,Hosenträger
ŝild,Schild
ŝind,Schindel
ŝlim,Schlamm
taban,Bremse
tavol,Schicht
tempi,Schläfe
tetan,Tetanus
tetra,Haselhuhn
timon,Deichsel
topaz,Topas
torĉ,Fackel
tromb,Wasserhose
tulip,Tulpe
ulcer,Geschwür
urtik,Brennnessel
vanil,Vanille
vasal,Vasall
velen,Pergament
verst,Werst
vezir,Wesir
vipur,Viper
vokal,Vokal
zenit,Zenit
zibel,Zobel
zizel,Ziesel
absces,Abszess
absint,Wermut
alcion,Eisvogel
amfibi,amphibisch
ananas,Ananas
artrit,Arthritis
atripl,Melde
berlin,Berlin
bismut,Wismut
boraks,Borax
buljon,Brühe
bulonj,Boulogne
buŝel,Scheffel
centim,Centime
cikori,Chicorée
cimbal,Becken
cinabr,Zinnober
cipres,Zypresse
ĉarpi,Linteinlage
damask,Damast
delfen,Delfin
didelf,Beuteltier
embusk,Hinterhalt
epolet,Epaulette
erinac,Igel
ernest,Ernest
eskadr,Flotte
faktur,Rechnung
falbal,Rüsche
fantom,Geist
faring,Rachen
fenkol,Fenchel
ferdek,Deck
fistul,Fistel
flanel,Flanell
fosfor,Phosphor
franĝ,Franse
furunk,Furunkel
fusten,Fustian
galeri,Galerie
gamaŝ,Gamasche
german,Deutscher
granat,Granatapfel
granit,Granit
grenad,Granate
grifel,Stift
ĝiraf,Giraffe
haladz,Gestank
hamstr,hamstern
hispan,Spanier
ĥimer,Chimäre
ĥoler,Cholera
ingven,Leiste
izrael,Israel
jasmen,Jasmin
kaleŝ,Kutsche
kalvin,Calvin
kamfor,Kampfer
kamlot,Kamelot
kanajl,Schurke
kanari,Kanarienvogel
kantor,Kantor
kanvas,Leinwand
kapsul,Kapsel
kapuĉ,Kapuze
kardel,Stieglitz
karmin,Karmesin
karpen,Hainbuche
kastor,Biber
kaviar,Kaviar
kobalt,Kobalt
kobold,Kobold
kolbas,Wurst
kolibr,Kolibri
kolimb,Seetaucher
kolubr,Natter
komuni,Kommunion
kontor,Büro
kontur,Umriss
kornic,Gesims
korpus,Korps
koturn,Wachtel
kraken,Keks
kratag,Weißdorn
krater,Krater
kronik,Chronik
kurier,Bote
lampir,Glühwürmchen
laring,Kehlkopf
lavang,Lawine
legend,Legende
lekant,Margerite
lentug,Sommersprosse
levkoj,Levkoje
likvor,Likör
litani,Litanei
london,London
magnet,Magnet
makzel,Kiefer
mangan,Mangan
markot,Absenker
marmor,Marmor
marmot,Murmeltier
mastik,Kitt
migdal,Mandel
miogal,Desman
miozot,Vergissmeinnicht
monaĥ,Mönch
morbil,Masern
morter,Mörtel
muskat,Muskatnuss
muslin,Musselin
mustel,Marder
nanken,Nankinbaumwolle
narcis,Narzisse
nikola,Nikolaus
notari,Notar
orakol,Orakel
paletr,Palette
panter,Panther
parget,Parkett
paroĥ,Pfarrei
parter,Parterre
pastel,Pastille
patent,Patent
patrol,Patrouille
pfenig,Pfennig
pistak,Pistazie
pistol,Pistole
plastr,Pflaster
platen,Platin
ponard,Dolch
porfir,Porphyr
porter,Porterbier
primol,Primel
prunel,Schlehe
purpur,Purpur
rekrut,Rekrut
rempar,Bollwerk
risort,Feder
rosmar,Walross
rozari,Rosenkranz
rubrik,Rubrik
safran,Safran
sambuk,Holunder
sankci,Sanktion
sardel,Sardelle
sceptr,Zepter
selakt,Molke
servic,Geschirrset
servut,Leibeigenschaft
siring,Flieder
skapol,Schulterblatt
skarab,Käfer
skolop,Schnepfe
skurĝ,Peitsche
sofism,Trugschluss
sopran,Sopran
spalir,Spalier
stefan,Stefan
sufiks,Suffix
sukcen,Bernstein
sulfur,Schwefel
talent,Talent
tambur,Trommel
tenden,Sehne
teodor,Theodor
termin,Begriff
testik,Hoden
timian,Thymian
tombak,Tombak
traĥe,Luftröhre
tremol,Espebaum
tribun,Tribüne
tropik,Tropen
turban,Turban
turkis,Türkis
turnir,Turnier
urogal,Auerhuhn
variol,Pocken
viburn,Schneeball
vikari,Vikar
vinagr,Essig
vizier,Schirm
volupt,sinnlich
ablativ,Ablativ
antimon,Antimon
arleken,Narr。
arsenik,Arsenik
artifik,Trick
asparag,Spargel
bajonet,Bajonett
bastion,Bastion
beladon,Tollkirsche
biskvit,Keks
ĉampan,Champagner
ĉarnir,Scharnier
diamant,Diamant
episkop,Bischof
eŝafod,Schafott
fraksen,Esche
frangol,Faulbaum
fringel,Zeisig
genitiv,Genitiv
henriet,Henriette
hidrarg,Quecksilber
hiskiam,Bilsenkraut
histrik,Stachelschwein
jugland,Walnuss
juniper,Wacholder
kalikot,Kattun
kamizol,Weste
kamomil,Kamille
kapitan,Kapitän
kapitel,Kapitell
kapreol,Reh
kapucen,Kapuziner
karaben,Karabiner
kartoĉ,Patrone
karusel,Karussell
kavalir,Ritter
klarnet,Klarinette
klister,Klistier
kokluŝ,Keuchhusten
kolofon,Kolophonium
kompres,Kompressen
kurator,Betreuer
kvitanc,Quittung
leontod,Löwenzahn
leopard,Leopard
limonad,Limonade
lonicer,Geißblatt
ludovik,Ludwig
lunatik,Wahnsinniger
maroken,Marokko-Leder
marŝal,Marschall
meleagr,Truthahn
membran,Membran
miĥael,Michael
monarĥ,Monarch
mustard,Senf
negliĝ,Negligé
nikodem,Nikodemus
novjork,New York
oksigen,Sauerstoff
oksikok,Preiselbeere
parazit,Parasit
pasteĉ,Pastete
pelikan,Pelikan
perdrik,Rebhuhn
poligon,Polygon
prefiks,Präfix
redakci,Redaktion
rinocer,Nashorn
salpetr,Salpeter
sentenc,Spruch
skarlat,Scharlachrot
skorbut,Skorbut
skrofol,Skrofulose
smerald,Smaragd
sterled,Sterlett
stertor,Röcheln
ŝiller,Schiller
umbilik,Nabel
univers,Universum
varsovi,Warschau
verdigr,Grünspan
vertebr,Wirbel
vespert,Fledermaus
vestibl,Vorraum
vilhelm,Wilhelm
virtuoz,Virtuose
vitriol,Vitriol
zingibr,Ingwer
akcipitr,Habicht
akuzativ,Akkusativ
argument,Argument
arĥaism,Archaismus
artiŝok,Artischocke
baldaken,Baldachin
briliant,Edelstein
diplomat,Diplomat
distrikt,Bezirk
elizabet,Elisabeth
fragment,Fragment
framason,Freimaurer
frugileg,Saatkrähe
hidrogen,Wasserstoff
hortulan,Ortolan
institut,Institut
kantarid,Soldatenkäfer
kariofil,Nelke
kartilag,Knorpel
katarakt,Grauer Star
koĉenil,Kokzidenschildlaus
kokcinel,Marienkäfer
konvulsi,Krämpfe
leksikon,Lexikon
marcipan,Marzipan
medalion,Medaille
monarĥi,Monarchie
obstrukc,Hemmnis
paradoks,Paradoxon
parentez,Klammer
particip,Partizip
pasament,Borte
pastinak,Pastinake
pergamen,Pergament
peritone,Peritoneum
perlamot,Perlmutt
petromiz,Neunauge
petrosel,Petersilie
ranunkol,Hahnenfuß
redaktor,Redakteur
rezultat,Ergebnis
rosmaren,Rosmarin
serĝent,Feldwebel
sublimat,Sublimat
taĉment,Trupp
terebint,Terpentin
tornistr,Rucksack
zamenhof,Zamenhof
aleksandr,Alexander
anunciaci,Verkündigung
balustrad,Geländer
ĉambelan,Kammerherr
ĉarlatan,Betrüger
deklinaci,Deklination
diplomati,Diplomatie
ekscelenc,Exzellenz
ekzempler,Exemplar
entuziasm,Begeisterung
fortepian,Flügel
galanteri,Toilettenartikel
iĥtiokol,Hausenblase
instituci,Anstalt
instrukci,Anweisung
kancelari,Kanzlei
kancelier,Kanzler
kataplasm,Pflaster
kondolenc,Beileid
konjugaci,Konjugation
konjunkci,Konjunktion
konsonant,Konsonant
korporaci,Körperschaft
kvaranten,Quarantäne
nominativ,Nominativ
pentekost,Pfingsten
piedestal,Sockel
prepozici,Präposition
privilegi,Privileg
promontor,Kap
salamandr,Salamander
testament,Testament
vermiĉel,Vermicelli
interjekci,Interjektion
superstiĉ,Aberglaube
vaŝington,Washington
violonĉel,Cello
arĥitektur,Architektur
interpunkci,Interpunktion
jork,York
parok,Pfarrei
navig,Navigation
kaos,Chaos
kimer,Chimäre
korus,Chor
monak,Mönch
iktiokol,Fischleim
ald,Altstimme
alo,Aloe
api,Sellerie
ari,Arie
bas,Bass
car,Zar
dog,Mastiff
dok,Dock
doz,Dosis
ego,Ego
elf,Elf
etn,Ethnie
faz,Phase
fon,Hintergrund
fuk,Treibgut
gaz,Gas
gem,Edelstein
hum,Humus
jod,Jod
jud,Jude
kep,Käppi
lat,Latte
lob,Lappen
mim,Mime
mit,Mythos
muz,Muse
nas,Reusefalle
nav,Schiff
niz,Sperber
oaz,Oase
opi,Opium
puf,Puff
raj,Rochen
ras,Rasse
ref,Reff
rit,Ritual
rut,Raute
sod,Soda
tif,Typhus
tog,Toga
viz,Visum
agat,Achat
aĝi,Agio
alen,Ahle
ambr,Ambra
amor,Amor
aort,Aorta
arom,Duft
astm,Asthma
astr,Himmelskörper
azil,Asyl
bard,Barde
bomb,Bombe
bosk,Hain
brom,Brom
bust,Büste
cend,Cent
cidr,Apfelwein
cirk,Zirkus
dali,Dahlie
dign,Würde
duel,Duell
duet,Duett
ebur,Elfenbein
eden,Eden
egid,Schild
erik,Heide
etik,Ethik
etim,Wortursprung
fars,Farce
fili,Zweig
fisk,Staatskasse
furi,Furie
gnom,Gnom
grog,Grog
gruz,Kieselerde
ĝin,Gin
hidr,Hydra
hien,Hyäne
irid,Iris
iris,Iris
istm,Isthmus
jesu,Jesus
junk,Binsen
kabl,Kabel
kali,Kalium
kame,Kamee
kast,Kaste
klor,Chlor
kofr,Koffer
kolz,Raps
kont,Konto
krab,Krabbe
kres,Kresse
kupe,Abteil
laik,Laie
lama,Lama
lanc,Speer
lens,Linse
lord,Lord
malt,Malz
mani,Sucht
medi,Umwelt
milv,Milan
mitr,Mitra
moru,Dorsch
mosk,Moschus
mumi,Mumie
naft,Rohöl
negr,Neger
nimb,Nimbus
norm,Norm
obol,Obolus
ogiv,Ogee
orgi,Orgie
ozon,Ozon
penc,Penny
pleb,Pöbel
podi,Podium
polk,Polka
pomp,Prunk
pore,Lauch
rabi,Tollwut
rism,Ries
romb,Raute
rubl,Rubel
sabr,Säbel
sagu,Sago
sald,Saldo
salv,Salve
sekt,Sekte
sfer,Kugel
skem,Schema
skol,Schule
slip,Zettel
sokl,Sockel
sold,Sold
sole,Seezunge
spad,Degen
ŝah,Schah
talk,Talkum
teni,Bandwurm
tiar,Krone
tink,Schleie
tors,Rumpf
tost,Trinkspruch
trop,Tropus
turb,Kreisel
ukaz,Erlass
ulan,Ulan
uzur,Wucher
verv,Schwung
vink,Immergrün
visk,Mistel
vist,Whist
vizi,Vision
zuav,Zuave
abism,Abgrund
adept,Anhänger
afiks,Affix
afust,Lafette
agraf,Klammer
akaci,Akazie
akciz,Verbrauchssteuer
aksel,Achselhöhle
albin,Albino
alibi,Alibi
aline,Absatz
alkov,Nische
amfor,Amphore
angin,Angina
angor,Angst
anten,Antenne
apati,Apathie
apoge,Apogäum
arkad,Arkade
arkiv,Archiv
arnik,Arnika
atlas,Atlas
atlet,Athlet
aviad,Flug
balad,Ballade
balet,Ballett
barak,Baracke
baron,Baron
basen,Becken
beril,Beryll
bibli,Bibel
bigot,Fanatiker
biret,Barett
bitum,Bitumen
bivak,Lager
breĉ,Bruch
broĉ,Brosche
bronk,Bronchie
cigan,Zigeuner
cikut,Wasserschierling
ĉifr,Code
debat,Debatte
dekan,Dekan
dilem,Dilemma
diluv,Sintflut
divan,Sofa
dolar,Dollar
drakm,Drachme
dukat,Dukat
edikt,Erlass
eklog,Ekloge
ekzem,Ekzem
elegi,Klagelied
elips,Ellipse
elizi,Elision
emfaz,Betonung
epope,Epos
fagot,Fagott
fakir,Fakir
fatal,Schicksal
feŭd,Lehen
fiakr,Droschke
fiask,Misserfolg
final,Finale
fjord,Fjord
forum,Forum
fresk,Fresko
furor,Renner
galer,Galeere
galop,Galopp
garol,Eichelhäher
goril,Gorilla
hamak,Hängematte
harem,Harem
harpi,Harpyie
helic,Propeller
helik,Schnecke
hisop,Ysop
hoboj,Oboe
humer,Oberarmknochen
idiom,Idiom
idiot,Idiot
ileks,Stechpalme
iluzi,Illusion
indiga,Indigo
jalap,Jalape
jud/ism##,jud/ism##
kabal,Kabbala
kadet,Kadett
kalif,Kalif
kanon,Kanone
karat,Karat
kazin,Kasino
kinin,Chinin
kirŝ,Kirsch
kloak,Kloake
kobaj,Meerschweinchen
kokon,Kokon
kolik,Kolik
kolos,Koloss
komet,Komet
koral,Koralle
korne,Hornhaut
korol,Blütenkrone
kozak,Kosak
krabr,Hornisse
kreol,Kreolisch
kript,Krypta
kulis,Kulisse
kumin,Kümmel
kvast,Quaste
kvint,Quinte
lagun,Lagune
lapis,Höllenstein
larik,Lärche
later,Seite
lazur,Azurblau
legat,Legat
lirik,Lyrik
madon,Madonna
major,Major
mamut,Mammut
medol,Mark
meduz,Qualle
melas,Melasse
melis,Melisse
miasm,Miasma
mimoz,Mimose
mitul,Muschel
moske,Moschee
motiv,Motiv
natri,Natrium
nikel,Nickel
nimfe,Seerose
noktu,Kauzeneule
nomad,Nomade
novel,Novelle
nunci,Nuntius
oksid,Oxid
oktav,Oktave
oniks,Onyx
optik,Optik
orbit,Umlaufbahn
oriol,Pirol
ovaci,Beifall
pagod,Pagode
panel,Tafel
panik,Panik
paraf,Paraphe
patos,Pathos
pedal,Pedal
pedel,Pedell
peoni,Pfingstrose
peruk,Perücke
pigme,Pygmäe
pirat,Pirat
pivot,Drehpunkt
polip,Polyp
polis,Police
pomad,Pomade
prior,Prior
prism,Prisma
psalm,Psalm
raket,Rakete
rebus,Rätsel
retin,Netzhaut
retor,Rhetoriker
rezed,Reseda
ricin,Rizinus
rokok,Rokoko
rubus,Brombeere
rutin,Routine
saliv,Speichel
satan,Satan
saten,Satin
seraf,Seraph
sifon,Siphon
sinap,Senf
sinod,Synode
siren,Sirene
skalp,Kopfhaut
skerc,Scherzo
skism,Spaltung
sonat,Sonate
sonet,Sonett
spasm,Krampf
sperm,Samen
splen,Trübsinn
stopl,Stoppel
strof,Strophe
sutan,Soutane
ŝose,Straße
ŝpat,Spaten
taler,Taler
tanin,Tannin
tarok,Tarot
teism,Theismus
teist,Theist
templ,Tempel
tenor,Tenor
teror,Terror
tindr,Zunder
tiran,Tyrann
tonel,Tonne
trofe,Trophäe
trust,Trust
tunik,Tunika
utopi,Utopie
vanel,Kiebitz
vinkt,Klammer
viper,Viper
viski,Whisky
zefir,Zephyr
advent,Advent
aksiom,Axiom
akvari,Aquarium
algebr,Algebra
alkemi,Alchemie
ambici,Ehrgeiz
amulet,Amulett
anagal,Pimpernell
anarki,Anarchie
anatom,Anatom
anĉov,Sardelle
anemon,Anemone
anilin,Anilin
aplomb,Selbstsicherheit
apolog,Fabel
arbust,Strauch
arĥiv,Archiv
asesor,Gutachter
ateism,Atheismus
ateist,Atheist
aŭkci,Auktion
balast,Ballast
balkon,Balkon
balzam,Balsam
bandit,Räuber
barbar,Barbar
barier,Barriere
bateri,Batterie
batist,Batist
bazalt,Basalt
beletr,Schönlit
bilanc,Bilanz
bilard,Billard
binokl,Fernglas
biolog,Biologe
blazon,Wappen
blokad,Blockade
bordel,Bordell
braman,Brahmane
brigad,Brigade
buduar,Boudoir
burnus,Burnus
celeri,Sellerie
cidoni,Quitte
ciklon,Zyklon
ciklop,Zyklop
dekret,Dekret
depeŝ,Eilnachricht
despot,Despot
diabet,Diabetes
diadem,Diadem
diakon,Diakon
diplom,Diplom
divizi,Division
dragon,Dragoner
eklips,Eklipse
eksces,Überschuss
ekstaz,Ekstase
ekvaci,Gleichung
emblem,Emblem
emulsi,Emulsion
endivi,Endivie
epilog,Epilog
epitet,Beiname
epizod,Episode
erupci,Ausbruch
eskort,Eskorteinheit
estrad,Bühne
etiket,Etikette
eŭnuk,Eunuch
ezofag,Speiseröhre
faktor,Faktor
falang,Phalanx
fanfar,Fanfare
feniks,Phönix
feston,Girlande
fetiĉ,Fetisch
fleksi,Flexion
floren,Florin
format,Format
frakci,Bruch
fregat,Fregatte
galant,Schneeglöckchen
gangli,Ganglion
genist,Ginster
geolog,Geologe
gerani,Geranie
gigant,Riese
glazur,Glasur
glikoz,Glukose
glukoz,Glukose
gondol,Gondel
grafit,Graphit
gulden,Gulden
harpun,Harpune
hetman,Hetman
hipnot,Hypnose
incens,Weihrauch
indeks,Index
inflam,Entzündung
jaguar,Jaguar
jezuit,Jesuit
ĵaket,Jacke
kadavr,Leiche
kadenc,Kadenz
kalibr,Kaliber
kameli,Kamelie
kantat,Kantate
kanton,Kanton
karbon,Kohlenstoff
karcer,Zelle
karier,Beruf
kariol,Karren
katedr,Kathedra
kaŭci,Kaution
kazern,Kaserne
kokard,Kokarde
kolodi,Kollodium
koloni,Kolonie
kompas,Kompass
kondor,Kondor
konjak,Cognac
korife,Chorführer
kornet,Kornett
korsar,Kaperer
korset,Korsett
korvet,Korvette
kotlet,Kotelett
kursiv,kursiv
laktuk,Salat
lavend,Lavendel
loteri,Lotterie
lucern,Kirchenlampe
maksim,Maxime
malari,Malaria
marasm,Auszehrung
markiz,Markgraf
martir,Märtyrer
masaĝ,Massage
mazurk,Mazurka
medium,Medium
melodi,Melodie
mentor,Mentor
merkat,Markt
mespil,Mispel
meteor,Meteor
metrik,Metrik
mikrob,Keim
mirakl,Wunder
miriad,Myriade
molusk,Weichtier
monark,Monarch
morfin,Morphin
mozaik,Mosaik
munici,Munition
nektar,Nektar
orkide,Orchidee
paĉul,Patchouli
parodi,Parodie
pavian,Pavian
pedant,pedantisch
pepsin,Pepsin
petard,Knallkörper
piastr,Piaster
pistil,Stempel
podagr,Gicht
ponton,Pontonschiff
portal,Portal
portik,Portikus
prelat,Prälat
prelud,Vorspiel
premis,Voraussetzung
profan,profan
profil,Profil
prolog,Prolog
puding,Pudding
pupitr,Pult
pustul,Pustel
rabarb,Rhabarber
regent,Regent
rektor,Rektor
relief,Relief
retort,Retorte
romanc,Romanze
rotond,Rotunde
sandal,Sandal
santal,Sandelholz
sarong,Sarong
satrap,Satrap
sektor,Sektor
septet,Septett
serajl,Serail
sevrug,Sternhausen
sfinks,Sphinx
siluet,Umriss
simbol,Symbol
sinkop,Synkope
sintez,Synthese
skelet,Skelett
sofist,Sophist
spektr,Spektrum
spiral,Spirale
sponde,Spondeus
suflor,Souffleur
sultan,Sultan
ŝalup,Boot
ŝankr,Geschwür
ŝarad,Scharade
taksus,Eibe
taktik,Taktik
talmud,Talmud
tamtam,Tamtam
tandem,Tandem
tapiok,Tapioka
teolog,Theologe
teorem,Theorem
terapi,Therapie
tercet,Dreizeiler
termit,Termite
tonsur,Tonsur
torped,Torpedo
trapez,Trapez
tribut,Tribut
triumf,Triumph
turbin,Turbine
unison,Einklang
uragan,Orkan
vampir,Vampir
verand,Veranda
vermut,Wermut
vinjet,Vignette
zigzag,Zickzack
zodiak,Tierkreis
admiral,Admiral
aerolit,Meteorit
aforism,Aphorismus
agronom,Agronom
akrobat,Akrobat
akvarel,Aquarell
alegori,Allegorie
alĥemi,Alchemie
almanak,Almanach
ambrozi,Ambrosia
ametist,Amethyst
amnesti,Amnestie
anagram,Anagramm
analogi,Analogie
anapest,Anapäst
anatomi,Anatomie
angelik,Engelwurz
anomali,Anomalie
antilop,Antilope
antipod,Antipode
antitez,Antithese
apoteoz,Vergöttlichung
apozici,Apposition
arabesk,Arabeske
arkaism,Archaismus
asonanc,Assonanz
atavism,Atavismus
atribut,Eigenschaft
aŭreol,Heiligenschein
bankier,Bankier
barikad,Barrikade
bariton,Bariton
bastard,Bastard
bazilik,Basilika
biograf,Biograf
biologi,Biologie
bisturi,Skalpell
bombast,Prahlerei
botanik,Botanik
celuloz,Zellstoff
ceramik,Keramik
cilindr,Zylinder
cistern,Zisterne
citadel,Festung
ĉevron,Sparren
demagog,Demagoge
diagnoz,Diagnose
dialekt,Dialekt
diametr,Durchmesser
difteri,Diphtherie
diftong,Diphthong
dinamik,Dynamik
dinamit,Dynamit
dinasti,Dynastie
doktrin,Lehre
ekspres,Expresszug
eliksir,Elixier
eminenc,Eminenz
epiderm,Epidermis
epifani,Epiphanie
epigraf,Inschrift
epigram,Epigramm
erudici,Gelehrsamkeit
estetik,Ästhetik
etim/olog##,etim/olog##
etiolog,Ätiologe
evoluci,Evolution
farmaci,Pharmazie
filolog,Philologe
filozof,Philosoph
fonetik,phonetisch
fronton,Giebel
gangren,Gangrän
gardeni,Gardenie
gencian,Enzian
geodezi,Geodäsie
geograf,Geograf
geologi,Geologie
geometr,Geometer
gerundi,Gerundium
gilotin,Guillotine
gimnast,Turner
gimnazi,Gymnasium
guberni,Provinz
hiacint,Hyazinthe
hipotek,Hypothek
hipotez,Hypothese
histeri,Hysterie
homonim,Homonym
ĥirurg,Chirurg
judaism,Judentum
ĵargon,Jargon
kalomel,Kalomel
kanaben,Hänfling
kanibal,Kannibale
kanonik,Kanoniker
kaporal,Korporal
karamel,Karamell
karavan,Karawane
kartuŝ,Kartusche
katolik,katholisch
kazemat,Kasematte
komplot,Verschwörung
koncesi,Konzession
kontakt,Kontakt
korsaĵ,Mieder
kreozot,Kreosot
kriteri,Kriterium
kvadril,Quadrille
kvestor,Quästor
letargi,Lethargie
liturgi,Liturgie
lozanĝ,Raute
lumbrik,Regenwurm
mahagon,Mahagoni
majolik,Majolika
makadam,Makadam
makaron,Makrone
malakit,Malachit
mansard,Dachboden
marĝen,Rand
matador,Matador
mekanik,Mechanik
merlang,Merlan
metafor,Metapher
minaret,Minarett
mirabel,Mirabelle
molekul,Molekül
monarki,Monarchie
monolog,Monolog
monopol,Monopol
nikotin,Nikotin
obelisk,Obelisk
oleandr,Oleander
oligark,Oligarch
omnibus,Omnibus
onobrik,Esparsette
optativ,Wunschform
pacient,Patient
palinur,Languste
pamflet,Pamphlet
panoram,Panorama
papirus,Papyrus
parabol,Parabel
parafin,Paraffin
paskvil,Satire
paŝtel,Pastellstift
patolog,Pathologe
patrici,Patrizier
patriot,Patriot
pedagog,Pädagoge
pelerin,Umhang
pension,Pension
percept,Wahrnehmung
pilastr,Pilaster
piramid,Pyramide
plagiat,Plagiat
plantag,Wegerich
polemik,Streit
prefekt,Präfekt
procesi,Prozession
prognoz,Prognose
prozodi,Prosodie
puritan,Puritaner
retorik,Rhetorik
revizor,Prüfer
samovar,Samowar
sarkasm,Sarkasmus
segment,Segment
sekreci,Sekret
semafor,Signal
serenad,Serenade
sifilis,Syphilis
simetri,Symmetrie
simfoni,Sinfonie
simptom,Symptom
sinagog,Synagoge
sinedri,Sanhedrin
sinonim,Synonym
sintaks,Syntax
skandal,Skandal
skrupul,gewissenhaftigkeit
stearin,Stearin
sugesti,Suggestion
ŝiling,Schilling
taburet,Hocker
tangent,Tangente
teokrat,Theokrat
teologi,Theologie
trombon,Posaune
ultimat,Ultimatum
uvertur,Ouvertüre
variant,Variante
vazelin,Vaseline
verdikt,Urteil
veteran,Veteran
vokativ,Vokativ
abnegaci,Selbstverleugnung
adjutant,Adjutant
aeroplan,Flugzeug
agronomi,Agronomie
akvafort,Radierung
akvilegi,Akelei
alabastr,Alabaster
aligator,Alligator
ambulanc,Krankenwagen
antipati,Abneigung
antologi,Anthologie
apostrof,Apostroph
arbalest,Armbrust
areometr,Dichtemesser
arkeolog,Archäologe
arkitekt,Architekt
artileri,Artillerie
astrolog,Astrologe
astronom,Astronom
atmosfer,Luft
aŭdienc,Audienz
balistik,Ballistik
balzamin,Balsam
banderol,Banderole
barelief,Flachrelief
batalion,Bataillon
bazilisk,Basilisk
biografi,Biografie
ceremoni,Zeremonie
dekadenc,Verfall
delegaci,Delegation
demagogi,Hetze
demokrat,Demokrat
diafragm,Zwerchfell
diagonal,Diagonale
diapazon,Stimmgabel
didaktik,Didaktik
difterit,Diphtherie
diktator,Diktator
disĉipl,Schüler
dispepsi,Verdauungsstörung
ditiramb,Dithyrambus
dromedar,Dromedar
ekstrakt,Extrakt
epilepsi,Epilepsie
erizipel,Erysipel
etimologi##,etimologi##
etiologi,Ätiologie
etnograf,Ethnograf
evangeli,Evangelium
faksimil,Faksimile
fakultat,Fakultät
felieton,Feuilleton
feminism,Feminismus
feminist,Feminist
filologi,Philologie
filozofi,Philosophie
fiziolog,Physiologe
fonograf,Phonograph
galantin,Galantine
garnitur,Garnitur
garnizon,Garnison
genealog,Genealoge
geometri,Geometrie
glicerin,Glycerin
gliciriz,Lakritze
grafolog,Graphologe
gramofon,Grammophon
gutaperk,Guttapercha
halebard,Hellebarde
harmonik,Akkordeon
hegemoni,Vorherrschaft
hekatomb,Hekatombe
hierarki,Hierarchie
hipodrom,Rennbahn
honorari,Honorar
horoskop,Horoskop
hortensi,Hortensie
ĥirurgi,Chirurgie
idiotism,Redewendung
imperial,Oberdeck
indiĝen,Eingeborener
inkognit,inkognito
intervju,Interview
kalendul,Ringelblume
kardinal,Kardinal
katafalk,Katafalk
katakomb,Katakombe
katedral,Kathedrale
katekist,Katechet
kavaleri,Kavallerie
komandit,Kommanditgesellschaft
konfekci,Konfektion
konflikt,Konflikt
kontralt,Altstimme
kontrast,Kontrast
konvenci,Abkommen
kosmetik,Kosmetik
kreditor,Gläubiger
ksilofon,Xylophon
kvocient,Quotient
labirint,Labyrinth
laŭreat,Preisträger
logaritm,Logarithmus
logogrif,Rätsel
makaroni,Makkaroni
mandaren,Mandarin
mandolin,Mandoline
manifest,Manifest
manometr,Manometer
margarin,Margarine
marionet,Puppe
maŭzole,Mausoleum
mekanism,Mechanismus
melodram,Melodram
meridian,Meridian
metronom,Metronom
metropol,Metropole
mikrofon,Mikrofon
miniatur,Miniatur
monogram,Monogramm
monomani,Monomanie
naftalin,Naphthalin
narkotik,Narkotikum
navigaci,Navigation
nekrolog,Nachruf
nepotism,Vetternwirtschaft
nihilism,Nihilismus
nihilist,Nihilist
nostalgi,Nostalgie
numismat,Numismatiker
obligaci,Anleihe
oligarĥ,Oligarch
oligarki,Oligarchie
optimism,Optimismus
optimist,Optimist
organism,Organismus
orografi,Orografie
pacifism,Pazifismus
pacifist,Pazifist
palanken,Sänfte
panteism,Pantheismus
panteist,Pantheist
pantomim,Pantomime
paradigm,Paradigma
parafraz,Umschreibung
paragraf,Abschnitt
partitur,Partitur
patologi,Pathologie
pedagogi,Pädagogik
perimetr,Umfang
peristil,Säulengang
pesimism,Pessimismus
pesimist,Pessimist
pleonasm,Pleonasmus
poliglot,Polyglott
preterit,Vergangenheit
procedur,Verfahren
projekci,Projektor
proporci,Verhältnis
prospekt,Prospekt
protokol,Protokoll
prototip,Prototyp
prozelit,Konvertit
psikolog,Psychologe
referenc,Verweis
renesanc,Renaissance
reputaci,Ruf
revelaci,Offenbarung
revolver,Revolver
rojalist,Royalist
sacerdot,Priester
sakristi,Sakristei
sarkofag,Sarkophag
seminari,Seminar
sensaci,Sensation
sfinkter,Schließmuskel
silogism,Syllogismus
solecism,Solezismus
stipendi,Stipendium
strategi,Strategie
subvenci,Zuschuss
talisman,Talisman
tamburin,Tamburin
tarantel,Tarantella
tarantul,Vogelspinne
teleskop,Teleskop
teokrati,Theokratie
tipograf,Setzer
topograf,Kartograf
toreador,Toreador
transept,Querschiff
tuberkul,Knötchen
amfiteatr,Amphitheater
apopleksi,Schlaganfall
arbitraci,Schiedsverfahren
arĥeolog,Archäologe
arĥitekt,Architekt
aritmetik,Rechnen
arkeologi,Archäologie
arkipelag,Inselgruppe
astrologi,Astrologie
astronomi,Astronomie
aŭditori,Auditorium
aŭtograf,Autogramm
aŭtokrat,Autokrat
deklaraci,Erklärung
demokrati,Demokratie
dialektik,Dialektik
disciplin,Disziplin
disenteri,Ruhr
entomolog,Entomologe
etnografi,Ethnografie
filantrop,Philanthrop
fiziologi,Physiologie
fizionomi,Gesichtszüge
fotografi,Fotografie
genealogi,Genealogie
gladiator,Gladiator
grafologi,Graphologie
harmonium,Harmonium
heksametr,Hexameter
heliotrop,Heliotrop
hidrofobi,Wasserangst
hieroglif,Hieroglyphe
higrometr,Hygrometer
hipopotam,Nilpferd
homeopati,Homöopathie
ideografi,Bilderschrift
imperativ,Imperativ
imperfekt,Imperfekt
impresari,Impresario
indikativ,Indikativ
infanteri,Infanterie
infinitiv,Infinitiv
inkvizici,Inquisition
intendant,Verwalter
kabriolet,Cabriolet
kandelabr,Kandelaber
karikatur,Karikatur
kartograf,Kartograf
kastanjet,Kastagnetten
katalepsi,Starre
katastrof,Katastrophe
kateĥist,Katechet
kompromis,Kompromiss
konduktor,Schaffner
konkurenc,Wettbewerb
kontinent,Kontinent
kontrabas,Kontrabass
konvolvul,Winde
kosmogoni,Kosmogonie
kosmograf,Kosmograph
krizantem,Chrysantheme
kronologi,Chronologie
kronometr,Chronometer
krucifiks,Kruzifix
kvadratur,Quadratur
litografi,Lithografie
lokomobil,Dampftraktor
melankoli,Melancholie
metafizik,Metaphysik
mikrometr,Mikrometer
mikroskop,Mikroskop
mineralog,Mineraloge
monoteism,Monotheismus
neologism,Neologismus
oligarĥi,Oligarchie
ornitolog,Ornithologe
ostracism,Ächtung
paleograf,Paläograf
palisandr,Palisanderholz
paroksism,Anfall
pentametr,Pentameter
plutokrat,Plutokrat
politeism,Polytheismus
providenc,Vorsehung
pulĉinel,Kasperle
purgatori,Fegefeuer
recitativ,Rezitativ
reformaci,Reformation
rekrement,Rückstände
repertuar,Repertoire
rezignaci,Ergebenheit
sakrament,Sakrament
sekundant,Sekundant
skarlatin,Scharlachfieber
skolastik,Scholastik
somnambul,Schlafwandler
sortiment,Sortiment
spekulaci,spekulieren
spirit/ism##,spirit/ism##
spirit/ist##,spirit/ist##
stalagmit,Stalagmit
stalaktit,Stalaktit
statistik,Statistik
ŝovinism,Chauvinismus
ŝovinist,Chauvinist
tipografi,Druckkunst
topografi,Topografie
velociped,Draisine
veterinar,Tierarzt
vivisekci,Vivisektion
abiturient,Abiturient
alternativ,Alternative
anakronism,Anachronismus
antropolog,Anthropologe
arĥeologi,Archäologie
arĥipelag,Inselgruppe
aristokrat,Adel
arkitektur,Architektur
aŭtokrati,Autokratie
beletristik,Schöngeist
bibliograf,Bibliograf
civilizaci,Zivilisation
dinamometr,Kraftmesser
ekskrement,Kot
entomologi,Entomologie
eŭkaristi,Eucharistie
filantropi,Wohltätigkeit
hipertrofi,Hypertrophie
ingredienc,Bestandteil
inkvizitor,Inquisitor
kartografi,Kartografie
koeficient,Koeffizient
kompliment,Kompliment
kongregaci,Gemeinde
konsistori,Konsistorium
kontraband,Schmuggel
kontribuci,Reparationen
kosmografi,Kosmografie
kosmopolit,Kosmopolit
krestomati,Chrestomathie
kvintesenc,Quintessenz
manufaktur,Fabrik
manuskript,Manuskript
metamorfoz,Verwandlung
meteorolog,Meteorologe
mineralogi,Mineralogie
naturalism,Naturalismus
numismatik,Numismatik
ornitologi,Ornithologie
paleografi,Paläografie
perspektiv,Aussicht
plutokrati,Plutokratie
pneŭmatik,Reifen
prerogativ,Vorrecht
pseŭdonim,Pseudonym
stenografi,Stenografie
subjunktiv,Konjunktiv
superlativ,Superlativ
tuberkuloz,Tuberkulose
admiralitat,Admiralität
antropologi,Anthropologie
aristokrati,Aristokratie
bibliografi,Bibliografie
cirkumfleks,Zirkumflex
demonstraci,Beweis
departement,Abteilung
enciklopedi,Lexikon
hermafrodit,Zwitter
hidrostatik,Hydrostatik
hidroterapi,Hydrotherapie
imperialism,Imperialismus
inaŭguraci,Einweihung
kalejdoskop,Kaleidoskop
kondicional,Konjunktiv
konfederaci,Konföderation
konglomerat,Konglomerat
kontrapunkt,Kontrapunkt
manifestaci,Demo
metempsikoz,Seelenwanderung
meteorologi,Meteorologie
observatori,Observatorium
paleontolog,Paläontologe
pleŭronekt,Flunder
protagonist,Hauptfigur
protektorat,Schutzgebiet
pseŭd,falsch
racional/ism##,racional/ism##
racional/ist##,racional/ist##
reŭmatism,Rheuma
temperament,Temperament
tragikomedi,Tragikomödie
administraci,Verwaltung
demonstrativ,Demonstrativpronomen
konservatori,Musikschule
paleontologi,Paläontologie
paralelogram,Parallelogramm
spiritualism,Spiritualismus
spiritualist,Spiritualist
trigonometri,Trigonometrie
aŭtobiografi,Autobiografie
t.e.,d.h.
k.t.p.,usw.
kiom,wie viel
kiom##,kiom##
kiom##,kiom##
dum,während
dum##,dum##
ĝis,bis
ĝis##,ĝis##
anstataŭ,statt
anstataŭ##,anstataŭ##
kiu##,kiu##
kiu,wer
tiu##,tiu##
tiu,der/die/das
ĉiu,jeder
ĉiu##,ĉiu##
neniu,keiner
neniu##,neniu##
ambaŭ,beide
ambaŭ##,ambaŭ##
tiu ĉi##,tiu ĉi##
tiu ĉi##,tiu ĉi##
fiks,fest
fiks##,fiks##
fals,falsch
fals##,fals##
ĉu##,ĉu##
ĉu,ob?
kial,warum
kial##,kial##
kiel,wie
kiel##,kiel##
tamen,aber
tamen##,tamen##
apenaŭ,kaum
apenaŭ##,apenaŭ##
kvazaŭ,als ob
kvazaŭ##,kvazaŭ##
ĉirkaŭ,um
ĉirkaŭ##,ĉirkaŭ##
precip##,precip##
precip,hauptsächlich
tut,ganz
tut##,tut##
rest##,rest##
rest,Rest
ĉiel,himmlisch
ĉiel##,ĉiel##
interes,interessieren
interes##,interes##
lig,verbinden
lig##,lig##
rul,rollen
rul##,rul##
arm##,arm##
arm,Waffe
fos,graben
fos##,fos##
plant,pflanzen
plant##,plant##
orient##,orient##
orient,Osten
fald,falten
fald##,fald##
kaj,und
kaj##,kaj##
amas,Masse
amas##,amas##
kopi,kopieren
kopi##,kopi##
fotograf,fotografieren
fotograf##,fotograf##
ĉar,weil
ĉar##,ĉar##
fikci##,fikci##
fikci,fiktiv
nul,null
nul##,nul##
klar##,klar##
klar,klar
artikol,Artikel
artikol##,artikol##
aŭgust,August
aŭgust##,aŭgust##
por,für
por##,por##
opozici,widersetzen
opozici##,opozici##
fot,Foto
vibr,vibrieren
oscil,schwingen
fluktu,schwanken
indigo,Indigo
ad##,ad##
ad,fortdauernd
ag,handeln
al,zu
am,lieben
an,mitglied
ar,Gruppe
as,Präsens
at,noch
av,Opa
bo,angeheiratet
ci,dein
da,von
de,von
di,Gott
Di##,Di##
do,also
du,zwei
ec,-keit
eg,groß
ej,Ort
ek,an-
el,aus
em,geneigt
en,in
er,Teil
et,winzig
fe,Fee
fi##,fi##
fi,schmutzig
ge,beide
ha,ah
he,Hey!
ho,oh
ia,einerlei
id,Nachkomme
ie,irgendwo
ig,machen
il,Werkzeug
in,-weiblich
io,etwas
ir,gehen
is,war
it,fertig
iu##,iu##
iu,jemand
ja,ja
je,an
ju,je mehr
ke,dass
l',der
la,der
li,sein
lu,mieten
mi,ich
ne,nicht
ni,unser
nj,-chen
nu,nun
od,Ode
ok,acht
ol,als
on,Bruch
op,gemeinsam
or,Gold
os,zukünftig
ot,noch nicht begonnen
ov,Ei
pi,fromm
po,je
re,wieder
se,wenn
si,eigen
te,Tee
uj,-behälter
ul,-mann
um,Dingsda
ur,Auerochse
us,würde
uz,nutzen
ve,weh
vi,dein
homeopat,Homöopath
zoolog,Zoologe