###❝Racine d'espéranto❞,Les lignes marquées ❝(exactement identique) racine d'espéranto❞ ont la même priorité que celles avec une chaîne correspondante de remplacement mais en réalité indiquent qu'aucun remplacement de caractères (kanji) n’est effectué.	
Racine d'espéranto##,Traduction française avec annotations ruby##
adiaŭ,adieu
bis,bis
hura,hourra
ŭa,ouah
kia,quel
tia,tel
ĉia,tous
kies,à qui
nenia,aucun
ali,autre
alt,haut
bel,beau
bon,bon
jun,jeune
nov,nouveau
sam,même
fort,fort
grav,important
kelk,quelques
last,dernier
long,long
mult,beaucoup
plen,plein
riĉ,riche
ruĝ,rouge
facil,simple
grand,grand
liber,libre
rapid,rapide
feliĉ,heureux
proksim,proche
fru,tôt
pur,pur
sol,seul
ver,vrai
cert,sûr
nigr,noir
varm,chaud
afabl,aimable
blank,blanc
dolĉ,doux
neces,nécessaire
propr,propre
simpl,simple
dekstr,droit
kuraĝ,courageux
trankvil,calme
blu,bleu
dik,épais
gaj,gai
hel,clair
kar,cher
lac,fatigué
san,sain
sat,rassasié
just,juste
prav,juste
pret,prêt
util,utile
verd,vert
apart,séparé
atent,attentif
fremd,étranger
ĝust,juste
komun,commun
larĝ,large
agrabl,agréable
divers,divers
intern,interne
sufiĉ,suffisant
kontent,satisfait
profund,profond
mol,doux
pez,lourd
sek,sec
brun,brun
egal,égal
flav,jaune
griz,gris
kulp,coupable
lert,habile
rekt,droit
saĝ,sage
vast,vaste
ceter,reste
freŝ,frais
simil,semblable
kapabl,capable
serioz,sérieux
efektiv,réel
ordinar,ordinaire
akr,aigu
fam,célèbre
ies,d'autrui
avar,avare
dens,dense
eben,plat
fier,fier
firm,solide
nepr,absolu
plat,plat
plur,plusieurs
surd,sourd
vigl,vif
fidel,fidèle
kviet,calme
matur,mûr
sankt,sacré
spert,expérimenté
subit,brusque
taŭg,apte
honest,honnête
konven,approprié
plur,plusieurs
preciz,précis
strang,étrange
delikat,délicat
ĝentil,poli
komfort,confortable
pacienc,patient
special,spécial
ĝeneral,général
konstant,constant
lam,boiteux
mut,muet
nud,nu
pal,pâle
ruz,rusé
van,vain
acid,acide
glat,lisse
kler,cultivé
krud,brut
mild,doux
abund,abondant
blind,aveugle
blond,blond
ĉarm,charmant
etern,éternel
favor,favorable
graci,élégant
humil,humble
laŭt,fort
sever,sévère
stult,stupide
fortik,solide
frenez,fou
kurioz,curieux
privat,privé
sincer,sincère
evident,évident
oportun,pratique
prudent,sage
sci/vol##,sci/vol##
diligent,assiduous
proksim/um##,proksim/um##
ard,ardent
avid,avide
brav,courageux
ebri,ivre
krut,abrupte
naiv,naïf
nobl,noble
sobr,sobre
humid,humide
ident,identique
komik,comique
kripl,infirme
kruel,cruel
moder,modéré
sagac,astucieux
seren,calme
sprit,esprit
akurat,précis
fervor,ardent
inklin,enclin
ĵaluz,jaloux
kapric,capricieux
modern,moderne
modest,modeste
nenies,à personne
normal,normal
sovaĝ,sauvage
ekstrem,extrême
elegant,élégant
eminent,éminent
komplet,complet
oficial,officiel
perfekt,parfait
probabl,probable
reciprok,mutuel
indiferent,indifférent
inteligent,sagace
amar,amer
imun,immunisé
real,réel
ties,de cela
unik,unique
vant,vain
virg,vierge
aktiv,actif
civil,civil
ĉies,de tous
elast,élastique
human,humain
intim,intime
kaduk,usé
koket,flirtant
lojal,loyal
malic,malveillant
mir/ind##,mir/ind##
raŭk,rauque
rigid,rigide
sekur,sûr
solen,solennel
tener,tendre
valid,valide
abrupt,brusque
absurd,absurde
aktual,actuel
arbitr,arbitraire
aŭdac,audacieux
ekzakt,précis
furioz,furieux
graved,enceinte
klasik,classique
majest,majestueux
nervoz,nerveux
oblikv,oblique
obstin,têtu
plen/aĝ##,plen/aĝ##
social,social
subtil,subtil
tragik,tragique
absolut,absolu
kontant,comptant
popular,populaire
relativ,relatif
sin/don##,sin/don##
solidar,solidaire
vegetar,végétarien
familiar,familier
grandioz,grandiose
kolektiv,collectif
sin/gard##,sin/gard##
kompetent,compétent
universal,universel
kvit,quitte
miop,myope
punc,rouge vif
ranc,ranci
ĉast,chaste
ekstr,supplémentaire
masiv,massif
antikv,ancien
arogant,arrogant
konform,conforme
trivial,banal
elokvent,éloquent
kriminal,criminel
predikat,prédicat
akut,aigu
dual,double
hirt,hérissé
kalv,chauve
banal,banal
cinik,cynique
gotik,gothique
inert,inerte
obtuz,émoussé
okult,occult
pasiv,passif
rigor,strict
stoik,stoïque
analog,analogue
anonim,anonyme
arkaik,archaïque
diafan,diaphane
efemer,éphémère
erotik,érotiq
fiktiv,fictif
formal,formel
frivol,frivole
intens,intense
invers,inverse
konciz,succinct
konkav,concave
mistik,mystique
neŭtr,neutre
vulgar,vulgaire
akcesor,annexe
apokrif,apocryphe
arĥaik,archaïque
burlesk,burlesque
decimal,décimal
diskret,discret
fanatik,fanatique
grotesk,grotesque
konkret,concret
kontinu,continu
liberal,libéral
monoton,monotone
negativ,négatif
nominal,nominal
pozitiv,positif
radikal,radical
skeptik,sceptique
solvent,solvable
abstrakt,abstrait
aŭtonom,autonome
eventual,éventuel
inkluziv,inclus
neŭtral,neutre
objektiv,objectif
ortodoks,orthodoxe
primitiv,primitif
provizor,provisoire
racional,rationnel
romantik,romantique
sinoptik,synoptique
spontane,spontané
aŭtentik,authentique
definitiv,définitif
ekskluziv,exclusif
korelativ,corrélatif
respektiv,respectif
subjektiv,subjectif
transitiv,transitif
spekulativ,spéculatif
impertinent,insolent
konservativ,conservateur
sentimental,sentimental
dek,dix
mil,mille
sep,sept
ses,six
tri,trois
unu,un
cent,cent
kvar,quatre
kvin,cinq
naŭ,neuf
aŭ,ou
nek,ni
sed,mais
kvankam,bien que
plus,plus
minus,moins
ĉe,chez
kun,avec
per,par
pri,sur
pro,pour
sen,sans
sub,sous
sur,sur
tra,à travers
apud,près de
krom,sauf
laŭ,selon
post,après
inter,entre
super,au-dessus
trans,au-delà
antaŭ,avant
ekster,hors de
preter,au-delà
kontraŭ,contre
malgraŭ,malgré
ĝi,son/sa
ili,leur
kio,quoi
oni,on
ŝi,elle
tio,cela
ĉio,tout
nenio,rien
tio ĉi##,tio ĉi##
dis,séparé
mal,contraire
ĉef,principal
eks,ex-
mis,faux
pra,ancien
dev,devoir
dir,dire
don,donner
est,être
far,faire
fin,finir
hav,avoir
kon,connaître
leg,lire
lev,hausser
met,poser
mov,bouger
pet,demander
pov,pouvoir
rid,rire
sci,savoir
sid,s'asseoir
ten,tenir
ven,venir
vid,voir
viv,vivant
vol,vouloir
ĝoj,joie
help,aider
kred,croire
lern,apprendre
loĝ,vivre
mort,mourir
okaz,se produire
port,porter
pren,prendre
sekv,suivre
send,envoyer
star,être debout
dezir,désirer
labor,travailler
milit,guerroyer
montr,montrer
parol,parler
ricev,recevoir
skrib,écrire
ŝajn,sembler
vetur,conduire
demand,interroger
komenc,débuter
kompren,comprendre
respond,répondre
bat,frapper
fal,tomber
kri,crier
kur,courir
las,laisser
lum,briller
mir,étonner
pag,payer
pas,passer
reg,régner
son,sonner
tim,craindre
tir,tirer
aŭd,écouter
brul,brûler
dank,remercier
dorm,dormir
ferm,fermer
flug,voler
halt,arrêter
ĵet,lancer
kant,chanter
kost,coûter
mank,manquer
nask,mettre au monde
okup,occuper
pens,penser
perd,perdre
prem,presser
prov,essayer
sent,sentir
turn,tourner
aĉet,acheter
atend,attendre
bezon,nécessiter
kresk,croître
manĝ,manger
memor,se souvenir
serĉ,chercher
trink,boire
konsil,conseiller
permes,permettre
postul,exiger
rakont,raconter
rigard,voir
rimark,remarquer
ŝanĝ,changer
vojaĝ,voyager
konstru,bâtir
prezent,offrir
renkont,rencontrer
bru,bruit
dub,douter
lav,laver
lud,jouer
pen,s'efforcer
vek,réveiller
vok,appeler
aper,apparaître
bril,briller
erar,se tromper
fest,fêter
frap,frapper
gajn,gagner
kapt,saisir
kaŝ,cacher
kovr,couvrir
kuir,cuire
kuŝ,couché
paŝ,marcher
plor,pleurer
romp,casser
salt,sauter
serv,servir
tuŝ,toucher
vend,vendre
zorg,soigner
batal,lutter
elekt,choisir
esper,espérer
koler,fâché
mezur,mesurer
opini,penser
ordon,ordonner
plend,se plaindre
ripoz,reposer
salut,saluer
sufer,souffrir
akcept,accepter
forges,oublier
kalkul,calculer
komerc,commerce
konduk,mener
pardon,pardonner
silent,se taire
tranĉ,couper
konsent,consentir
aŭskult,écouter
ban,baigner
flu,couler
kre,créer
mok,railler
amuz,amuser
ĉes,cesser
efik,agir
gard,garder
juĝ,juger
klin,pencher
pend,suspendre
puŝ,pousser
spir,respirer
stud,étudier
ŝat,apprécier
tond,tondre
traf,frapper
ating,atteindre
decid,décider
estim,respecter
invit,inviter
kurac,soigner
marŝ,marcher
plaĉ,plaire
ripet,répéter
ŝlos,fermer
ŝtel,voler
vizit,voir
aranĝ,arranger
ekzist,exister
instru,enseigner
intenc,viser
kompat,plaindre
prefer,préférer
prepar,préparer
promen,se promener
promes,promettre
sukces,réussir
konserv,garder
bol,bouillir
kis,baiser
obe,obéir
paf,tirer
pel,pousser
pik,piquer
pun,punir
sav,sauver
tus,tousser
akir,obtenir
apog,soutenir
atak,attaquer
bala,balayer
blov,souffler
ĉas,chasser
danc,danser
eduk,éduquer
evit,éviter
fleg,soigner
glit,glisser
gvid,guider
ĝen,gêner
hejt,chauffer
hont,honteux
imag,imaginer
imit,imiter
komb,peigner
mend,commander
miks,mélanger
naĝ,nager
plug,labourer
pres,imprimer
soif,soif
spez,transiger
ŝir,déchirer
trem,trembler
trov,trouver
venk,vaincre
viŝ,effacer
volv,enrouler
anonc,annoncer
aprob,approuver
avert,avertir
merit,mériter
minac,menacer
pentr,peindre
posed,posséder
preĝ,prier
rifuz,refuser
rilat,relier
ripar,réparer
skrap,gratter
ŝerc,plaisanter
tromp,tromper
defend,protéger
desegn,dessiner
esting,éteindre
inform,informer
kompar,comparer
kondut,se comporter
konfes,avouer
konsci,conscient
kultur,cultiver
mensog,mentir
rezult,résulter
rikolt,récolter
streĉ,tendre
ŝovel,pelle
akompan,accompagner
aparten,appartenir
bedaŭr,regretter
konsist,se composer
organiz,organiser
progres,avancer
respekt,respecter
riproĉ,blâmer
diferenc,différer
rekomend,recommander
korespond,correspondre
enu,ennuyer
fid,croire
ĝu,jouir
hak,couper
log,attirer
pek,pécher
pes,peser
raz,raser
dron,noyer
fajf,siffler
fand,fondre
farm,cultiver
fart,aller
frot,frotter
ĝem,gémir
krev,éclater
kudr,coudre
mord,mordre
muel,moudre
nutr,nourrir
odor,sentir
rajd,monter
solv,résoudre
taks,évaluer
teks,tisser
tent,tenter
urĝ,pressant
babil,bavarder
detru,détruire
difin,définir
distr,distraire
diven,deviner
divid,diviser
etend,étendre
evolu,évoluer
forĝ,forger
frand,savoureux
grimp,grimper
hezit,hésiter
kroĉ,crocher
laŭd,louer
mason,bâtir
ofert,offrir
ornam,orner
petol,espièglerie
sonĝ,rêver
stern,étendre
supoz,supposer
ŝirm,protéger
ŝpar,économiser
ŝtop,boucher
ŝuld,devoir
ŝvel,gonfler
toler,supporter
verŝ,verser
aspekt,paraître
daŭr/ig##,daŭr/ig##
difekt,abîmer
diskut,discuter
domaĝ,regretter
ekscit,exciter
ekzerc,exercer
esplor,explorer
esprim,exprimer
konsol,réconforter
murmur,murmurer
prezid,présider
signif,signifier
skulpt,sculpter
traduk,traduire
ekskurs,excursion
ekzamen,examiner
komunik,communiquer
koncern,concerner
konstat,constater
protekt,protéger
protest,protester
renvers,renverser
surpriz,étonner
konsider,considérer
persekut,persécuter
reprezent,représenter
bak,cuire
ben,bénir
boj,aboyer
bor,percer
ced,céder
cit,citer
lek,lécher
rab,piller
rav,ravir
rem,ramer
rev,rêver
seg,scier
sku,secouer
ted,ennuyer
teg,couvrir
abon,s'abonner
dung,embaucher
envi,envier
flar,flair
fond,fonder
frit,frire
friz,boucler
gest,geste
glad,repasser
glut,avaler
ĵur,jurer
kned,pétrir
maĉ,mâcher
melk,traire
migr,errer
munt,monter
ofer,offrir
pent,se repentir
pruv,prouver
pump,pomper
putr,pourrir
ramp,ramper
risk,risquer
ronk,ronfler
rost,griller
sven,s'évanouir
ŝov,pousser
ŝut,verser
tajl,tailler
tord,tordre
tren,tirer
vari,varier
velk,faner
adici,ajouter
admir,admirer
admon,avertir
adopt,adopter
akcel,accélérer
atest,certifier
ĉerp,puise
degel,fondre
deleg,mandater
fleks,plier
flirt,flirter
hered,hériter
influ,influencer
kares,caresser
medit,méditer
naŭz,dégoûter
osced,bâiller
paŝt,paître
paŭz,pause
pinĉ,pincer
plekt,tresser
regal,régaler
ribel,se révolter
sopir,désirer
sorĉ,ensorceler
strik,faire grève
sufok,étouffer
sving,agiter
ŝarg,charger
ŝmir,enduire
trakt,traiter
tremp,tremper
afrank,affranchir
asekur,assurer
balanc,balancer
barakt,lutter
dediĉ,consacrer
deklar,déclarer
destin,destiner
disput,disputer
escept,exclure
festen,festoyer
frakas,briser
gratul,féliciter
ilustr,illustrer
import,importer
insist,insister
instal,installer
instig,inciter
insult,insulter
komand,ordonner
komisi,mandater
konfid,faire confiance
konfit,confire
konfuz,troubler
konkur,concourir
kritik,critiquer
observ,observer
penetr,pénétrer
perfid,trahir
proced,procéder
raport,rapporter
reklam,annoncer
rezign,abandonner
rezist,résister
rifuĝ,se réfugier
brak/um##,brak/um##
civiliz,civiliser
ĉagren,irriter
de/pend##,de/pend##
disting,distinguer
eksplod,exploser
garanti,garantir
komplez,serviable
kondamn,condamner
konfirm,confirmer
konjekt,deviner
konklud,conclure
kontrol,vérifier
konvink,convaincre
operaci,opérer
plen/um##,plen/um##
pretend,revendiquer
suspekt,soupçonner
turment,tourmenter
distribu,répartir
fanfaron,se vanter
kontrakt,contracter
mastr/um##,mastr/um##
prokrast,retarder
administr,gérer
el/turn/iĝ##,el/turn/iĝ##
entrepren,entreprendre
dec,convenir
juk,démanger
lul,bercer
vad,patauger
vag,errer
vet,parier
vom,vomir
zum,bourdonner
ador,adorer
agit,agiter
akuz,accuser
alud,évoquer
bapt,baptiser
bind,relier
blek,crier
bred,élever
buĉ,abattre
ĉif,froisser
dikt,dicter
dres,dresser
ekip,équiper
est/ig##,est/ig##
fast,jeûner
flat,flatter
flik,racommoder
fuĝ,fuir
fuŝ,gâcher
garn,orner
grat,gratter
hav/ig##,hav/ig##
izol,isoler
jung,atteler
lukt,lutter
muĝ,rugir
opon,s'opposer
palp,tâter
pekl,saler
pere,périr
pli/ig##,pli/ig##
sark,sarcler
sekc,disséquer
sorb,absorber
spit,braver
suĉ,sucer
svat,marier
tajp,taper
tern,éternuer
tikl,chatouiller
tint,tinter
trik,tricoter
trud,forcer
vart,soigner
adapt,adapter
aplik,appliquer
asert,affirmer
asist,aider
balot,voter
ĉe/est##,ĉe/est##
delir,délirer
depon,déposer
deput,mandater
enket,sonder
eskap,fuir
falĉ,faucher
flagr,flamboyer
for/est##,for/est##
grinc,grincer
ignor,ignorer
impet,se précipiter
incit,irriter
indik,indiquer
insid,tromper
inund,inonder
kraĉ,cracher
liver,fournir
menci,mentionner
modif,modifier
ofend,insulter
rezon,raisonner
rivel,révéler
start,démarrer
susur,bruire
ŝpin,filer
trejn,entraîner
venĝ,venger
abstin,s'abstenir
aflikt,affliger
altern,alterner
balbut,bégayer
cirkul,circuler
deĵor,être de service
denunc,accuser
de/ten##,de/ten##
dev/ont/ig##,dev/ont/ig##
digest,digérer
dispon,disposer
dorlot,choyer
eksped,expédier
el/don##,el/don##
establ,ériger
flustr,chuchoter
grimac,grimacer
grumbl,grogner
implik,impliquer
indign,indigné
indulg,indulgent
infekt,infecter
injekt,injecter
inspir,inspirer
invent,inventer
klopod,tenter
kolizi,heurter
kombin,combiner
kompon,composer
konsum,consommer
korekt,corriger
lubrik,huiler
manovr,manœuvrer
plonĝ,plonger
preleg,conférencier
propon,proposer
provok,provoquer
recenz,critiquer
redakt,éditer
redukt,réduire
revizi,réviser
ŝpruc,jaillir
aplaŭd,applaudir
blasfem,blasphémer
bon/vol##,bon/vol##
brokant,brocanter
eksport,exporter
ekzekut,exécuter
gust/um##,gust/um##
iniciat,initier
kalumni,calomnier
kompens,compenser
komplik,compliquer
kontest,contester
manipul,manipuler
neglekt,négliger
persist,persister
prononc,prononcer
prosper,prospérer
reflekt,réfléchir
re/form##,re/form##
subtrah,soustraire
ŝancel,ébranler
televid,regarder TV
determin,fixer
ekspluat,exploiter
koncentr,concentrer
mistifik,tromper
preskrib,prescrire
revoluci,révolter
riverenc,saluer
interpret,traduire
kompromit,compromettre
multiplik,multiplier
propagand,faire la pub
konversaci,bavarder
interpelaci,interpeller
erp,herser
kov,couver
lut,souder
pep,pépier
tan,tanner
agac,irriter
brod,broder
brog,ébouillanter
ĉiz,sculpter
edif,édifier
fajl,limer
krak,claquer
kroz,croiser
pist,broyer
rasp,râper
rast,ratisser
rigl,verrouiller
rukt,roter
sibl,siffler
skiz,esquisser
sput,cracher
steb,coudre
stuk,enduire
ŝim,moisir
torn,tourner
trot,trotter
urin,uriner
varb,recruter
adult,tromper
afekt,feindre
akuŝ,accoucher
arest,arrêter
asign,assigner
atenc,attaquer
draŝ,battre
drink,boire
ekzil,exiler
filtr,filtrer
infuz,infuser
kribr,tamiser
parad,parader
rabot,raboter
rafin,raffiner
satur,saturer
sieĝ,assiéger
skerm,escrimer
strab,loucher
ŝmac,claquer
uzurp,usurper
veget,végéter
border,border
ĉikan,harceler
degrad,dégrader
diboĉ,débaucher
distil,distiller
drapir,draper
gargar,gargariser
gravur,graver
guvern,former
ilumin,éclairer
inokul,vacciner
intrig,intriguer
ĵongl,jongler
kartav,grasseyer
kontuz,contusion
likvid,liquider
makler,courtier
plaŭd,éclabousser
predik,prêcher
rembur,rembourrer
ventol,aérer
deĉifr,déchiffrer
degener,dégénérer
diskont,réduire
ferment,fermenter
kalfatr,calfeutr.
kolport,colporter
kompost,composer
konspir,comploter
konvert,convertir
paraliz,paralyser
proklam,proclamer
singult,hoqueter
ĉarpent,charpenter
hipokrit,feindre
intermit,intermittent
konstern,consterner
marĉand,marchander
kapitulac,capituler
kaŭteriz,cautériser
komentari,commenter
koment,annoter
poz,poser
vak,vide
boks,boxer
ĝir,transférer
kirl,remuer
klak,cliquer
kluk,glousser
knar,grincer
murd,tuer
pled,plaider
sond,sonder
tatu,tatouer
abdik,abdiquer
abort,avorter
agoni,agoniser
aklam,acclamer
amput,amputer
aneks,annexer
aspir,aspirer à
deriv,dériver
feder,fédérer
impon,imposer
invad,envahir
kaŭr,se tapir
klaĉ,bavarder
kliŝ,stéréotyper
kotiz,cotiser
marin,mariner
miaŭ,miauler
modul,moduler
refut,réfuter
rikan,railler
streb,viser
svarm,fourmiller
ŝveb,flotter
absorb,captiver
akapar,monopoliser
analiz,analyser
asimil,assimiler
asperg,asperger
atribu,attribuer
aŭgur,prédire
bojkot,boycotter
cenzur,censurer
dedukt,déduire
deklam,réciter
dekolt,découper
indukt,induire
kompil,compiler
konced,admettre
konker,vaincre
korupt,corrompre
kverel,se disputer
lament,pleurer
narkot,droguer
stimul,inciter
strigl,brosser
ŝrump,flétrir
amortiz,amortir
anticip,prévoir
apelaci,faire appel
bankrot,faire faillite
bombard,bombarder
emancip,libérer
inspekt,inspecter
katekiz,catéchiser
koincid,coïncider
konfisk,confisquer
konsekr,sacrer
konsult,consulter
legitim,légitimer
mobiliz,mobiliser
pilgrim,pèleriner
improviz,improviser
inaŭgur,inaugurer
karambol,heurter
kateĥiz,catéchiser
klasifik,classer
kontribu,contribuer
litograf,lithographier
prostitu,prostituer
centraliz,centraliser
stenograf,sténographier
ekskomunik,excommunier
karakteriz,caractériser
aĵ,objet
ant,actuel
ebl,possible
iĝ,devenir
ind,mérite
int,ayant
ism,-isme
ist,-pro
obl,fois
ont,futur
estr,chef
aĉ,médiocre
ĉj##,ĉj##
end,nécessaire
ing,étui
ajn,n'importe
ĉi##,ĉi##
eĉ##,eĉ##
for,loin
iam,jadis
iom,un peu
jam,déjà
jen,voici
jes,oui
kie,où
mem,soi
nun,maintenant
nur,seulement
pli,plus
plu,plus
tie,là-bas
tre,très
tro,trop
tuj,tout de suite
ĉie,partout
ĵus,à l'instant
kiam,quand
plej,le plus
tial,donc
tiam,alors
tiel,ainsi
tiom,autant
ĉiam,toujours
nenie,nulle part
ankaŭ,aussi
neniam,jamais
baldaŭ,bientôt
hieraŭ,hier
hodiaŭ,aujourd'hui
morgaŭ,demain
tie ĉi##,tie ĉi##
almenaŭ,au moins
ankoraŭ,encore
preskaŭ,presque
tiel ĉi##,tiel ĉi##
oft,souvent
ial,pourquoi
iel,d'une manière
volont,volontairement
des,d'autant
neniom,aucun
ĉial,pour tout motif
ĉiom,tout
ia/foj##,ia/foj##
nenial,sans raison
neniel,aucunement
parker,par cœur
foj,fois
hom,humain
jar,an
kap,tête
kor,cœur
lok,lieu
man,main
nom,nom
tag,jour
ter,terre
vir,mâle
voj,chemin
afer,affaire
amik,ami
form,forme
kamp,champ
land,pays
mond,monde
naci,nation
patr,père
temp,temps
vort,mot
flank,côté
infan,enfant
patr/in##,patr/in##
ĉambr,pièce
sinjor,monsieur
akv,eau
arb,arbre
art,art
dom,maison
edz,époux
fil,fils
har,cheveu
hor,heure
lit,lit
mar,mer
mon,argent
mur,mur
pac,paix
pec,morceau
sun,soleil
urb,ville
bild,image
bird,oiseau
buŝ,bouche
frat,frère
hejm,chez-soi
knab,garçon
kort,cour
libr,livre
mont,mont
okul,œil
part,partie
pied,pied
pord,porte
rajt,droit
tabl,table
vent,vent
vest,vêtement
fingr,doigt
frukt,fruit
kolor,couleur
leter,lettre
lingv,langue
maten,matin
popol,peuple
punkt,point
rimed,moyen
valor,valeur
ĉeval,cheval
famili,famille
fraŭl,célibataire
person,individu
semajn,semaine
vesper,soir
vizaĝ,visage
fenestr,fenêtre
aer,air
aĝ,âge
cel,but
fer,fer
ide,idée
kat,chat
kol,cou
mez,milieu
naz,nez
nub,nuage
ord,ordre
pan,pain
roz,rose
best,bête
bord,rive
brak,bras
dent,dent
fajr,feu
fiŝ,poisson
flor,fleur
glas,verre
hund,chien
korp,corps
lakt,lait
lign,bois
lini,ligne
mark,marque
neĝ,neige
nokt,nuit
onkl,oncle
orel,oreille
plum,plume
pluv,pluie
rond,rond
sang,sang
seĝ,chaise
spec,type
stat,état
supr,sommet
ŝip,navire
vitr,verre
angul,coin
daŭr,durée
dolor,douleur
gazet,journal
kaŭz,cause
kutim,habitude
minut,minute
monat,mois
natur,nature
nombr,numéro
paper,papier
plank,sol
river,fleuve
somer,été
staci,gare
strat,rue
suker,sucre
ŝton,pierre
vagon,wagon
veter,temps
vintr,hiver
aŭtun,automne
ĉapel,chapeau
direkt,direction
kolekt,collection
moment,instant
plezur,plaisir
vilaĝ,village
ekzempl,exemple
ĝarden,jardin
histori,histoire
printemp,printemps
bov,bovin
ink,encre
kaf,café
kok,poule
kuk,gâteau
kuz,cousin
lag,lac
lim,limite
lun,lune
maj,mai
pak,colis
sak,sac
sum,somme
tru,trou
vin,vin
anim,âme
azen,âne
benk,banc
dors,dos
foli,feuille
font,source
fund,fond
genu,genou
gren,grain
grup,groupe
herb,herbe
juli,juillet
juni,juin
kart,carte
klas,classe
korb,panier
kruc,croix
krur,jambe
lang,langue
leĝ,loi
lund,lundi
mard,mardi
mart,mars
ofic,poste
ombr,ombre
paĝ,page
pork,porc
poŝ,poche
radi,ray
reĝ,roi
senc,sens
stel,astre
ŝaf,mouton
verk,œuvre
voĉ,voix
adres,adresse
april,avril
brust,sein
buter,beurre
donac,cadeau
glaci,glace
kuler,cuillère
mastr,maître
muzik,musique
numer,numéro
poŝt,poste
prunt,prêt
sabat,samedi
ŝtat,état
ŝtup,marche
teler,assiette
terur,terreur
vapor,vapeur
insekt,insecte
januar,janvier
ĵaŭd,jeudi
kovert,enveloppe
krajon,crayon
manier,façon
objekt,objet
oktobr,octobre
plafon,plafond
region,région
religi,foi
spirit,esprit
arĝent,argent
danĝer,danger
decembr,décembre
dimanĉ,dimanche
februar,février
horloĝ,horloge
merkred,mercredi
novembr,novembre
produkt,produit
vendred,vendredi
septembr,septembre
bar,barrière
bek,bec
fak,spécialité
fum,fumée
gas,gaz
gut,goutte
jak,veste
kel,cave
kuv,cuve
lip,lèvre
nep,petit-fils
nev,neveu
not,note
ole,huile
ond,vague
ost,os
par,paire
pom,pomme
pot,pot
rad,roue
ret,réseau
sal,sel
sap,savon
sem,graine
sud,sud
sup,soupe
ŝu,chaussure
tas,tasse
tol,lin
tuk,toile
ung,ongle
val,vallée
vic,rangée
barb,barbe
bros,brosse
fakt,fait
flag,drapeau
fork,fourchette
forn,four
gast,hôte
gras,graisse
kapr,chèvre
karb,charbon
kest,boîte
korn,klaxon
krim,crime
lamp,lampe
mebl,meuble
mien,air
muŝ,mouche
nord,nord
past,pâte
pilk,balle
pint,pointe
polv,poussière
pont,pont
prez,prix
rand,bord
regn,royaume
seri,série
sign,signe
sort,destin
spic,épice
vang,joue
vost,queue
vund,blessure
botel,bouteille
buton,bouton
cifer,chiffre
faden,fil
frunt,front
haŭt,peau
honor,honneur
insul,île
kajer,cahier
kamen,foyer
legom,légume
liter,lettre
metal,métal
pingl,aiguille
polic,police
polur,lustre
premi,prix
regul,règle
sezon,saison
ŝanc,chance
ŝnur,corde
tabul,planche
viand,viande
baston,bâton
branĉ,rameau
ĉemiz,chemise
doktor,docteur
kravat,cravate
lecion,cours
maŝin,machine
milion,million
najbar,voisin
parenc,parenté
publik,public
scienc,science
sekret,secret
skatol,boîte
soldat,soldat
spegul,miroir
ŝarĝ,charge
ŝrank,placard
tualet,toilette
ĉapitr,chapitre
fromaĝ,fromage
kondiĉ,condition
praktik,pratique
serpent,serpent
ŝtrump,bas-chaussette
tegment,toit
telefon,téléphone
industri,industrie
kilogram,kilo
okcident,ouest
pantalon,pantalon
abi,sapin
agl,aigle
ber,baie
bot,botte
bul,balle
dat,date
glu,colle
jup,jupe
kav,creux
lan,laine
led,cuir
mod,mode
mor,mœurs
pin,pin
pip,tuyau
piz,pois
put,puits
rel,rail
riz,riz
rok,roche
suk,jus
tem,thème
tub,tube
tur,tour
vat,ouate
vaz,vase
zon,ceinture
arme,armée
bank,banque
bien,domaine
bier,bière
bret,étagère
brik,brique
cikl,cycle
ĉap,béret
drat,fil métallique
epok,ère
fask,faisceau
feri,vacances
film,film
flam,flamme
flos,radeau
fojn,foin
fulm,éclair
glob,sphère
grad,degré
gust,goût
kadr,cadre
krem,crème
kurb,courbe
kurs,cours
larm,larme
leon,lion
litr,litre
luks,luxe
meti,métier
metr,mètre
najl,clou
nest,nid
pajl,paille
plac,place
plad,plat
plan,plan
poet,poète
pugn,poing
ring,anneau
sabl,sable
scen,scène
skal,échelle
soci,société
spac,espace
stal,écurie
task,tâche
tomb,tombe
verm,ver
vers,vers
viol,violette
agord,accord
balon,ballon
bilet,billet
burĝ,bourgeois
centr,centre
etaĝ,étage
farun,farine
figur,figure
frost,gel
gorĝ,gorge
grund,sol
haven,port
hotel,hôtel
humor,humeur
karot,carotte
katar,catarrhe
kling,lame
koton,coton
kvant,quantité
lepor,lièvre
makul,tache
manik,manche
membr,membre
mizer,misère
nebul,brouillard
organ,organe
parti,parti
pastr,prêtre
radik,racine
serur,serrure
solid,solide
sonor,sonnerie
strek,trait
ŝvit,sueur
tabak,tabac
tabel,tableau
titol,titre
tondr,tonnerre
valiz,valise
ventr,abdomen
alumet,allumette
aparat,appareil
brasik,chou
citron,citron
ĉifon,chiffon
dekliv,pente
dezert,désert
elektr,électrique
energi,énergie
fianĉ,fiancé
hirund,hirondelle
kelner,serveur
kvalit,qualité
majstr,maître
mantel,cape
martel,marteau
matrac,matelas
menton,menton
oranĝ,orange
origin,origine
potenc,puissance
salajr,salaire
sekund,seconde
societ,société
stomak,estomac
ŝultr,épaule
tapiŝ,tapis
tritik,blé
aventur,aventure
cigared,cigarette
distanc,distance
embaras,embarras
kamarad,camarade
kaserol,casserole
komitat,comité
kongres,congrès
kvadrat,carré
magazen,entrepôt
pasport,passeport
politik,politique
registr,registre
ter/pom##,ter/pom##
akcident,accident
aŭtobus,bus
aŭtomat,automate
ĉokolad,chocolat
direktor,chef
instinkt,instinct
karakter,caractère
kaŭĉuk,caoutchouc
material,matière
standard,drapeau
telegraf,télégraphe
restoraci,resto
ark,arc
baz,base
beb,bébé
bub,gamin
bud,cabane
fel,fourrure
hok,crochet
huf,sabot
jur,droit
kas,caisse
kin,cinéma
kom,virgule
kot,boue
lup,loup
mam,sein
map,carte
min,mine
mus,souris
net,net
nod,nœud
orf,orphelin
ort,angle droit
pat,poêle
pil,pile
pir,poire
pup,poupée
rat,rat
rip,côte
rob,robe
tip,type
ton,ton
urs,ours
var,marchandise
vel,voile
vit,vigne
abel,abeille
aŭt,auto
bluz,blouse
boat,bateau
brov,sourcil
cerb,cerveau
ĉek,chèque
ĉen,chaîne
disk,disque
dram,drame
drap,drap
duŝ,douche
ezok,brochet
farb,peinture
febr,fièvre
fend,fente
foir,foire
fost,poteau
frag,fraise
fulg,suie
funt,livre
gant,gant
geni,génie
glor,gloire
golf,baie
hajl,grêle
hero,héros
kemi,chimie
kord,corde
kork,bouchon
krad,grille
kran,robinet
kret,craie
kriz,crise
kron,couronne
kugl,balle
kupr,cuivre
lift,ascenseur
list,liste
mast,mât
nadl,aiguille
nerv,nerf
oliv,olive
park,parc
pasi,passion
pask,Pâques
pelt,fourrure
plet,plateau
poem,poème
proz,prose
pulm,poumon
pulv,poudre
rang,rang
revu,revue
ritm,rythme
seks,sexe
sens,sens
silk,soie
simi,singe
sojl,seuil
stil,style
stri,rayure
ŝel,écorce
tend,tente
verb,verbe
verg,baguette
vert,sommet
vidv,veuf
virt,vertu
vual,voile
vulp,renard
afiŝ,affiche
album,album
almoz,aumône
arane,araignée
asoci,asso
avenu,avenue
aviad/il##,aviad/il##
barel,tonneau
bazar,foire
betul,bouleau
brems,frein
butik,magasin
detal,détail
diabl,diable
emoci,émotion
enigm,énigme
esenc,essence
faŭk,gueule
fizik,physique
framb,framboise
grajn,grain
ĥemi,chimie
ideal,idéal
juvel,bijou
katen,chaîne
kitel,blouse
kruĉ,cruche
krust,croûte
kubut,coude
kukol,coucou
kverk,chêne
lamen,feuille
marĉ,marais
metod,méthode
model,modèle
motor,moteur
nivel,niveau
palac,palais
panj,maman
penik,pinceau
pioĉ,pioche
plumb,plomb
poezi,poésie
salon,salon
saŭc,sauce
sitel,seau
sklav,esclave
sport,sport
stamp,cachet
stang,barre
stump,souche
ŝtal,acier
ŝtof,tissu
teatr,théâtre
teori,théorie
teren,sol
trajn,train
trajt,trait
trunk,tronc
venen,poison
veŝt,gilet
abomen,dégoût
anĝel,ange
animal,animal
apetit,appétit
apotek,pharmacie
benzin,essence
bicikl,vélo
bombon,bonbon
cement,ciment
ĉeriz,cerise
desert,dessert
fabrik,usine
financ,finances
funebr,deuil
funkci,fonction
garaĝ,garage
imperi,empire
impost,taxe
impres,impression
kalkan,talon
kalson,culotte
kamion,camion
kandel,bougie
kanzon,chanson
kastel,château
klient,client
kol/um##,kol/um##
kurten,rideau
mandat,mandat
mister,mystère
moskit,moustique
muskol,muscle
ombrel,parapluie
paĉj,papa
parfum,parfum
patron,mécène
petrol,pétrole
posten,poste
pozici,position
proces,procès
profit,profit
proviz,stock
pulvor,poudre
recept,recette
rekord,record
rezerv,réserve
signal,signal
sistem,système
surfac,surface
ŝofor,chauffeur
tajlor,tailleur
trezor,trésor
trikot,tricoter
vakcin,vaccin
advokat,avocat
alkohol,alcool
ampleks,ampleur
broŝur,brochure
bulvard,boulevard
deficit,déficit
ekonomi,économie
elefant,éléphant
ĵurnal,journal
kabinet,cabinet
kapital,capitaux
koncert,concert
krepusk,crépuscule
kvartal,quartier
miliard,milliard
pejzaĝ,paysage
problem,problème
profesi,métier
simpati,sympathie
student,étudiant
ŝraŭb,vis
tempest,tempête
traktor,tracteur
tri/angul##,tri/angul##
trotuar,trottoir
adjektiv,adjectif
dekoraci,décor
ekvilibr,équilibre
esperant,espéranto
hospital,hôpital
intelekt,intellect
kalendar,calendrier
kilometr,kilomètre
komision,commission
meĥanik,mécanique
milimetr,millimètre
original,original
pretekst,prétexte
struktur,structure
telegram,télégramme
tribunal,tribunal
bibliotek,bibliothèque
fundament,base
inĝenier,ingénieur
konferenc,conférence
konscienc,conscience
literatur,littérature
meĥanism,mécanisme
rekompenc,récompense
respublik,république
sekretari,secrétaire
apartament,appartement
aŭtomobil,voiture
aŭtoritat,autorité
instrument,outil
medikament,médicament
temperatur,température
cirkonstanc,circonstance
eksperiment,expérience
mal/varm/um##,mal/varm/um##
ajl,ail
akn,acné
aks,axe
akt,acte
ale,allée
alg,algue
apr,sanglier
azi,Asie
bal,bal
bet,betterave
buk,boucle
cep,oignon
cir,cire
dot,dot
eĥ,écho
fab,fève
fac,face
fag,hêtre
fig,figue
gal,bile
gru,grue
gum,gomme
hal,hall
jug,joug
kal,corne
kaz,cas
kub,cube
lad,tôle
lak,laque
lap,bardane
lin,lin
lot,tirage
luk,hublot
mas,masse
mat,échec
nuk,nuque
pap,pape
pav,paon
pig,pie
pus,pus
ran,grenouille
ren,rein
rib,groseille
rim,rime
rol,rôle
ros,rosée
sag,flèche
sin,sein
ski,ski
sof,sofa
tig,tige
tuf,touffe
tun,tonne
vip,fouet
akci,action
atom,atome
aven,avoine
bant,noeud
bark,barque
bask,panier
bend,bande
blok,bloc
bors,bourse
bovl,bol
brid,frein
brut,bétail
bukl,boucle
bulb,bulbe
bulk,petit pain
cerv,cerf
cign,cygne
ĉel,cellule
dand,dandy
diet,régime
dorn,épine
etap,étape
etat,état
feĉ,lie
felt,feutre
frak,queue
fraz,phrase
fung,champignon
garb,gerbe
gent,clan
glav,épée
gobi,goujon
gram,gramme
greg,troupeau
grip,grippe
grot,grotte
gudr,goudron
ĝib,bosse
heĝ,haie
himn,hymne
ĥor,chœur
kaĉ,bouillie
kaĝ,cage
kaka,cacao
kakt,cactus
karn,chair
karp,carpe
kejl,cheville
kern,noyau
klub,club
korv,corbeau
kosm,cosmos
kult,culte
laĉ,lacets
lard,lard
larv,larve
lice,lycée
likv,liquide
lili,lys
maiz,maïs
malv,mauve
mens,esprit
menu,menu
miel,miel
musk,mousse
muze,musée
nuks,noix
oper,opéra
oval,ovale
palm,palmier
palt,manteau
pane,panne
perl,perle
pian,piano
pice,épicéa
pipr,poivre
plag,fléau
prun,prune
pudr,poudre
punt,dentelle
raci,raison
rent,loyer
ruin,ruine
rust,rouille
situ,site
sled,luge
sorg,sorgho
spik,épi
spur,trace
stan,étain
sulk,sillon
takt,rythme
tali,taille
tigr,tigre
tort,tarte
tram,tram
trup,troupe
vaks,cire
vejn,veine
vesp,guêpe
vind,couche
zink,zinc
afrik,Afrique
agent,agent
akord,accord
akrid,sauterelle
aktor,acteur
alarm,alerte
ampol,ampoule
angil,anguille
anser,oie
artik,articulation
bacil,bacille
bambu,bambou
banan,banane
brand,cognac
bronz,bronze
buked,bouquet
cigar,cigare
cikad,cigale
cinam,cannelle
cindr,cendre
cirkl,cercle
civit,cité
ĉerk,cercueil
debet,dette
diant,œillet
dogan,douane
efekt,effet
ekran,écran
emajl,émail
event,événement
fabel,conte
fasad,façade
fason,tailleur
fluid,fluide
fotel,fauteuil
front,avant
funel,entonnoir
ĝerm,germe
hepat,foie
horde,orge
infer,enfer
ironi,ironie
kaban,cabane
kahel,carreau
kajut,cabine
kamel,chameau
kanal,canal
kankr,crabe
karaf,carafe
kokos,coco
krani,crâne
krest,crête
kukum,concombre
kupon,bon
kusen,coussin
latun,laiton
laŭb,tonnelle
lekci,cours
lesiv,lessive
limak,limace
logik,logique
lotus,lotus
melon,melon
moral,moralité
muzel,museau
nilon,nylon
ocean,océan
palat,palais
palis,pieu
papag,perroquet
paser,moineau
pensi,pension
peron,perron
pilot,pilote
pland,plante
plast,plastique
porci,part
princ,prince
pupil,pupille
rabat,rabais
rafan,radis
raŭp,chenille
resum,résumé
rimen,sangle
roman,roman
salat,salade
salik,saule
satir,satire
sciur,écureuil
sekal,seigle
sekci,section
senat,sénat
split,éclat
spong,éponge
stadi,stade
statu,statue
sterk,engrais
strig,hibou
strut,autruche
ŝink,jambon
ŝtip,bûche
tapet,papier peint
tarif,tarif
tegol,tuile
tekst,texte
teras,terrasse
tomat,tomate
tuber,bosse
tunel,tunnel
velur,velours
veruk,verrue
vezik,vessie
volum,tome
adverb,adverbe
akcent,accent
alaŭd,alouette
amator,amateur
amerik,Amérique
arteri,artère
asfalt,asphalte
aŭtor,auteur
barbir,barbier
buĝet,budget
bulten,bulletin
cikatr,cicatrice
cikoni,cigogne
cirkel,compas
daktil,datte
dialog,dialogue
ego/ist##,ego/ist##
eklezi,église
emerit,retraité
eŭrop,Europe
fajenc,faïence
fazeol,haricot
fontan,fontaine
formik,fourmi
formul,formule
fripon,escroc
furaĝ,fourrage
galoŝ,caoutchouc
gvardi,garde élite
ĝemel,jumeau
hangar,hangar
haring,hareng
hazard,hasard
hektar,hectare
herold,héraut
higien,hygiène
impuls,impulsion
insign,insigne
intest,intestin
jubile,jubilation
karton,carton
kasked,casquette
kavern,caverne
kirurg,chirurgien
klimat,climat
klinik,clinique
kolegi,collège
kolomb,pigeon
kolumn,colonne
komedi,comédie
konsul,consul
konval,muguet
kornik,corneille
kostum,tenue
kredit,crédit
kukurb,courge
kunikl,lapin
kurent,courant
lacert,lézard
licenc,permis
maleol,cheville
materi,matière
mirtel,myrtille
monstr,monstre
oficir,officier
orator,orateur
papili,papillon
pendol,pendule
period,cycle
persik,pêche
pionir,pionnier
planed,astre
platan,platane
plural,pluriel
profet,prophète
prolet,prolétaire
pronom,pronom
reakci,réaction
reĝim,régime
rivolu,révolution
ruband,ruban
skorpi,scorpion
spinac,épinard
stamen,étamine
statur,taille
surtut,manteau
ŝakal,chacal
ŝaŭm,mousse
teknik,technique
testud,tortue
torent,torrent
trafik,trafic
tumult,tumulte
turism,tourisme
turist,touriste
vertic,sommet
viktim,victime
violon,violon
vulkan,volcan
vultur,vautour
abrikot,abricot
akademi,académie
alfabet,alphabet
alumini,alu.
ambasad,ambassade
anekdot,anecdote
apertur,ouverture
apostol,apôtre
asemble,assemblée
bagatel,bagatelle
bakteri,bactérie
bandaĝ,pansement
bifstek,steak
budĝet,budget
burĝon,bourgeon
central,central
cirkvit,circuit
ĉar/um##,ĉar/um##
dimensi,dimension
ekvator,équateur
element,élément
epidemi,épidémie
fantazi,fantaisie
fenomen,phénomène
gelaten,gélatine
general,général
girland,guirlande
harmoni,harmonie
instanc,juridiction
invalid,invalide
kaldron,chaudron
kaŝtan,châtaigne
katalog,catalogue
kirurgi,chirurgie
kolonel,colonel
komisar,commissaire
kompani,société
koncept,concept
konkord,accord
konkurs,compétition
koridor,couloir
kristal,cristal
lantern,lanterne
latitud,latitude
medicin,médical
mineral,minéral
minimum,minime
ministr,ministre
obstakl,obstacle
orkestr,orchestre
pacifik,Pacifique
palpebr,paupière
pantofl,pantoufle
paradiz,paradis
paralel,parallèle
plastik,art plastique
portret,portrait
princip,principe
program,programme
projekt,projet
proverb,proverbe
provinc,province
rendevu,rendez-vous
sin/ten##,sin/ten##
situaci,situation
stadion,stade
subjekt,sujet
teĥnik,technique
tendenc,tendance
tinktur,teinture
tradici,tradition
tragedi,tragédie
traktat,pacte
trumpet,trompette
uniform,livrée
vegetal,plante
viadukt,viaduc
volumen,volume
zoologi,zoologie
atlantik,Atlantique
avantaĝ,avantage
bracelet,bracelet
cirkuler,circulaire
dokument,document
federaci,fédération
generaci,génération
geografi,géographie
gramatik,grammaire
ĝendarm,gendarme
horizont,horizon
individu,individu
kandidat,candidat
karnaval,carnaval
kategori,catégorie
komun/um##,komun/um##
krokodil,crocodile
longitud,longitude
maksimum,maximum
marmelad,marmelade
monument,monument
paraŝut,parachute
pasaĝer,passager
pland/um##,pland/um##
porcelan,porcelaine
procent,pourcentage
profesor,professeur
radiator,radiateur
regiment,régiment
rekt/angul##,rekt/angul##
sandviĉ,sandwich
sindikat,syndicat
singular,singulier
specimen,échantillon
spektakl,spectacle
substanc,matière
teritori,territoire
vertikal,verticale
ambasador,ambassadeur
aŭstrali,Australie
centimetr,centimètre
ekspozici,expo
inspektor,inspecteur
kalkan/um##,kalkan/um##
konfidenc,confidentiel
lokomotiv,locomotive
matematik,mathématiques
metalurgi,métallurgie
ministeri,ministère
najtingal,rossignol
ortografi,orthographe
parlament,parlement
proletari,prolétaire
propozici,proposition
psikologi,psychologie
suplement,supplément
termometr,thermomètre
elektronik,électronique
helikopter,hélicoptère
horizontal,horizontal
komplement,complément
konsekvenc,conséquence
konstituci,constitution
laboratori,labo
leŭtenant,lieutenant
mediterane,Méditerranée
substantiv,nom
universitat,université
s-ro##,s-ro##
s-ino##,s-ino##
sinjor/in##,sinjor/in##
alk,orignal
aln,aulne
ann,Anne
bed,parterre
boa,boa
buf,crapaud
cim,bug
col,pouce
dam,dame
dig,digue
duk,duc
fav,teigne
fok,phoque
fut,pied
gad,morue
gam,gamme
gri,gruau
guf,hibou
huz,béluga
kan,roseau
ken,bois résineux
ker,cœur
kil,quille
kuf,coiffe
kul,moustique
kup,ventouse
laf,lave
lir,lyre
lod,once
lol,ivraie
mac,pain azyme
mel,blaireau
mes,messe
mev,mouette
muf,manchon
muk,mucus
mul,mulet
nap,navet
peg,pic
pol,Polonais
pul,puce
rap,navet
rif,récif
rod,mouillage
rot,troupe
rub,débris
rum,rhum
rus,russe
seb,suif
sel,selle
tez,thèse
tul,tulle
ulm,orme
uln,coudée
unc,once
urn,urne
vil,villosité
abat,abbé
acer,érable
akar,mite
alte,hibiscus
alun,alun
amel,amidon
anas,canard
angl,Anglais
aniz,anis
ankr,ancre
arĉ,archet
arde,héron
aren,arène
atut,atout
avel,noisette
aviz,avis
azot,azote
bast,écorce
bert,Berta
blat,cafard
bram,brème
bran,son
burd,bourdon
cedr,cèdre
citr,cithare
ĉam,chamois
ĉan,chien
dogm,dogme
drak,dragon
drog,drogue
ebon,ébène
eter,éther
fabl,fable
falk,faucon
fibr,fibre
flan,tarte
flok,flocon
flut,flûte
fraj,œufs
ftiz,phtisie
gajl,galle
gips,plâtre
glan,gland
glim,mica
graf,comte
gril,grillon
gros,groseille
gurd,orgue
ibis,ibis
idol,idole
kalk,chaux
kand,bonbon
kard,chardon
karo,carreau
kask,casque
kaze,caillé
kegl,quille
klap,valve
klav,touche
kluz,écluse
kojn,coin
koks,hanche
konk,coquille
kren,raifort
krep,crêpe
krop,jabot
krup,croup
lake,larbin
laks,diarrhée
legi,légion
lent,lentille
lepr,lèpre
lian,liane
lien,rate
link,lynx
liut,luth
lojt,lotte
lorn,jumelles
lumb,rein
lutr,loutre
magi,magie
mana,manne
mari,Marie
mask,masque
maŝ,mail
meĉ,mèche
mejl,mille
ment,menthe
merl,merle
mesi,messie
mili,millet
mirh,myrrhe
mirt,myrte
misi,mission
mops,carlin
most,moût
niĉ,niche
omar,homard
opal,opale
ostr,huître
paru,mésange
peĉ,goudron
pelv,bassin
perk,perche
pest,peste
petr,Pierre
pini,pin
pips,pip
plik,tresse
plot,chevesne
popl,peuplier
pram,bac
sakr,sacrum
salm,saumon
sepi,seiche
sofi,Sofia
sorp,sorbier
spat,spath
spin,rachis
stab,état-major
step,steppe
stip,tige
stof,matière
stup,étoupe
ŝak,échecs
ŝal,châle
ŝam,chamois
taft,taffetas
talp,taupe
tetr,tétras
tibi,tibia
tili,tilleul
tine,mite
torf,tourbe
trab,poutre
tref,trèfle
tril,trille
trip,tripes
trog,auge
tron,trône
truf,truffe
trul,truelle
trut,truite
turd,grive
turk,Turc
turt,tourterelle
uter,utérus
ŭat,watt
vafl,gaufre
vals,valse
vekt,fléau
zebr,zèbre
altar,autel
ambos,enclume
anton,Anton
ardez,ardoise
argil,argile
aspid,aspic
balen,baleine
barĉ,borsch
boben,bobine
brank,branchie
bubal,buffle
bufed,buffet
cejan,bleuet
dativ,datif
datur,datura
demon,démon
denar,denier
deviz,devise
domen,domino
embri,embryon
emili,Émilie
ermen,hermine
ermit,ermite
facet,facette
fazan,faisan
femur,fémur
filik,fougère
flegm,calme
fokus,foyer
franc,Français
frank,franc
fring,pinson
galon,galon
gazel,gazelle
genot,genette
georg,Georges
gitar,guitare
gland,glande
groŝ,groschen
hebre,hébreu
heder,lierre
herez,hérésie
herni,hernie
hirud,sangsue
hosti,hostie
husar,hussard
ĥaos,chaos
idili,idylle
johan,Jean
jozef,Joseph
kalik,calice
kambi,lettre
kamer,chambre
kanab,chanvre
kanap,canapé
kapel,chapelle
kapon,chapon
kapor,câprier
kapot,capote
karas,carassin
karob,caroube
katun,coton
kerub,chérubin
kiras,cuirasse
klaft,brasse
kloŝ,cloche
koaks,coke
koleg,collègue
kolon,colonne
komiz,employé
komod,commode
konus,cône
kopek,kopeck
koran,Coran
kramp,agrafe
kring,bretzel
krisp,volant
krist,Christ
kupol,dôme
kvarc,quartz
kvart,quarte
lanug,duvet
laŭr,laurier
libel,libellule
liken,lichen
livre,livrée
loĝi,loge
lupol,houblon
lustr,lustre
luter,Luther
medal,médaille
meriz,merise
moned,choucas
morus,mûrier
moŝt,titre
negoc,commerce
nobel,noble
novic,novice
nuanc,nuance
oblat,hostie
okzal,oseille
orden,décoration
orgen,orgue
paĝi,page
papav,pavot
pariz,Paris
paŭl,Paul
pavim,pavé
pedik,pou
perĉ,perche
piked,poste
pilol,pilule
pirit,pyrite
pirol,bouvreuil
piroz,pyrosis
piŝt,piston
pluŝ,peluche
poent,point
pokal,coupe
polus,pôle
potas,potasse
prujn,givre
pudel,caniche
pumik,pierre ponce
punĉ,punch
putor,putois
raben,rabbin
rapir,rapière
regol,roitelet
rezin,résine
rostr,trompe
ruben,rubis
safir,saphir
salvi,sauge
sigel,sceau
silab,syllabe
silik,silex
silur,silure
silvi,fauvette
sirop,sirop
skabi,gale
skadr,escadron
skarp,écharpe
skvam,écaille
sorik,musaraigne
spion,espion
spron,éperon
stabl,établi
sturg,esturgeon
sturn,étourneau
ŝalm,chalumeau
ŝark,requin
ŝelk,bretelles
ŝild,bouclier
ŝind,bardeau
ŝlim,boue
taban,taon
tavol,couche
tempi,tempe
tetan,tétanos
tetra,tétras
timon,timon
topaz,topaze
torĉ,torche
tromb,trombe
tulip,tulipe
ulcer,ulcère
urtik,ortie
vanil,vanille
vasal,vassal
velen,vélin
verst,verste
vezir,vizir
vipur,vipère
vokal,voyelle
zenit,zénith
zibel,zibeline
zizel,souslik
absces,abcès
absint,absinthe
alcion,martin-pêcheur
amfibi,amphibie
ananas,ananas
artrit,arthrite
atripl,arroche
berlin,Berlin
bismut,bismuth
boraks,borax
buljon,bouillon
bulonj,Boulogne
buŝel,boisseau
centim,centime
cikori,chicorée
cimbal,cymbale
cinabr,cinabre
cipres,cyprès
ĉarpi,charpie
damask,damas
delfen,dauphin
didelf,opossum
embusk,embuscade
epolet,épaulette
erinac,hérisson
ernest,Ernest
eskadr,escadre
faktur,facture
falbal,volant
fantom,fantôme
faring,pharynx
fenkol,fenouil
ferdek,pont
fistul,fistule
flanel,flanelle
fosfor,phosphore
franĝ,frange
furunk,furoncle
fusten,fustian
galeri,galerie
gamaŝ,guêtre
german,Allemand
granat,grenade
granit,granit
grenad,grenade
grifel,stylet
ĝiraf,girafe
haladz,puanteur
hamstr,hamster
hispan,Espagnol
ĥimer,chimère
ĥoler,choléra
ingven,aine
izrael,Israël
jasmen,jasmin
kaleŝ,calèche
kalvin,Calvin
kamfor,camphre
kamlot,camelin
kanajl,vaurien
kanari,canari
kantor,chantre
kanvas,toile
kapsul,capsule
kapuĉ,capuche
kardel,chardonneret
karmin,carmin
karpen,charme
kastor,castor
kaviar,caviar
kobalt,cobalt
kobold,farfadet
kolbas,saucisse
kolibr,colibri
kolimb,plongeon
kolubr,couleuvre
komuni,communion
kontor,bureau
kontur,contour
kornic,corniche
korpus,corps
koturn,caille
kraken,biscuit
kratag,aubépine
krater,cratère
kronik,chronique
kurier,coursier
lampir,luciole
laring,larynx
lavang,avalanche
legend,légende
lekant,marguerite
lentug,tache
levkoj,giroflée
likvor,liqueur
litani,litanie
london,Londres
magnet,aimant
makzel,mâchoire
mangan,manganèse
markot,couche
marmor,marbre
marmot,marmotte
mastik,mastic
migdal,amande
miogal,rat musqué
miozot,myosotis
monaĥ,moine
morbil,rougeole
morter,mortier
muskat,muscade
muslin,mousseline
mustel,belette
nanken,nankin
narcis,narcisse
nikola,Nicolas
notari,notaire
orakol,oracle
paletr,palette
panter,panthère
parget,parquet
paroĥ,paroisse
parter,rez-de-chaussée
pastel,pastille
patent,brevet
patrol,patrouille
pfenig,pfennig
pistak,pistache
pistol,pistolet
plastr,emplâtre
platen,platine
ponard,dague
porfir,porphyre
porter,stout
primol,primevère
prunel,prunelle
purpur,pourpre
rekrut,recrue
rempar,rempart
risort,ressort
rosmar,morse
rozari,chapelet
rubrik,titre
safran,safran
sambuk,sureau
sankci,sanction
sardel,anchois
sceptr,sceptre
selakt,lactosérum
servic,vaisselle
servut,servage
siring,lilas
skapol,scapula
skarab,scarabée
skolop,bécasse
skurĝ,fouet
sofism,sophisme
sopran,soprano
spalir,rangée
stefan,Stéphane
sufiks,suffix
sukcen,ambre
sulfur,soufre
talent,talent
tambur,tambour
tenden,tendon
teodor,Théodore
termin,terme
testik,testicule
timian,thym
tombak,laiton rouge
traĥe,trachée
tremol,peuplier
tribun,estrade
tropik,tropiques
turban,turban
turkis,turquoise
turnir,tournoi
urogal,grand tétras
variol,variole
viburn,viorne
vikari,vicaire
vinagr,vinaigre
vizier,visière
volupt,volupté
ablativ,ablatif
antimon,antimoine
arleken,bouffon
arsenik,arsenic
artifik,ruse
asparag,asperge
bajonet,baïonnette
bastion,bastion
beladon,belladone
biskvit,biscuit
ĉampan,champagne
ĉarnir,charnière
diamant,diamant
episkop,évêque
eŝafod,échafaud
fraksen,frêne
frangol,nerprun
fringel,tarin
genitiv,génitif
henriet,Henriette
hidrarg,mercure
hiskiam,jusquiame
histrik,porc-épi
jugland,noyer
juniper,genévrier
kalikot,calicot
kamizol,gilet
kamomil,camomille
kapitan,capitaine
kapitel,chapiteau
kapreol,chevreuil
kapucen,capucin
karaben,carabine
kartoĉ,cartouche
karusel,manège
kavalir,chevalier
klarnet,clarinette
klister,lavement
kokluŝ,coqueluche
kolofon,colophane
kompres,compresse
kurator,tuteur
kvitanc,reçu
leontod,pissenlit
leopard,léopard
limonad,limonade
lonicer,chèvrefeuille
ludovik,Ludwig
lunatik,fou
maroken,cuir marocain
marŝal,maréchal
meleagr,dinde
membran,membrane
miĥael,Michel
monarĥ,roi
mustard,moutarde
negliĝ,négligé
nikodem,Nicodème
novjork,New York
oksigen,oxygène
oksikok,canneberge
parazit,parasite
pasteĉ,pâté
pelikan,pélican
perdrik,perdrix
poligon,polygone
prefiks,préfixe
redakci,rédaction
rinocer,rhinocéros
salpetr,salpêtre
sentenc,adage
skarlat,écarlate
skorbut,scorbut
skrofol,écrouelles
smerald,émeraude
sterled,sterlet
stertor,ronflement
ŝiller,Schiller
umbilik,nombril
univers,univers
varsovi,Varsovie
verdigr,vert-de-gris
vertebr,vertèbre
vespert,chauve-souris
vestibl,hall
vilhelm,Guillaume
virtuoz,virtuose
vitriol,vitriol
zingibr,gingembre
akcipitr,faucon
akuzativ,accusatif
argument,argument
arĥaism,archaïsme
artiŝok,artichaut
baldaken,baldaquin
briliant,bijou
diplomat,diplomate
distrikt,zone
elizabet,Élisabeth
fragment,fragment
framason,franc-maçon
frugileg,corbeau
hidrogen,hydrogène
hortulan,ortolan
institut,institut
kantarid,cantharide
kariofil,clou
kartilag,cartilage
katarakt,cataracte
koĉenil,cochenille
kokcinel,coccinelle
konvulsi,convulsion
leksikon,lexique
marcipan,massepain
medalion,médaillon
monarĥi,monarchie
obstrukc,obstruction
paradoks,paradoxe
parentez,parenthèse
particip,participe
pasament,galon
pastinak,panais
pergamen,parchemin
peritone,péritoine
perlamot,nacre
petromiz,lamproie
petrosel,persil
ranunkol,renoncule
redaktor,éditeur
rezultat,résultat
rosmaren,romarin
serĝent,sergent
sublimat,sublimé
taĉment,escouade
terebint,térébinthe
tornistr,sac à dos
zamenhof,Zamenhof
aleksandr,Alexandre
anunciaci,Annonciation
balustrad,rampe
ĉambelan,chambellan
ĉarlatan,charlatan
deklinaci,déclinaison
diplomati,diplomatie
ekscelenc,Excellence
ekzempler,exemplaire
entuziasm,enthousiasme
fortepian,piano
galanteri,accessoires
iĥtiokol,colle de poisson
instituci,institution
instrukci,ordre
kancelari,chancellerie
kancelier,chancelier
kataplasm,emplâtre
kondolenc,condoléance
konjugaci,conjugaison
konjunkci,conjonction
konsonant,consonne
korporaci,société
kvaranten,quarantaine
nominativ,nominatif
pentekost,Pentecôte
piedestal,socle
prepozici,préposition
privilegi,privilège
promontor,cap
salamandr,salamandre
testament,testament
vermiĉel,vermicelle
interjekci,interjection
superstiĉ,superstition
vaŝington,Washington
violonĉel,violoncelle
arĥitektur,architecture
interpunkci,ponctuation
jork,York
parok,paroisse
navig,navigation
kaos,chaos
kimer,chimère
korus,chœur
monak,moine
iktiokol,ichtyocolle
ald,alto
alo,aloès
api,céleri
ari,air
bas,basse
car,tsar
dog,mâtin
dok,dock
doz,dose
ego,ego
elf,elfe
etn,ethnie
faz,phase
fon,fond
fuk,épave
gaz,gaz
gem,bijou
hum,humus
jod,iode
jud,juif
kep,képi
lat,lattis
lob,lobe
mim,mime
mit,mythe
muz,muse
nas,nasse
nav,nef
niz,épervier
oaz,oasis
opi,opium
puf,gonflement
raj,raie
ras,race
ref,ris
rit,rite
rut,rue
sod,soude
tif,typhus
tog,toge
viz,visa
agat,agate
aĝi,prime
alen,alêne
ambr,ambre
amor,amour
aort,aorte
arom,arôme
astm,asthme
astr,astre
azil,asile
bard,barde
bomb,bombe
bosk,bosquet
brom,brome
bust,buste
cend,cent
cidr,cidre
cirk,cirque
dali,dahlia
dign,dignité
duel,duel
duet,duo
ebur,ivoire
eden,Éden
egid,égide
erik,bruyère
etik,éthique
etim,étymon
fars,farce
fili,branche
fisk,trésor
furi,furie
gnom,gnome
grog,grog
gruz,gravier
ĝin,gin
hidr,hydre
hien,hyène
irid,iris
iris,iris
istm,isthme
jesu,Jésus
junk,jonc
kabl,câble
kali,potassium
kame,camée
kast,caste
klor,chlore
kofr,coffre
kolz,colza
kont,compte
krab,crabe
kres,cresson
kupe,compartiment
laik,laïc
lama,lama
lanc,lance
lens,lentille
lord,lord
malt,malt
mani,manie
medi,milieu
milv,milan
mitr,mitre
moru,morue
mosk,musc
mumi,momie
naft,pétrole brut
negr,Noir
nimb,auréole
norm,norme
obol,obole
ogiv,ogive
orgi,orgie
ozon,ozone
penc,sou
pleb,plèbe
podi,estrade
polk,polka
pomp,pompe
pore,poireau
rabi,rage
rism,rame
romb,losange
rubl,rouble
sabr,sabre
sagu,sagou
sald,solde
salv,salve
sekt,secte
sfer,sphère
skem,schéma
skol,école
slip,fiche
sokl,socle
sold,solde
sole,sole
spad,épée
ŝah,chah
talk,talc
teni,ténia
tiar,tiare
tink,tanche
tors,torse
tost,toast
trop,tropes
turb,toupie
ukaz,oukase
ulan,uhlans
uzur,usure
verv,verve
vink,pervenche
visk,gui
vist,whist
vizi,vision
zuav,zouave
abism,abîme
adept,adepte
afiks,affixe
afust,affût
agraf,agrafe
akaci,acacia
akciz,taxe
aksel,aisselle
albin,albinos
alibi,alibi
aline,alinéa
alkov,alcôve
amfor,amphore
angin,angine
angor,angoisse
anten,antenne
apati,apathie
apoge,apogée
arkad,arcade
arkiv,archive
arnik,arnica
atlas,atlas
atlet,athlète
aviad,aérien
balad,ballade
balet,ballet
barak,baraque
baron,baron
basen,bassin
beril,béryl
bibli,Bible
bigot,fanatique
biret,béret
bitum,bitume
bivak,bivouac
breĉ,brèche
broĉ,broche
bronk,bronche
cigan,Gitan
cikut,ciguë
ĉifr,code
debat,débat
dekan,doyen
dilem,dilemme
diluv,déluge
divan,canapé
dolar,dollar
drakm,drachme
dukat,ducat
edikt,édit
eklog,églogue
ekzem,eczéma
elegi,élégie
elips,ellipse
elizi,élision
emfaz,accentuation
epope,épopée
fagot,basson
fakir,fakir
fatal,fatalité
feŭd,fief
fiakr,fiacre
fiask,échec
final,finale
fjord,fjord
forum,forum
fresk,fresque
furor,succès
galer,galère
galop,galop
garol,geai
goril,gorille
hamak,hamac
harem,harem
harpi,harpie
helic,hélice
helik,escargot
hisop,hysope
hoboj,hautbois
humer,humérus
idiom,idiome
idiot,idiot
ileks,houx
iluzi,illusion
indiga,indigo
jalap,jalap
jud/ism##,jud/ism##
kabal,cabale
kadet,cadet
kalif,calife
kanon,canon
karat,carat
kazin,casino
kinin,quinine
kirŝ,kirsch
kloak,égout
kobaj,cobaye
kokon,cocon
kolik,colique
kolos,colosse
komet,comète
koral,corail
korne,cornée
korol,corolle
kozak,Cosaque
krabr,frelon
kreol,créole
kript,crypte
kulis,coulisse
kumin,cumin
kvast,gland
kvint,quinte
lagun,lagune
lapis,nitrate
larik,mélèze
later,côté
lazur,azur
legat,légat
lirik,lyrique
madon,Vierge
major,commandant
mamut,mammouth
medol,moelle
meduz,méduse
melas,mélasse
melis,mélisse
miasm,miasme
mimoz,mimosa
mitul,moule
moske,mosquée
motiv,motif
natri,sodium
nikel,nickel
nimfe,nénuphar
noktu,chouette
nomad,nomade
novel,nouvelle
nunci,nonce
oksid,oxyde
oktav,octave
oniks,onyx
optik,optique
orbit,orbite
oriol,oriole
ovaci,ovation
pagod,pagode
panel,panneau
panik,panique
paraf,paraphe
patos,pathos
pedal,pédale
pedel,huissier
peoni,pivoine
peruk,perruque
pigme,pygmée
pirat,pirate
pivot,pivot
polip,polype
polis,police
pomad,pommade
prior,prieur
prism,prisme
psalm,psaume
raket,fusée
rebus,énigme
retin,rétine
retor,rhétoricien
rezed,réséda
ricin,ricin
rokok,rococo
rubus,ronce
rutin,routine
saliv,salive
satan,Satan
saten,satin
seraf,séraphin
sifon,siphon
sinap,moutarde
sinod,synode
siren,sirène
skalp,cuir chevelu
skerc,scherzo
skism,schisme
sonat,sonate
sonet,sonnet
spasm,spasme
sperm,sperme
splen,mélancolie
stopl,chaume
strof,strophe
sutan,soutane
ŝose,route
ŝpat,bêche
taler,thaler
tanin,tanin
tarok,tarot
teism,théisme
teist,théiste
templ,temple
tenor,ténor
teror,terreur
tindr,amadou
tiran,tyran
tonel,tonne
trofe,trophée
trust,trust
tunik,tunique
utopi,utopie
vanel,vanneau
vinkt,agrafe
viper,vipère
viski,whisky
zefir,zéphyr
advent,Avent
aksiom,axiome
akvari,aquarium
algebr,algèbre
alkemi,alchimie
ambici,ambition
amulet,amulette
anagal,mouron
anarki,anarchie
anatom,anatomiste
anĉov,anchois
anemon,anémone
anilin,aniline
aplomb,assurance
apolog,fable
arbust,arbuste
arĥiv,archives
asesor,assesseur
ateism,athéisme
ateist,athée
aŭkci,enchère
balast,lest
balkon,balcon
balzam,baume
bandit,bandit
barbar,barbare
barier,barrière
bateri,pile
batist,batiste
bazalt,basalte
beletr,belles-lettres
bilanc,bilan
bilard,billard
binokl,jumelles
biolog,biologiste
blazon,blason
blokad,blocus
bordel,bordel
braman,Brahmane
brigad,brigade
buduar,boudoir
burnus,burnous
celeri,céleri
cidoni,coing
ciklon,cyclone
ciklop,Cyclope
dekret,décret
depeŝ,dépêche
despot,despote
diabet,diabète
diadem,diadème
diakon,diacre
diplom,diplôme
divizi,division
dragon,dragon
eklips,éclipse
eksces,excès
ekstaz,extase
ekvaci,équation
emblem,emblème
emulsi,émulsion
endivi,endive
epilog,épilogue
epitet,épithète
epizod,épisode
erupci,éruption
eskort,escorte
estrad,estrade
etiket,étiquette
eŭnuk,eunuque
ezofag,œsophage
faktor,facteur
falang,phalange
fanfar,fanfare
feniks,phénix
feston,guirlande
fetiĉ,fétiche
fleksi,flexion
floren,florin
format,format
frakci,fraction
fregat,frégate
galant,perce-neige
gangli,ganglion
genist,genêt
geolog,géologue
gerani,géranium
gigant,géant
glazur,émail
glikoz,glucose
glukoz,glucose
gondol,gondole
grafit,graphite
gulden,florin
harpun,harpon
hetman,chef militaire
hipnot,hypnose
incens,encens
indeks,index
inflam,inflammation
jaguar,jaguar
jezuit,jésuite
ĵaket,veste
kadavr,cadavre
kadenc,cadence
kalibr,calibre
kameli,camélia
kantat,cantate
kanton,canton
karbon,carbone
karcer,prison
karier,carrière
kariol,carriole
katedr,chaire
kaŭci,caution
kazern,caserne
kokard,cocarde
kolodi,collodion
koloni,colonie
kompas,boussole
kondor,condor
konjak,cognac
korife,chef de chœur
kornet,cornet
korsar,corsaire
korset,corset
korvet,corvette
kotlet,côtelette
kursiv,italique
laktuk,laitue
lavend,lavande
loteri,loterie
lucern,lampe
maksim,maxime
malari,paludisme
marasm,marasme
markiz,marquis
martir,martyr
masaĝ,massage
mazurk,mazurka
medium,médium
melodi,mélodie
mentor,guide
merkat,marché
mespil,néflier
meteor,météore
metrik,métrique
mikrob,microbe
mirakl,miracle
miriad,myriade
molusk,mollusque
monark,souverain
morfin,morphine
mozaik,mosaïque
munici,munition
nektar,nectar
orkide,orchidée
paĉul,patchouli
parodi,parodie
pavian,babouin
pedant,pédant
pepsin,pepsine
petard,pétard
piastr,piastre
pistil,pilon
podagr,goutte
ponton,ponton
portal,portail
portik,portique
prelat,prélat
prelud,prélude
premis,prémisse
profan,profane
profil,profil
prolog,prologue
puding,pudding
pupitr,pupitre
pustul,pustule
rabarb,rhubarbe
regent,régent
rektor,recteur
relief,relief
retort,rétort
romanc,romance
rotond,rotonde
sandal,sandale
santal,santal
sarong,sarong
satrap,satrape
sektor,secteur
septet,septuor
serajl,sérail
sevrug,esturgeon
sfinks,sphinx
siluet,silhouette
simbol,symbole
sinkop,syncope
sintez,synthèse
skelet,squelette
sofist,sophiste
spektr,spectre
spiral,spirale
sponde,spondée
suflor,souffleur
sultan,sultan
ŝalup,chaloupe
ŝankr,chancre
ŝarad,charade
taksus,if
taktik,tactique
talmud,Talmud
tamtam,tamtam
tandem,tandem
tapiok,tapioca
teolog,théologien
teorem,théorème
terapi,thérapie
tercet,trio
termit,termites
tonsur,tonsure
torped,torpille
trapez,trapèze
tribut,tribut
triumf,triomphe
turbin,turbine
unison,unisson
uragan,ouragan
vampir,vampire
verand,véranda
vermut,vermouth
vinjet,vignette
zigzag,zigzag
zodiak,zodiaque
admiral,amiral
aerolit,météorite
aforism,aphorisme
agronom,agronome
akrobat,acrobate
akvarel,aquarelle
alegori,allégorie
alĥemi,alchimie
almanak,almanach
ambrozi,ambroisie
ametist,améthyste
amnesti,amnistie
anagram,anagramme
analogi,analogie
anapest,anapeste
anatomi,anatomie
angelik,angélique
anomali,anomalie
antilop,antilope
antipod,antipode
antitez,antithèse
apoteoz,apothéose
apozici,apposition
arabesk,arabesque
arkaism,archaïsme
asonanc,assonance
atavism,atavisme
atribut,attribut
aŭreol,auréole
bankier,banquier
barikad,barricade
bariton,baryton
bastard,bâtard
bazilik,basilique
biograf,biographe
biologi,biologie
bisturi,bistouri
bombast,fanfaronnade
botanik,botanique
celuloz,cellulose
ceramik,céramique
cilindr,cylindre
cistern,réservoir
citadel,fort
ĉevron,chevron
demagog,démagogue
diagnoz,diagnostic
dialekt,dialecte
diametr,diamètre
difteri,diphtérie
diftong,diphtongue
dinamik,dynamique
dinamit,dynamite
dinasti,dynastie
doktrin,doctrine
ekspres,express
eliksir,élixir
eminenc,éminence
epiderm,épiderme
epifani,Épiphanie
epigraf,épigraphe
epigram,épigramme
erudici,érudition
estetik,esthétique
etim/olog##,etim/olog##
etiolog,étiologiste
evoluci,évolution
farmaci,pharmacie
filolog,philologue
filozof,philosophe
fonetik,phonétique
fronton,fronton
gangren,gangrène
gardeni,gardénia
gencian,gentiane
geodezi,géodésie
geograf,géographe
geologi,géologie
geometr,géomètre
gerundi,gérondif
gilotin,guillotine
gimnast,gymnaste
gimnazi,lycée
guberni,province
hiacint,jacinthe
hipotek,hypothèque
hipotez,hypothèse
histeri,hystérie
homonim,homonyme
ĥirurg,chirurgien
judaism,judaïsme
ĵargon,jargon
kalomel,calomel
kanaben,linotte
kanibal,cannibale
kanonik,chanoine
kaporal,caporal
karamel,caramel
karavan,caravane
kartuŝ,cartouche
katolik,catholique
kazemat,casemate
komplot,complot
koncesi,concession
kontakt,contact
korsaĵ,corsage
kreozot,créosote
kriteri,critère
kvadril,quadrille
kvestor,questeur
letargi,léthargie
liturgi,liturgie
lozanĝ,losange
lumbrik,ver de terre
mahagon,acajou
majolik,faïence
makadam,macadam
makaron,macaron
malakit,malachite
mansard,grenier
marĝen,marge
matador,torero
mekanik,mécanique
merlang,merlan
metafor,métaphore
minaret,minaret
mirabel,mirabelle
molekul,molécule
monarki,monarchie
monolog,monologue
monopol,monopole
nikotin,nicotine
obelisk,obélisque
oleandr,laurier
oligark,oligarque
omnibus,omnibus
onobrik,sainfoin
optativ,optatif
pacient,patient
palinur,langouste
pamflet,pamphlet
panoram,panorama
papirus,papyrus
parabol,parabole
parafin,paraffine
paskvil,satire
paŝtel,pastel
patolog,pathologiste
patrici,patricien
patriot,patriote
pedagog,pédagogue
pelerin,cape
pension,pension
percept,perception
pilastr,pilastre
piramid,pyramide
plagiat,plagiat
plantag,plantain
polemik,polémique
prefekt,préfet
procesi,procession
prognoz,prévision
prozodi,prosodie
puritan,puritain
retorik,rhétorique
revizor,auditeur
samovar,samovar
sarkasm,sarcasme
segment,segment
sekreci,sécrétion
semafor,signal
serenad,sérénade
sifilis,syphilis
simetri,symétrie
simfoni,symphonie
simptom,symptôme
sinagog,synagogue
sinedri,Sanhedrin
sinonim,synonyme
sintaks,syntaxe
skandal,scandale
skrupul,scrupule
stearin,stéarine
sugesti,suggérer
ŝiling,shilling
taburet,tabouret
tangent,tangente
teokrat,théocrate
teologi,théologie
trombon,trombone
ultimat,ultimatum
uvertur,ouverture
variant,variante
vazelin,vaseline
verdikt,verdict
veteran,vétéran
vokativ,vocatif
abnegaci,abnégation
adjutant,aide
aeroplan,avion
agronomi,agronomie
akvafort,eau-forte
akvilegi,ancolie
alabastr,albâtre
aligator,caïman
ambulanc,ambulance
antipati,antipathie
antologi,anthologie
apostrof,apostrophe
arbalest,arbalète
areometr,hydromètre
arkeolog,archéologue
arkitekt,architecte
artileri,artillerie
astrolog,astrologue
astronom,astronome
atmosfer,atmosphère
aŭdienc,audience
balistik,balistique
balzamin,baume
banderol,bandelette
barelief,bas-relief
batalion,bataillon
bazilisk,basilic
biografi,biographie
ceremoni,cérémonie
dekadenc,décadence
delegaci,délégation
demagogi,démagogie
demokrat,démocrate
diafragm,diaphragme
diagonal,diagonale
diapazon,diapason
didaktik,pédagogie
difterit,diphtérie
diktator,dictateur
disĉipl,disciple
dispepsi,indigestion
ditiramb,dithyrambe
dromedar,dromadaire
ekstrakt,extrait
epilepsi,épilepsie
erizipel,érysipèle
etimologi##,etimologi##
etiologi,étiologie
etnograf,ethnographe
evangeli,évangile
faksimil,fac-similé
fakultat,faculté
felieton,feuilleton
feminism,féminisme
feminist,féministe
filologi,philologie
filozofi,philosophie
fiziolog,physiologiste
fonograf,phonographe
galantin,galantine
garnitur,garniture
garnizon,garnison
genealog,généalogiste
geometri,géométrie
glicerin,glycérine
gliciriz,réglisse
grafolog,graphologue
gramofon,gramophone
gutaperk,gutta-percha
halebard,hallebarde
harmonik,harmonica
hegemoni,suprématie
hekatomb,hécatombe
hierarki,hiérarchie
hipodrom,hippodrome
honorari,honoraires
horoskop,horoscope
hortensi,hortensia
ĥirurgi,chirurgie
idiotism,idiome
imperial,toit
indiĝen,autochtone
inkognit,incognito
intervju,interview
kalendul,souci
kardinal,cardinal
katafalk,catafalque
katakomb,catacombe
katedral,cathédrale
katekist,catéchiste
kavaleri,cavalerie
komandit,société
konfekci,prêt-à-porter
konflikt,conflit
kontralt,contralto
kontrast,contraste
konvenci,accord
kosmetik,cosmétiques
kreditor,créancier
ksilofon,xylophone
kvocient,quotient
labirint,labyrinthe
laŭreat,lauréat
logaritm,logarithme
logogrif,logogriphe
makaroni,macaroni
mandaren,mandarin
mandolin,mandoline
manifest,manifeste
manometr,manomètre
margarin,margarine
marionet,pantin
maŭzole,mausolée
mekanism,mécanisme
melodram,mélodrame
meridian,méridien
metronom,métronome
metropol,métropole
mikrofon,microphone
miniatur,miniature
monogram,monogramme
monomani,monomanie
naftalin,naphtalène
narkotik,narcotique
navigaci,navig.
nekrolog,nécrologie
nepotism,népotisme
nihilism,nihilisme
nihilist,nihiliste
nostalgi,nostalgie
numismat,numismate
obligaci,obligation
oligarĥ,oligarque
oligarki,oligarchie
optimism,optimisme
optimist,optimiste
organism,organisme
orografi,orographie
pacifism,pacifisme
pacifist,pacifiste
palanken,palanquin
panteism,panthéisme
panteist,panthéiste
pantomim,pantomime
paradigm,paradigme
parafraz,paraphrase
paragraf,paragraphe
partitur,partition
patologi,pathologie
pedagogi,pédagogie
perimetr,périmètre
peristil,péristyle
pesimism,pessimisme
pesimist,pessimiste
pleonasm,pléonasme
poliglot,polyglotte
preterit,passé
procedur,procédure
projekci,projeter
proporci,proportion
prospekt,brochure
protokol,procès-verbal
prototip,prototype
prozelit,converti
psikolog,psychologue
referenc,référence
renesanc,Renaissance
reputaci,réputation
revelaci,révélation
revolver,revolver
rojalist,royaliste
sacerdot,prêtre
sakristi,sacristie
sarkofag,sarcophage
seminari,séminaire
sensaci,sensation
sfinkter,sphincter
silogism,syllogisme
solecism,solécisme
stipendi,bourse
strategi,stratégie
subvenci,subvention
talisman,amulette
tamburin,tambourin
tarantel,tarentelle
tarantul,tarentule
teleskop,télescope
teokrati,théocratie
tipograf,typographe
topograf,topographe
toreador,toréador
transept,transept
tuberkul,nodule
amfiteatr,arène
apopleksi,apoplexie
arbitraci,arbitrage
arĥeolog,archéologue
arĥitekt,architecte
aritmetik,arithmétique
arkeologi,archéologie
arkipelag,archipel
astrologi,astrologie
astronomi,astronomie
aŭditori,auditorium
aŭtograf,autographe
aŭtokrat,autocrate
deklaraci,déclaration
demokrati,démocratie
dialektik,dialectique
disciplin,discipline
disenteri,dysenterie
entomolog,entomologiste
etnografi,ethnographie
filantrop,philanthrope
fiziologi,physiologie
fizionomi,physionomie
fotografi,photo
genealogi,généalogie
gladiator,gladiateur
grafologi,graphologie
harmonium,harmonium
heksametr,hexamètre
heliotrop,héliotrope
hidrofobi,hydrophobie
hieroglif,hiéroglyphe
higrometr,hygromètre
hipopotam,hippo
homeopati,homéopathie
ideografi,idéogramme
imperativ,impératif
imperfekt,imparfait
impresari,impresario
indikativ,indicatif
infanteri,infanterie
infinitiv,infinitif
inkvizici,inquisition
intendant,intendant
kabriolet,cabriolet
kandelabr,candélabre
karikatur,caricature
kartograf,cartographe
kastanjet,castagnettes
katalepsi,catalepsie
katastrof,désastre
kateĥist,catéchiste
kompromis,compromis
konduktor,chef de train
konkurenc,concurrence
kontinent,continent
kontrabas,contrebasse
konvolvul,liseron
kosmogoni,cosmogonie
kosmograf,cosmographe
krizantem,chrysanthème
kronologi,chronologie
kronometr,chronomètre
krucifiks,crucifix
kvadratur,quadrature
litografi,lithographie
lokomobil,locomobile
melankoli,mélancolie
metafizik,métaphysique
mikrometr,micromètre
mikroskop,microscope
mineralog,minéralogiste
monoteism,monothéisme
neologism,néologisme
oligarĥi,oligarchie
ornitolog,ornithologue
ostracism,ostracisme
paleograf,paléographe
palisandr,bois de rose
paroksism,crise
pentametr,pentamètre
plutokrat,ploutocrate
politeism,polythéisme
providenc,providence
pulĉinel,Polichinelle
purgatori,purgatoire
recitativ,récitatif
reformaci,Réforme
rekrement,résidu
repertuar,répertoire
rezignaci,résignation
sakrament,sacrement
sekundant,secondant
skarlatin,scarlatine
skolastik,scolastique
somnambul,somnambule
sortiment,assortiment
spekulaci,spéculation
spirit/ism##,spirit/ism##
spirit/ist##,spirit/ist##
stalagmit,stalagmite
stalaktit,stalactite
statistik,statistiques
ŝovinism,chauvinisme
ŝovinist,chauviniste
tipografi,typographie
topografi,topographie
velociped,vélocipède
veterinar,vétérinaire
vivisekci,vivisection
abiturient,bachelier
alternativ,alternative
anakronism,anachronisme
antropolog,anthropologue
arĥeologi,archéologie
arĥipelag,archipel
aristokrat,noble
arkitektur,architecture
aŭtokrati,autocratie
beletristik,belles-lettres
bibliograf,bibliographe
civilizaci,civilisation
dinamometr,dynamomètre
ekskrement,excrément
entomologi,entomologie
eŭkaristi,eucharistie
filantropi,charité
hipertrofi,hypertrophie
ingredienc,élément
inkvizitor,inquisiteur
kartografi,cartographie
koeficient,coefficient
kompliment,louange
kongregaci,congrégation
konsistori,consistoire
kontraband,contrebande
kontribuci,réparations
kosmografi,cosmographie
kosmopolit,cosmopolite
krestomati,chrestomathie
kvintesenc,quintessence
manufaktur,usine
manuskript,manuscrit
metamorfoz,métamorphose
meteorolog,météorologue
mineralogi,minéralogie
naturalism,naturalisme
numismatik,numismatique
ornitologi,ornithologie
paleografi,paléographie
perspektiv,vue
plutokrati,ploutocratie
pneŭmatik,pneu
prerogativ,prérogative
pseŭdonim,alias
stenografi,sténo
subjunktiv,subjonctif
superlativ,superlatif
tuberkuloz,tuberculose
admiralitat,amirauté
antropologi,anthropologie
aristokrati,aristocratie
bibliografi,bibliographie
cirkumfleks,accent circonflexe
demonstraci,preuve
departement,département
enciklopedi,encyclopédie
hermafrodit,hermaphrodite
hidrostatik,hydrostatique
hidroterapi,hydrothérapie
imperialism,impérialisme
inaŭguraci,cérémonie
kalejdoskop,kaléidoscope
kondicional,conditionnel
konfederaci,confédération
konglomerat,conglomérat
kontrapunkt,contrepoint
manifestaci,manif
metempsikoz,métempsycose
meteorologi,météorologie
observatori,observatoire
paleontolog,paléontologue
pleŭronekt,flet
protagonist,héros
protektorat,protectorat
pseŭd,faux
racional/ism##,racional/ism##
racional/ist##,racional/ist##
reŭmatism,rhumatisme
temperament,tempérament
tragikomedi,tragicomédie
administraci,admin.
demonstrativ,démonstratif
konservatori,conservatoire
paleontologi,paléontologie
paralelogram,parallélogramme
spiritualism,spiritualisme
spiritualist,spiritualiste
trigonometri,trigonométrie
aŭtobiografi,autobiographie
t.e.,c.-à-d.
k.t.p.,etc.
kiom,combien
kiom##,kiom##
kiom##,kiom##
dum,pendant
dum##,dum##
ĝis,jusqu'à
ĝis##,ĝis##
anstataŭ,au lieu de
anstataŭ##,anstataŭ##
kiu##,kiu##
kiu,qui
tiu##,tiu##
tiu,celui-là
ĉiu,chaque
ĉiu##,ĉiu##
neniu,aucun
neniu##,neniu##
ambaŭ,deux
ambaŭ##,ambaŭ##
tiu ĉi##,tiu ĉi##
tiu ĉi##,tiu ĉi##
fiks,fixé
fiks##,fiks##
fals,faux
fals##,fals##
ĉu##,ĉu##
ĉu,est-ce
kial,pourquoi
kial##,kial##
kiel,comme
kiel##,kiel##
tamen,cependant
tamen##,tamen##
apenaŭ,à peine
apenaŭ##,apenaŭ##
kvazaŭ,comme si
kvazaŭ##,kvazaŭ##
ĉirkaŭ,autour
ĉirkaŭ##,ĉirkaŭ##
precip##,precip##
precip,principal
tut,tout
tut##,tut##
rest##,rest##
rest,reste
ĉiel,céleste
ĉiel##,ĉiel##
interes,intéresser
interes##,interes##
lig,lier
lig##,lig##
rul,rouler
rul##,rul##
arm##,arm##
arm,arme
fos,creuser
fos##,fos##
plant,planter
plant##,plant##
orient##,orient##
orient,est
fald,plier
fald##,fald##
kaj,et
kaj##,kaj##
amas,masse
amas##,amas##
kopi,copier
kopi##,kopi##
fotograf,photographier
fotograf##,fotograf##
ĉar,car
ĉar##,ĉar##
fikci##,fikci##
fikci,fictif
nul,zéro
nul##,nul##
klar##,klar##
klar,clair
artikol,article
artikol##,artikol##
aŭgust,août
aŭgust##,aŭgust##
por,pour
por##,por##
opozici,s'opposer
opozici##,opozici##
fot,photo
vibr,vibrer
oscil,osciller
fluktu,fluctuer
indigo,indigo
ad##,ad##
ad,continuellement
ag,agir
al,à
am,aimer
an,-membre
ar,groupe
as,prés.
at,en cours
av,père
bo,par alliance
ci,toi
da,de
de,de
di,dieu
Di##,Di##
do,alors
du,deux
ec,-ité
eg,énorme
ej,-lieu
ek,début
el,de
em,enclin
en,dans
er,particule
et,petit
fe,fée
fi##,fi##
fi,vil
ge,[préfixe] mixte
ha,ah
he,Hé!
ho,oh
ia,âne
id,progéniture
ie,quelque part
ig,faire
il,outil
in,femme
io,qqch.
ir,aller
is,était
it,fini
iu##,iu##
iu,quelqu'un
ja,bien sûr
je,à
ju,plus
ke,que
l',le/la
la,le
li,son
lu,louer
mi,moi
ne,non
ni,notre
nj,-diminutif
nu,alors
od,ode
ok,huit
ol,que
on,fraction
op,collectif
or,or
os,futur
ot,pas encore commencé
ov,œuf
pi,pieux
po,par
re,à nouveau
se,si
si,soi
te,thé
uj,-récipient
ul,-type de personne
um,indéfini
ur,aurochs
us,cond.
uz,utiliser
ve,hélas
vi,ton/ta/tes
homeopat,homéopathe
zoolog,zoologiste