###❝Корень эсперанто❞,❝(полностью тот же) корень эсперанто❞   в строке означает、что хотя он имеет тот же приоритет、что и соответствующая строка замены、на практике замена строки (иероглифов) не выполняется.
Корень эсперанто##,руби с японским переводом##
adiaŭ,прощай
bis,бис
hura,ура!
ŭa,уа!
kia,какой
tia,такой
ĉia,всякий
kies,чей
nenia,никакой
ali,иной
alt,высокий
bel,красивый
bon,хороший
jun,молодой
nov,новый
sam,тот же
fort,сильный
grav,важный
kelk,несколько
last,последний
long,длинный
mult,много
plen,полный
riĉ,богатый
ruĝ,красный
facil,легкий
grand,большой
liber,свободный
rapid,быстрый
feliĉ,счастливый
proksim,близкий
fru,рано
pur,чистый
sol,единственный
ver,истинный
cert,уверен
nigr,чёрный
varm,тёплый
afabl,дружелюбный
blank,белый
dolĉ,сладкий
neces,необходимый
propr,собств.
simpl,простой
dekstr,правый
kuraĝ,смелый
trankvil,спокойный
blu,синий
dik,толстый
gaj,весёлый
hel,яркий
kar,дорогой
lac,усталый
san,здоровый
sat,сыт
just,справедливый
prav,правильный
pret,готовый
util,полезный
verd,зелёный
apart,отдельный
atent,внимательный
fremd,чужой
ĝust,правильный
komun,общий
larĝ,широкий
agrabl,приятный
divers,разный
intern,внутренний
sufiĉ,достаточный
kontent,доволен
profund,глубокий
mol,мягкий
pez,тяжёлый
sek,сухой
brun,коричневый
egal,равный
flav,жёлтый
griz,серый
kulp,виновный
lert,умелый
rekt,прямой
saĝ,мудрый
vast,широкий
ceter,остальной
freŝ,свежий
simil,похожий
kapabl,способный
serioz,серьёзный
efektiv,реальный
ordinar,обычный
akr,острый
fam,известный
ies,чей-то
avar,жадный
dens,густой
eben,ровный
fier,гордый
firm,твердый
nepr,непременно
plat,плоский
plur,много
surd,глухой
vigl,живой
fidel,верный
kviet,спокойный
matur,зрелый
sankt,святой
spert,опытный
subit,внезапный
taŭg,подходящий
honest,честный
konven,подходящий
plur,много
preciz,точный
strang,странный
delikat,нежный
ĝentil,вежливый
komfort,удобный
pacienc,терпеливый
special,особый
ĝeneral,общий
konstant,постоянный
lam,хромой
mut,немой
nud,голый
pal,бледный
ruz,хитрый
van,тщетный
acid,кислый
glat,гладкий
kler,образованный
krud,сырой
mild,мягкий
abund,обильный
blind,слепой
blond,блондин
ĉarm,очаровательный
etern,вечный
favor,благоприятный
graci,изящный
humil,смиренный
laŭt,громкий
sever,строгий
stult,глупый
fortik,крепкий
frenez,сумасшедший
kurioz,странный
privat,частный
sincer,искренний
evident,очевидный
oportun,удобный
prudent,благоразумный
sci/vol##,sci/vol##
diligent,усердный
proksim/um##,proksim/um##
ard,пылающий
avid,жадный
brav,смелый
ebri,пьян
krut,крутой
naiv,наивный
nobl,благородный
sobr,умеренный
humid,влажный
ident,идентичный
komik,смешной
kripl,калека
kruel,жестокий
moder,умеренный
sagac,проницательный
seren,спокойный
sprit,остроумный
akurat,точный
fervor,рьяный
inklin,склонный
ĵaluz,ревнивый
kapric,капризный
modern,современный
modest,скромный
nenies,ничей
normal,нормальный
sovaĝ,дикий
ekstrem,крайний
elegant,элегантный
eminent,выдающийся
komplet,полный
oficial,официальный
perfekt,идеальный
probabl,вероятный
reciprok,взаимный
indiferent,безразличный
inteligent,умный
amar,горький
imun,устойчивый
real,реальный
ties,того
unik,уникальный
vant,тщеславный
virg,девственный
aktiv,активный
civil,гражданский
ĉies,всех
elast,упругий
human,гуманный
intim,близкий
kaduk,дряхлый
koket,кокетливый
lojal,верный
malic,злобный
mir/ind##,mir/ind##
raŭk,хриплый
rigid,жёсткий
sekur,безопасный
solen,торжественный
tener,нежный
valid,действительный
abrupt,резкий
absurd,абсурдный
aktual,актуальный
arbitr,произвольный
aŭdac,смелый
ekzakt,точный
furioz,яростный
graved,беременная
klasik,классический
majest,величественный
nervoz,нервный
oblikv,наклонный
obstin,упрямый
plen/aĝ##,plen/aĝ##
social,социальный
subtil,тонкий
tragik,трагичный
absolut,абсолютный
kontant,наличный
popular,популярный
relativ,относительный
sin/don##,sin/don##
solidar,солидарный
vegetar,вегетарианский
familiar,близкий
grandioz,величественный
kolektiv,коллективный
sin/gard##,sin/gard##
kompetent,компетентный
universal,всеобщий
kvit,свободный
miop,близорукий
punc,алый
ranc,прогорклый
ĉast,целомудренный
ekstr,дополнительный
masiv,массивный
antikv,древний
arogant,высокомерный
konform,соответствующий
trivial,пустяковый
elokvent,красноречивый
kriminal,преступный
predikat,сказуемое
akut,острый
dual,двойной
hirt,торчащий
kalv,лысый
banal,банальный
cinik,циничный
gotik,готический
inert,инертный
obtuz,тупой
okult,оккультный
pasiv,пассивный
rigor,строгий
stoik,стойкий
analog,аналогичный
anonim,анонимный
arkaik,устаревший
diafan,прозрачный
efemer,мимолётный
erotik,эротический
fiktiv,вымышленный
formal,формальный
frivol,легкомысленный
intens,интенсивный
invers,обратный
konciz,краткий
konkav,вогнутый
mistik,мистический
neŭtr,нейтр.
vulgar,грубый
akcesor,второстепенный
apokrif,апокрифический
arĥaik,архаичный
burlesk,бурлескный
decimal,десятичный
diskret,сдержанный
fanatik,фанатичный
grotesk,гротескный
konkret,конкретный
kontinu,непрерывный
liberal,либеральный
monoton,монотонный
negativ,отрицательный
nominal,номинальный
pozitiv,положительный
radikal,радикальный
skeptik,скептичный
solvent,платежеспособный
abstrakt,абстрактный
aŭtonom,автономный
eventual,возможный
inkluziv,включающий
neŭtral,нейтральный
objektiv,объективный
ortodoks,ортодоксальный
primitiv,примитивный
provizor,временный
racional,рациональный
romantik,романтичный
sinoptik,обзорный
spontane,спонтанный
aŭtentik,подлинный
definitiv,окончательный
ekskluziv,исключительный
korelativ,корреляторный
respektiv,соответствующий
subjektiv,субъективный
transitiv,переходный
spekulativ,спекулятивный
impertinent,наглый
konservativ,консервативный
sentimental,сентиментальный
dek,десять
mil,тысяча
sep,семь
ses,шесть
tri,три
unu,один
cent,сто
kvar,четыре
kvin,пять
naŭ,девять
aŭ,или
nek,ни
sed,но
kvankam,хотя
plus,плюс
minus,минус
ĉe,у
kun,с вместе
per,через
pri,о
pro,из-за
sen,без
sub,под
sur,на
tra,через
apud,рядом
krom,кроме
laŭ,согласно
post,после
inter,между
super,над
trans,через
antaŭ,перед
ekster,вне
preter,мимо
kontraŭ,против
malgraŭ,несмотря
ĝi,его
ili,их
kio,что
oni,люди
ŝi,её
tio,это
ĉio,всё
nenio,ничто
tio ĉi##,tio ĉi##
dis,раз-
mal,противоположный
ĉef,главный
eks,бывший
mis,неправильный
pra,древний
dev,должен
dir,сказать
don,дать
est,быть
far,делать
fin,завершить
hav,иметь
kon,знать
leg,читать
lev,поднять
met,класть
mov,двигать
pet,просить
pov,мочь
rid,смеяться
sci,знать
sid,сидеть
ten,держать
ven,приходить
vid,видеть
viv,живой
vol,хотеть
ĝoj,радоваться
help,помочь
kred,верить
lern,учиться
loĝ,жить
mort,умереть
okaz,случиться
port,нести
pren,брать
sekv,следовать
send,послать
star,стоять
dezir,желать
labor,работать
milit,воевать
montr,показать
parol,говорить
ricev,получать
skrib,писать
ŝajn,казаться
vetur,ехать
demand,спрашивать
komenc,начать
kompren,понять
respond,отвечать
bat,бить
fal,падать
kri,кричать
kur,бежать
las,позволить
lum,светить
mir,удивляться
pag,платить
pas,пройти
reg,править
son,звучать
tim,бояться
tir,тянуть
aŭd,слышать
brul,гореть
dank,благодарить
dorm,спать
ferm,закрыть
flug,летать
halt,остановить
ĵet,бросать
kant,петь
kost,стоить
mank,недоставать
nask,рожать
okup,занимать
pens,думать
perd,терять
prem,давить
prov,пытаться
sent,чувствовать
turn,вращать
aĉet,купить
atend,ждать
bezon,нуждаться
kresk,расти
manĝ,есть
memor,помнить
serĉ,искать
trink,пить
konsil,советовать
permes,разрешать
postul,требовать
rakont,рассказывать
rigard,смотреть
rimark,заметить
ŝanĝ,изменить
vojaĝ,путешествовать
konstru,строить
prezent,представить
renkont,встретить
bru,шуметь
dub,сомневаться
lav,мыть
lud,играть
pen,стараться
vek,будить
vok,звать
aper,появиться
bril,светить
erar,ошибаться
fest,праздновать
frap,бить
gajn,выиграть
kapt,ловить
kaŝ,скрыть
kovr,покрыть
kuir,готовить
kuŝ,лежать
paŝ,шагать
plor,плакать
romp,ломать
salt,прыгать
serv,служить
tuŝ,касаться
vend,продавать
zorg,заботиться
batal,борьба
elekt,выбирать
esper,надеяться
koler,злиться
mezur,измерять
opini,считать
ordon,приказывать
plend,жаловаться
ripoz,отдыхать
salut,приветствовать
sufer,страдать
akcept,принимать
forges,забыть
kalkul,считать
komerc,торговать
konduk,вести
pardon,простить
silent,молчать
tranĉ,резать
konsent,согласиться
aŭskult,слушать
ban,купать
flu,течь
kre,создавать
mok,насмехаться
amuz,развлекать
ĉes,прекратить
efik,эффективный
gard,охранять
juĝ,судить
klin,наклонить
pend,висеть
puŝ,толкать
spir,дышать
stud,учить
ŝat,ценить
tond,стричь
traf,попасть
ating,достичь
decid,решать
estim,уважать
invit,пригласить
kurac,лечить
marŝ,маршировать
plaĉ,нравиться
ripet,повторять
ŝlos,запереть
ŝtel,красть
vizit,посетить
aranĝ,устроить
ekzist,существовать
instru,учить
intenc,намерение
kompat,жалеть
prefer,предпочитать
prepar,готовить
promen,гулять
promes,обещать
sukces,успех
konserv,сохранять
bol,кипеть
kis,целовать
obe,подчиняться
paf,стрелять
pel,гнать
pik,колоть
pun,наказать
sav,спасать
tus,кашлять
akir,получить
apog,поддерживать
atak,атаковать
bala,мести
blov,дуть
ĉas,охотиться
danc,танцевать
eduk,воспитывать
evit,избегать
fleg,ухаживать
glit,скользить
gvid,вести
ĝen,мешать
hejt,отопить
hont,стыдиться
imag,воображать
imit,подражать
komb,расчесывать
mend,заказать
miks,смешивать
naĝ,плавать
plug,пахать
pres,печатать
soif,жажда
spez,транзакция
ŝir,рвать
trem,дрожать
trov,найти
venk,победить
viŝ,стирать
volv,свёртывать
anonc,объявить
aprob,одобрять
avert,предупредить
merit,заслуживать
minac,угрожать
pentr,рисовать
posed,владеть
preĝ,молиться
rifuz,отказать
rilat,связан
ripar,чинить
skrap,скрести
ŝerc,шутить
tromp,обмануть
defend,защищать
desegn,рисовать
esting,тушить
inform,сообщать
kompar,сравнить
kondut,вести себя
konfes,признать
konsci,осознавать
kultur,выращивать
mensog,лгать
rezult,происходить
rikolt,собирать
streĉ,натянуть
ŝovel,копать
akompan,сопровождать
aparten,принадлежать
bedaŭr,сожалеть
konsist,состоять
organiz,организовать
progres,прогрессировать
respekt,уважать
riproĉ,упрекать
diferenc,отличаться
rekomend,рекомендовать
korespond,переписываться
enu,скучать
fid,доверять
ĝu,наслаждаться
hak,рубить
log,привлечь
pek,грешить
pes,взвесить
raz,брить
dron,тонуть
fajf,свистеть
fand,плавить
farm,арендовать
fart,быть
frot,тереть
ĝem,стонать
krev,лопнуть
kudr,шить
mord,кусать
muel,молоть
nutr,кормить
odor,пахнуть
rajd,ехать
solv,решать
taks,оценить
teks,ткать
tent,соблазнять
urĝ,срочный
babil,болтать
detru,разрушать
difin,определять
distr,развлекать
diven,угадывать
divid,делить
etend,расширять
evolu,развиваться
forĝ,ковать
frand,смаковать
grimp,лезть
hezit,колебаться
kroĉ,цеплять
laŭd,хвалить
mason,строить
ofert,предлагать
ornam,украшать
petol,шалить
sonĝ,мечтать
stern,раскладывать
supoz,предполагать
ŝirm,защита
ŝpar,экономить
ŝtop,закупорить
ŝuld,должен
ŝvel,набухать
toler,терпеть
verŝ,лить
aspekt,казаться
daŭr/ig##,daŭr/ig##
difekt,повредить
diskut,обсуждать
domaĝ,жаль
ekscit,возбуждать
ekzerc,тренировать
esplor,исследовать
esprim,выразить
konsol,утешать
murmur,бормотать
prezid,председательствовать
signif,значить
skulpt,ваять
traduk,переводить
ekskurs,поехать на экскурсию
ekzamen,проверять
komunik,общаться
koncern,касается
konstat,подтвердить
protekt,защищать
protest,протестовать
renvers,опрокинуть
surpriz,удивить
konsider,учитывать
persekut,преследовать
reprezent,представлять
bak,печь
ben,благословить
boj,лаять
bor,сверлить
ced,уступить
cit,цитировать
lek,лизать
rab,грабить
rav,очаровать
rem,грести
rev,мечтать
seg,пилить
sku,трясти
ted,надоедать
teg,покрыть
abon,подписка
dung,нанять
envi,завидовать
flar,нюхать
fond,основать
frit,жарить
friz,завить
gest,жестикулировать
glad,гладить
glut,глотать
ĵur,клясться
kned,месить
maĉ,жевать
melk,доить
migr,бродить
munt,собирать
ofer,жертвовать
pent,раскаяться
pruv,доказать
pump,качать
putr,гнить
ramp,ползти
risk,рисковать
ronk,храпеть
rost,жарить
sven,упасть в обморок
ŝov,сдвинуть
ŝut,сыпать
tajl,резать
tord,крутить
tren,тащить
vari,изменять
velk,увядать
adici,сложить
admir,восхищаться
admon,увещевать
adopt,усыновить
akcel,ускорять
atest,свидетельствовать
ĉerp,черпать
degel,таять
deleg,делегировать
fleks,гнуть
flirt,флиртовать
hered,унаследовать
influ,влиять
kares,ласкать
medit,размышлять
naŭz,тошнить
osced,зевать
paŝt,пасти
paŭz,остановиться
pinĉ,щипать
plekt,плести
regal,угощать
ribel,бунтовать
sopir,тосковать
sorĉ,околдовать
strik,бастовать
sufok,душить
sving,махать
ŝarg,заряжать
ŝmir,мазать
trakt,обрабатывать
tremp,погружать
afrank,оплатить
asekur,застраховать
balanc,качать
barakt,бороться
dediĉ,посвятить
deklar,заявить
destin,предназначить
disput,спорить
escept,исключать
festen,пировать
frakas,разбить
gratul,поздравлять
ilustr,иллюстрировать
import,импортировать
insist,настаивать
instal,установить
instig,побуждать
insult,оскорблять
komand,приказывать
komisi,поручить
konfid,доверять
konfit,засахарить
konfuz,смущать
konkur,соревноваться
kritik,критиковать
observ,наблюдать
penetr,проникать
perfid,предать
proced,действовать
raport,доклад
reklam,рекламировать
rezign,отказаться
rezist,сопротивляться
rifuĝ,укрыться
brak/um##,brak/um##
civiliz,цивилизовать
ĉagren,огорчать
de/pend##,de/pend##
disting,различать
eksplod,взорваться
garanti,гарантировать
komplez,любезный
kondamn,осудить
konfirm,подтвердить
konjekt,предполагать
konklud,заключать
kontrol,проверять
konvink,убеждать
operaci,оперировать
plen/um##,plen/um##
pretend,требовать
suspekt,подозревать
turment,мучить
distribu,распределять
fanfaron,хвастать
kontrakt,заключать
mastr/um##,mastr/um##
prokrast,отложить
administr,управлять
el/turn/iĝ##,el/turn/iĝ##
entrepren,предпринимать
dec,подходить
juk,чесаться
lul,укачивать
vad,бродить
vag,бродить
vet,ставить
vom,рвать
zum,жужжать
ador,обожать
agit,подстрекать
akuz,обвинять
alud,намекать
bapt,крестить
bind,переплести
blek,реветь
bred,разводить
buĉ,убить
ĉif,мять
dikt,диктовать
dres,дрессировать
ekip,оснащать
est/ig##,est/ig##
fast,поститься
flat,льстить
flik,латать
fuĝ,бежать
fuŝ,неуклюжий
garn,украсить
grat,царапать
hav/ig##,hav/ig##
izol,изолировать
jung,запрячь
lukt,бороться
muĝ,реветь
opon,противиться
palp,ощупывать
pekl,солить
pere,гибнуть
pli/ig##,pli/ig##
sark,полоть
sekc,рассекать
sorb,впитывать
spit,пренебречь
suĉ,сосать
svat,сватать
tajp,печатать
tern,чихать
tikl,щекотать
tint,звенеть
trik,вязать
trud,навязывать
vart,ухаживать
adapt,адаптировать
aplik,применять
asert,утверждать
asist,помогать
balot,голосовать
ĉe/est##,ĉe/est##
delir,бредить
depon,сдать
deput,назначить
enket,опрос
eskap,убежать
falĉ,косить
flagr,пылать
for/est##,for/est##
grinc,скрипеть
ignor,игнорировать
impet,рваться
incit,провоцировать
indik,указывать
insid,коварный
inund,затопить
kraĉ,плевать
liver,доставить
menci,упомянуть
modif,изменить
ofend,оскорбить
rezon,рассуждать
rivel,раскрыть
start,начать
susur,шелестеть
ŝpin,прясть
trejn,тренировать
venĝ,мстить
abstin,воздерживаться
aflikt,огорчать
altern,чередовать
balbut,заикаться
cirkul,циркулировать
deĵor,дежурить
denunc,обвинять
de/ten##,de/ten##
dev/ont/ig##,dev/ont/ig##
digest,переваривать
dispon,располагать
dorlot,баловать
eksped,отправить
el/don##,el/don##
establ,учредить
flustr,шептать
grimac,гримасничать
grumbl,ворчать
implik,впутать
indign,возмущаться
indulg,снисходить
infekt,заразить
injekt,вводить
inspir,вдохновлять
invent,изобрести
klopod,стараться
kolizi,столкнуться
kombin,соединять
kompon,составлять
konsum,потреблять
korekt,исправить
lubrik,смазывать
manovr,маневрировать
plonĝ,нырять
preleg,лекция
propon,предложить
provok,провоцировать
recenz,рецензировать
redakt,редактировать
redukt,уменьшать
revizi,проверить
ŝpruc,брызгать
aplaŭd,аплодировать
blasfem,богохулить
bon/vol##,bon/vol##
brokant,торговать б/у
eksport,экспортировать
ekzekut,казнить
gust/um##,gust/um##
iniciat,начать
kalumni,клеветать
kompens,компенсировать
komplik,усложнять
kontest,оспорить
manipul,управлять
neglekt,пренебречь
persist,упорствовать
prononc,произносить
prosper,процветать
reflekt,отражать
re/form##,re/form##
subtrah,вычитать
ŝancel,шатать
televid,смотреть телевизор
determin,определить
ekspluat,эксплуатировать
koncentr,сосредоточить
mistifik,одурачить
preskrib,прописать
revoluci,восстать
riverenc,поклониться
interpret,переводить
kompromit,подвергнуть риску
multiplik,умножать
propagand,пропагандировать
konversaci,беседовать
interpelaci,допрашивать
erp,боронить
kov,высиживать
lut,паять
pep,чирикать
tan,дубить
agac,раздражать
brod,вышивать
brog,ошпарить
ĉiz,резать
edif,воспитывать
fajl,точить
krak,трескаться
kroz,круиз
pist,толочь
rasp,тереть
rast,грабить
rigl,запереть
rukt,рыгать
sibl,свистеть
skiz,набросать
sput,плевать
steb,шить
stuk,штукатурить
ŝim,плесень
torn,точить
trot,рысь
urin,мочиться
varb,вербовать
adult,изменять
afekt,притворяться
akuŝ,роды
arest,арестовать
asign,назначить
atenc,напасть
draŝ,молотить
drink,пьянствовать
ekzil,изгнать
filtr,фильтровать
infuz,вливать
kribr,просеивать
parad,парадировать
rabot,строгать
rafin,очищать
satur,насытить
sieĝ,осаждать
skerm,фехтовать
strab,косить
ŝmac,чмокнуть
uzurp,узурпировать
veget,расти
border,окаймлять
ĉikan,придираться
degrad,понижать
diboĉ,разврат
distil,дистиллировать
drapir,драпировать
gargar,полоскать
gravur,гравировать
guvern,учить
ilumin,освещать
inokul,прививать
intrig,интриговать
ĵongl,жонглировать
kartav,картавить
kontuz,ушибить
likvid,ликвидировать
makler,посредничать
plaŭd,плескаться
predik,проповедовать
rembur,набивать
ventol,проветривать
deĉifr,расшифровать
degener,деградировать
diskont,дисконтировать
ferment,бродить
kalfatr,конопатить
kolport,торговать
kompost,набирать
konspir,заговор
konvert,обратить
paraliz,парализовать
proklam,провозгласить
singult,икать
ĉarpent,строить
hipokrit,лицемерить
intermit,прерываться
konstern,ошеломить
marĉand,торговаться
kapitulac,сдаться
kaŭteriz,прижечь
komentari,комментировать
koment,комментировать
poz,позировать
vak,пустовать
boks,боксировать
ĝir,перевести
kirl,взбивать
klak,щелкать
kluk,кудахтать
knar,скрипеть
murd,убить
pled,обжаловать
sond,зондировать
tatu,татуировать
abdik,отречься
abort,прервать
agoni,агонизировать
aklam,приветствовать
amput,ампутировать
aneks,присоединить
aspir,стремиться
deriv,выводить
feder,объединять
impon,впечатлять
invad,вторгаться
kaŭr,притаиться
klaĉ,сплетничать
kliŝ,штамповать
kotiz,взнос
marin,мариновать
miaŭ,мяукать
modul,модулировать
refut,опровергнуть
rikan,насмехаться
streb,стремиться
svarm,кишеть
ŝveb,парить
absorb,поглощать
akapar,монополизировать
analiz,анализировать
asimil,ассимилировать
asperg,опрыскивать
atribu,приписывать
aŭgur,предсказывать
bojkot,бойкотировать
cenzur,цензурировать
dedukt,выводить
deklam,декламировать
dekolt,вырез
indukt,индуцировать
kompil,составлять
konced,признать
konker,завоевать
korupt,подкупать
kverel,ссориться
lament,горевать
narkot,одурманить
stimul,побуждать
strigl,чистить
ŝrump,сморщиться
amortiz,амортизировать
anticip,предвосхитить
apelaci,обжаловать
bankrot,обанкротиться
bombard,бомбардировать
emancip,освободить
inspekt,проверять
katekiz,катехизировать
koincid,совпадать
konfisk,конфисковать
konsekr,освятить
konsult,консультировать
legitim,узаконить
mobiliz,мобилизовать
pilgrim,паломничать
improviz,импровизировать
inaŭgur,открыть
karambol,столкнуться
kateĥiz,катехизировать
klasifik,классифицировать
kontribu,вносить вклад
litograf,литографировать
prostitu,проституировать
centraliz,централизовать
stenograf,стенографировать
ekskomunik,отлучить
karakteriz,характеризовать
aĵ,вещь
ant,-ущий
ebl,возможн
iĝ,стать
ind,ценный
int,завершённый
ism,изм
ist,специалист
obl,кратный
ont,будущий
estr,начальник
aĉ,плохой
ĉj##,ĉj##
end,обяз.
ing,держатель
ajn,любой
ĉi##,ĉi##
eĉ##,eĉ##
for,далеко
iam,когда-то
iom,немного
jam,уже
jen,вот
jes,да
kie,где
mem,сам
nun,сейчас
nur,только
pli,более
plu,ещё
tie,там
tre,очень
tro,слишком
tuj,сразу
ĉie,везде
ĵus,только что
kiam,когда
plej,наиболее
tial,поэтому
tiam,тогда
tiel,так
tiom,столько
ĉiam,всегда
nenie,нигде
ankaŭ,тоже
neniam,никогда
baldaŭ,скоро
hieraŭ,вчера
hodiaŭ,сегодня
morgaŭ,завтра
tie ĉi##,tie ĉi##
almenaŭ,по крайней мере
ankoraŭ,ещё
preskaŭ,почти
tiel ĉi##,tiel ĉi##
oft,часто
ial,поэтому
iel,как-то
volont,охотно
des,тем более
neniom,ничуть
ĉial,по всем причинам
ĉiom,всё
ia/foj##,ia/foj##
nenial,без причины
neniel,никак
parker,наизусть
foj,раз
hom,человек
jar,год
kap,голова
kor,сердце
lok,место
man,рука
nom,имя
tag,день
ter,земля
vir,мужчина
voj,путь
afer,дело
amik,друг
form,форма
kamp,поле
land,страна
mond,мир
naci,нация
patr,отец
temp,время
vort,слово
flank,бок
infan,ребёнок
patr/in##,patr/in##
ĉambr,комната
sinjor,господин
akv,вода
arb,дерево
art,искусство
dom,дом
edz,муж
fil,сын
har,волос
hor,час
lit,кровать
mar,море
mon,деньги
mur,стена
pac,мир
pec,кусок
sun,солнце
urb,город
bild,изображение
bird,птица
buŝ,рот
frat,брат
hejm,дом
knab,мальчик
kort,двор
libr,книга
mont,гора
okul,глаз
part,часть
pied,нога
pord,дверь
rajt,право
tabl,стол
vent,ветер
vest,одежда
fingr,палец
frukt,плод
kolor,цвет
leter,письмо
lingv,язык
maten,утро
popol,народ
punkt,точка
rimed,средство
valor,ценность
ĉeval,лошадь
famili,семья
fraŭl,холостяк
person,человек
semajn,неделя
vesper,вечер
vizaĝ,лицо
fenestr,окно
aer,воздух
aĝ,возраст
cel,цель
fer,железо
ide,идея
kat,кот
kol,шея
mez,средний
naz,нос
nub,облако
ord,порядок
pan,хлеб
roz,роза
best,зверь
bord,берег
brak,рука
dent,зуб
fajr,огонь
fiŝ,рыба
flor,цветок
glas,стакан
hund,собака
korp,тело
lakt,молоко
lign,дерево
lini,линия
mark,метка
neĝ,снег
nokt,ночь
onkl,дядя
orel,ухо
plum,перо
pluv,дождь
rond,круг
sang,кровь
seĝ,стул
spec,вид
stat,состояние
supr,верх
ŝip,корабль
vitr,стекло
angul,угол
daŭr,постоянство
dolor,боль
gazet,газета
kaŭz,причина
kutim,привычка
minut,минута
monat,месяц
natur,природа
nombr,число
paper,бумага
plank,пол
river,река
somer,лето
staci,станция
strat,улица
suker,сахар
ŝton,камень
vagon,вагон
veter,погода
vintr,зима
aŭtun,осень
ĉapel,шляпа
direkt,направление
kolekt,коллекция
moment,мгновение
plezur,удовольствие
vilaĝ,деревня
ekzempl,пример
ĝarden,сад
histori,история
printemp,весна
bov,корова
ink,чернила
kaf,кофе
kok,петух
kuk,торт
kuz,двоюродный брат
lag,озеро
lim,граница
lun,луна
maj,май
pak,пакет
sak,мешок
sum,сумма
tru,дыра
vin,вино
anim,душа
azen,осёл
benk,скамья
dors,спина
foli,лист
font,источник
fund,основание
genu,колено
gren,зерно
grup,группа
herb,трава
juli,июль
juni,июнь
kart,карта
klas,класс
korb,корзина
kruc,крест
krur,нога
lang,язык
leĝ,закон
lund,понедельник
mard,вторник
mart,март
ofic,должность
ombr,тень
paĝ,страница
pork,свинья
poŝ,карман
radi,радио
reĝ,король
senc,смысл
stel,звезда
ŝaf,овца
verk,произведение
voĉ,голос
adres,адрес
april,апрель
brust,грудь
buter,масло
donac,подарок
glaci,лёд
kuler,ложка
mastr,хозяин
muzik,музыка
numer,номер
poŝt,почта
prunt,заём
sabat,суббота
ŝtat,государство
ŝtup,ступень
teler,тарелка
terur,ужас
vapor,пар
insekt,насекомое
januar,январь
ĵaŭd,четверг
kovert,конверт
krajon,карандаш
manier,способ
objekt,объект
oktobr,октябрь
plafon,потолок
region,регион
religi,религия
spirit,дух
arĝent,серебро
danĝer,опасность
decembr,декабрь
dimanĉ,воскресенье
februar,февраль
horloĝ,часы
merkred,среда
novembr,ноябрь
produkt,продукт
vendred,пятница
septembr,сентябрь
bar,преграда
bek,клюв
fak,спец
fum,дым
gas,газ
gut,капля
jak,пиджак
kel,подвал
kuv,ванна
lip,губа
nep,внук
nev,племянник
not,заметка
ole,масло
ond,волна
ost,кость
par,пара
pom,яблоко
pot,горшок
rad,колесо
ret,сеть
sal,соль
sap,мыло
sem,семя
sud,юг
sup,суп
ŝu,обувь
tas,чашка
tol,лён
tuk,ткань
ung,ноготь
val,долина
vic,ряд
barb,борода
bros,щётка
fakt,факт
flag,флаг
fork,вилка
forn,печь
gast,гость
gras,жир
kapr,козёл
karb,уголь
kest,ящик
korn,гудок
krim,преступление
lamp,лампа
mebl,мебель
mien,вид
muŝ,муха
nord,север
past,тесто
pilk,мяч
pint,острие
polv,пыль
pont,мост
prez,цена
rand,край
regn,государство
seri,серия
sign,знак
sort,судьба
spic,специя
vang,щека
vost,хвост
vund,рана
botel,бутылка
buton,пуговица
cifer,цифра
faden,нить
frunt,лоб
haŭt,кожа
honor,честь
insul,остров
kajer,тетрадь
kamen,камин
legom,овощ
liter,буква
metal,металл
pingl,игла
polic,полиция
polur,блеск
premi,приз
regul,правило
sezon,сезон
ŝanc,удача
ŝnur,верёвка
tabul,доска
viand,мясо
baston,палка
branĉ,ветвь
ĉemiz,рубашка
doktor,доктор
kravat,галстук
lecion,урок
maŝin,машина
milion,миллион
najbar,сосед
parenc,родственник
publik,общественный
scienc,наука
sekret,тайна
skatol,коробка
soldat,солдат
spegul,зеркало
ŝarĝ,груз
ŝrank,шкаф
tualet,туалет
ĉapitr,глава
fromaĝ,сыр
kondiĉ,условие
praktik,практика
serpent,змея
ŝtrump,чулок
tegment,крыша
telefon,телефон
industri,промышленность
kilogram,килограмм
okcident,запад
pantalon,брюки
abi,пихта
agl,орёл
ber,ягода
bot,сапог
bul,шар
dat,дата
glu,клей
jup,юбка
kav,впадина
lan,шерсть
led,кожа
mod,мода
mor,нравы
pin,сосна
pip,труба
piz,горох
put,колодец
rel,рельс
riz,рис
rok,скала
suk,сок
tem,тема
tub,труба
tur,башня
vat,вата
vaz,ваза
zon,пояс
arme,армия
bank,банк
bien,имение
bier,пиво
bret,полка
brik,кирпич
cikl,цикл
ĉap,шапка
drat,провод
epok,эпоха
fask,пучок
feri,отпуск
film,фильм
flam,пламя
flos,плот
fojn,сено
fulm,молния
glob,шар
grad,степень
gust,вкус
kadr,рама
krem,сливки
kurb,изгиб
kurs,курс
larm,слеза
leon,лев
litr,литр
luks,роскошь
meti,ремесло
metr,метр
najl,гвоздь
nest,гнездо
pajl,солома
plac,площадь
plad,блюдо
plan,план
poet,поэт
pugn,кулак
ring,кольцо
sabl,песок
scen,сцена
skal,масштаб
soci,общество
spac,пространство
stal,конюшня
task,задача
tomb,могила
verm,червь
vers,стихи
viol,фиалка
agord,гармония
balon,шар
bilet,билет
burĝ,буржуа
centr,центр
etaĝ,этаж
farun,мука
figur,образ
frost,мороз
gorĝ,горло
grund,почва
haven,порт
hotel,гостиница
humor,настроение
karot,морковь
katar,катар
kling,лезвие
koton,хлопок
kvant,количество
lepor,заяц
makul,пятно
manik,рукав
membr,член
mizer,убожество
nebul,туман
organ,орган
parti,партия
pastr,священник
radik,корень
serur,замок
solid,твердое
sonor,звон
strek,линия
ŝvit,пот
tabak,табак
tabel,таблица
titol,заголовок
tondr,гром
valiz,чемодан
ventr,живот
alumet,спичка
aparat,прибор
brasik,капуста
citron,цитрон
ĉifon,тряпка
dekliv,склон
dezert,пустыня
elektr,электричество
energi,энергия
fianĉ,жених
hirund,ласточка
kelner,официант
kvalit,качество
majstr,мастер
mantel,плащ
martel,молоток
matrac,матрас
menton,подбородок
oranĝ,апельсин
origin,происхождение
potenc,власть
salajr,зарплата
sekund,секунда
societ,общество
stomak,желудок
ŝultr,плечо
tapiŝ,ковёр
tritik,пшеница
aventur,приключение
cigared,сигарета
distanc,расстояние
embaras,затруднение
kamarad,товарищ
kaserol,кастрюля
komitat,комитет
kongres,съезд
kvadrat,квадрат
magazen,склад
pasport,паспорт
politik,политика
registr,реестр
ter/pom##,ter/pom##
akcident,авария
aŭtobus,автобус
aŭtomat,автомат
ĉokolad,шоколад
direktor,директор
instinkt,инстинкт
karakter,характер
kaŭĉuk,резина
material,материал
standard,знамя
telegraf,телеграф
restoraci,ресторан
ark,дуга
baz,основа
beb,младенец
bub,сорванец
bud,сарай
fel,мех
hok,крюк
huf,копыто
jur,закон
kas,касса
kin,кино
kom,запятая
kot,грязь
lup,волк
mam,грудь
map,карта
min,шахта
mus,мышь
net,чистовик
nod,узел
orf,сирота
ort,прямой угол
pat,сковорода
pil,батарея
pir,груша
pup,кукла
rat,крыса
rip,ребро
rob,одежда
tip,тип
ton,тон
urs,медведь
var,товар
vel,парус
vit,виноградная лоза
abel,пчела
aŭt,авто
bluz,блузка
boat,лодка
brov,бровь
cerb,мозг
ĉek,чек
ĉen,цепь
disk,диск
dram,драма
drap,ткань
duŝ,душ
ezok,щука
farb,краска
febr,лихорадка
fend,трещина
foir,ярмарка
fost,столб
frag,клубника
fulg,саж
funt,фунт
gant,перчатка
geni,гений
glor,слава
golf,залив
hajl,град
hero,герой
kemi,химия
kord,струна
kork,пробка
krad,решётка
kran,кран
kret,мел
kriz,кризис
kron,корона
kugl,пуля
kupr,медь
lift,лифт
list,список
mast,мачта
nadl,стрелка
nerv,нерв
oliv,олива
park,парк
pasi,страсть
pask,пасха
pelt,мех
plet,поднос
poem,стих
proz,проза
pulm,лёгкое
pulv,порох
rang,ранг
revu,журнал
ritm,ритм
seks,пол
sens,чувство
silk,шелк
simi,обезьяна
sojl,порог
stil,стиль
stri,полоса
ŝel,скорлупа
tend,палатка
verb,глагол
verg,прут
vert,макушка
vidv,вдовец
virt,добродетель
vual,вуаль
vulp,лиса
afiŝ,афиша
album,альбом
almoz,милостыня
arane,паук
asoci,ассоциация
avenu,проспект
aviad/il##,aviad/il##
barel,бочка
bazar,рынок
betul,берёза
brems,тормоз
butik,магазин
detal,деталь
diabl,дьявол
emoci,эмоция
enigm,загадка
esenc,суть
faŭk,пасть
fizik,физика
framb,малина
grajn,зерно
ĥemi,химия
ideal,идеал
juvel,драгоценность
katen,оковы
kitel,блуза
kruĉ,кувшин
krust,корка
kubut,локоть
kukol,кукушка
kverk,дуб
lamen,пласт
marĉ,болото
metod,метод
model,модель
motor,мотор
nivel,уровень
palac,дворец
panj,мама
penik,кисть
pioĉ,кирка
plumb,свинец
poezi,поэзия
salon,гостиная
saŭc,соус
sitel,ведро
sklav,раб
sport,спорт
stamp,печать
stang,стержень
stump,пень
ŝtal,сталь
ŝtof,ткань
teatr,театр
teori,теория
teren,земля
trajn,поезд
trajt,черта
trunk,ствол
venen,яд
veŝt,жилет
abomen,отвращение
anĝel,ангел
animal,животное
apetit,аппетит
apotek,аптека
benzin,бензин
bicikl,велосипед
bombon,конфета
cement,цемент
ĉeriz,вишня
desert,десерт
fabrik,завод
financ,финансы
funebr,траур
funkci,функция
garaĝ,гараж
imperi,империя
impost,налог
impres,впечатление
kalkan,пятка
kalson,трусы
kamion,грузовик
kandel,свеча
kanzon,песня
kastel,замок
klient,клиент
kol/um##,kol/um##
kurten,занавес
mandat,мандат
mister,тайна
moskit,комар
muskol,мышца
ombrel,зонт
paĉj,папа
parfum,аромат
patron,покровитель
petrol,нефть
posten,пост
pozici,позиция
proces,иск
profit,прибыль
proviz,запас
pulvor,порошок
recept,рецепт
rekord,запись
rezerv,резерв
signal,сигнал
sistem,система
surfac,поверхность
ŝofor,водитель
tajlor,портной
trezor,сокровище
trikot,трикотаж
vakcin,вакцина
advokat,адвокат
alkohol,алкоголь
ampleks,размер
broŝur,брошюра
bulvard,бульвар
deficit,дефицит
ekonomi,экономика
elefant,слон
ĵurnal,газета
kabinet,кабинет
kapital,капитал
koncert,концерт
krepusk,сумерки
kvartal,район
miliard,миллиард
pejzaĝ,пейзаж
problem,проблема
profesi,профессия
simpati,сочувствие
student,студент
ŝraŭb,винт
tempest,буря
traktor,трактор
tri/angul##,tri/angul##
trotuar,тротуар
adjektiv,прилагательное
dekoraci,украшение
ekvilibr,равновесие
esperant,надежда
hospital,больница
intelekt,умственный
kalendar,календарь
kilometr,километр
komision,комиссия
meĥanik,механика
milimetr,миллиметр
original,оригинал
pretekst,предлог
struktur,структура
telegram,телеграмма
tribunal,трибунал
bibliotek,библиотека
fundament,основа
inĝenier,инженер
konferenc,конференция
konscienc,совесть
literatur,литература
meĥanism,механизм
rekompenc,вознаграждение
respublik,республика
sekretari,секретарь
apartament,квартира
aŭtomobil,автомобиль
aŭtoritat,власть
instrument,инструмент
medikament,лекарство
temperatur,температура
cirkonstanc,обстоятельство
eksperiment,эксперимент
mal/varm/um##,mal/varm/um##
ajl,чеснок
akn,угри
aks,ось
akt,акт
ale,аллея
alg,водоросль
apr,кабан
azi,Азия
bal,бал
bet,свёкла
buk,пряжка
cep,лук
cir,воск
dot,приданое
eĥ,эхо
fab,боб
fac,лицо
fag,бук
fig,инжир
gal,желчь
gru,журавль
gum,резина
hal,зал
jug,ярмо
kal,мозоль
kaz,случай
kub,куб
lad,жесть
lak,лак
lap,лопух
lin,лён
lot,жребий
luk,люк
mas,куча
mat,мат
nuk,затылок
pap,папа
pav,павлин
pig,сорока
pus,гной
ran,лягушка
ren,почка
rib,смородина
rim,рифма
rol,роль
ros,роса
sag,стрела
sin,грудь
ski,лыжи
sof,диван
tig,стебель
tuf,пучок
tun,тон
vip,кнут
akci,акция
atom,атом
aven,овёс
bant,бант
bark,шлюпка
bask,подол
bend,лента
blok,блок
bors,биржа
bovl,миска
brid,узда
brut,скот
bukl,локон
bulb,луковица
bulk,булочка
cerv,олень
cign,лебедь
ĉel,клетка
dand,щеголь
diet,диета
dorn,шип
etap,этап
etat,отчёт
feĉ,осадок
felt,фетр
frak,фрак
fraz,фраза
fung,гриб
garb,сноп
gent,род
glav,меч
gobi,пескарь
gram,грамм
greg,стадо
grip,грипп
grot,пещера
gudr,дёготь
ĝib,горб
heĝ,живая изгородь
himn,гимн
ĥor,хор
kaĉ,каша
kaĝ,клетка
kaka,какао
kakt,кактус
karn,плоть
karp,карп
kejl,колышек
kern,ядро
klub,клуб
korv,ворон
kosm,космос
kult,культ
laĉ,шнур
lard,сало
larv,личинка
lice,лицей
likv,жидкость
lili,лилия
maiz,кукуруза
malv,мальва
mens,ум
menu,меню
miel,мёд
musk,мох
muze,музей
nuks,орех
oper,опера
oval,овал
palm,пальма
palt,пальто
pane,сбой
perl,жемчуг
pian,пианино
pice,ель
pipr,перец
plag,бедствие
prun,слива
pudr,пудра
punt,кружево
raci,разум
rent,доход
ruin,руина
rust,ржавчина
situ,место
sled,сани
sorg,сорго
spik,колос
spur,след
stan,олово
sulk,борозда
takt,ритм
tali,талия
tigr,тигр
tort,пирог
tram,трамвай
trup,труппа
vaks,воск
vejn,вена
vesp,оса
vind,подгузник
zink,цинк
afrik,Африка
agent,агент
akord,согласие
akrid,саранча
aktor,актёр
alarm,тревога
ampol,ампула
angil,угорь
anser,гусь
artik,сустав
bacil,бацилла
bambu,бамбук
banan,банан
brand,бренди
bronz,бронза
buked,букет
cigar,сигара
cikad,цикада
cinam,корица
cindr,пепел
cirkl,круг
civit,гражданство
ĉerk,гроб
debet,дебет
diant,гвоздика
dogan,пошлина
efekt,эффект
ekran,экран
emajl,эмаль
event,событие
fabel,сказка
fasad,фасад
fason,покрой
fluid,жидкость
fotel,кресло
front,фронт
funel,воронка
ĝerm,зародыш
hepat,печень
horde,ячмень
infer,ад
ironi,ирония
kaban,хижина
kahel,плитка
kajut,каюта
kamel,верблюд
kanal,канал
kankr,рак
karaf,графин
kokos,кокос
krani,череп
krest,гребень
kukum,огурец
kupon,купон
kusen,подушка
latun,латунь
laŭb,беседка
lekci,лекция
lesiv,щелок
limak,улитка
logik,логика
lotus,лотос
melon,дыня
moral,мораль
muzel,морда
nilon,нейлон
ocean,океан
palat,нёбо
palis,колышек
papag,попугай
paser,воробей
pensi,пенсия
peron,крыльцо
pilot,пилот
pland,подошва
plast,пластик
porci,доля
princ,принц
pupil,зрачок
rabat,скидка
rafan,редька
raŭp,гусеница
resum,резюме
rimen,ремень
roman,роман
salat,салат
salik,ива
satir,сатира
sciur,белка
sekal,рожь
sekci,раздел
senat,сенат
split,щепка
spong,губка
stadi,этап
statu,статуя
sterk,удобрение
strig,сова
strut,страус
ŝink,ветчина
ŝtip,бревно
tapet,обои
tarif,тариф
tegol,черепица
tekst,текст
teras,терраса
tomat,томат
tuber,бугор
tunel,туннель
velur,бархат
veruk,бородавка
vezik,пузырь
volum,том
adverb,наречие
akcent,акцент
alaŭd,жаворонок
amator,любитель
amerik,Америка
arteri,артерия
asfalt,асфальт
aŭtor,автор
barbir,парикмахер
buĝet,бюджет
bulten,бюллетень
cikatr,шрам
cikoni,аист
cirkel,циркуль
daktil,финик
dialog,диалог
ego/ist##,ego/ist##
eklezi,церковь
emerit,пенсионер
eŭrop,Европа
fajenc,фаянс
fazeol,фасоль
fontan,фонтан
formik,муравей
formul,формула
fripon,мошенник
furaĝ,корм
galoŝ,галоша
gvardi,гвардия
ĝemel,близнец
hangar,ангар
haring,сельдь
hazard,случай
hektar,гектар
herold,вестник
higien,гигиена
impuls,импульс
insign,знак
intest,кишка
jubile,юбилей
karton,картон
kasked,кепка
kavern,пещера
kirurg,хирург
klimat,климат
klinik,клиника
kolegi,колледж
kolomb,голубь
kolumn,колонка
komedi,комедия
konsul,консул
konval,ландыш
kornik,ворона
kostum,костюм
kredit,кредит
kukurb,тыква
kunikl,кролик
kurent,ток
lacert,ящерица
licenc,лицензия
maleol,лодыжка
materi,материя
mirtel,черника
monstr,чудовище
oficir,офицер
orator,оратор
papili,бабочка
pendol,маятник
period,период
persik,персик
pionir,пионер
planed,планета
platan,платан
plural,множеств.
profet,пророк
prolet,пролетарий
pronom,местоимение
reakci,реакция
reĝim,режим
rivolu,вращение
ruband,лента
skorpi,скорпион
spinac,шпинат
stamen,тычинка
statur,рост
surtut,пальто
ŝakal,шакал
ŝaŭm,пена
teknik,техника
testud,черепаха
torent,поток
trafik,трафик
tumult,беспорядок
turism,туризм
turist,турист
vertic,вершина
viktim,жертва
violon,скрипка
vulkan,вулкан
vultur,гриф
abrikot,абрикос
akademi,академия
alfabet,алфавит
alumini,алюминий
ambasad,посольство
anekdot,анекдот
apertur,отверстие
apostol,апостол
asemble,собрание
bagatel,пустяк
bakteri,бактерия
bandaĝ,бинт
bifstek,стейк
budĝet,бюджет
burĝon,почка
central,центр
cirkvit,схема
ĉar/um##,ĉar/um##
dimensi,размер
ekvator,экватор
element,элемент
epidemi,эпидемия
fantazi,фантазия
fenomen,феномен
gelaten,желатин
general,генерал
girland,гирлянда
harmoni,гармония
instanc,инстанция
invalid,инвалид
kaldron,котёл
kaŝtan,каштан
katalog,каталог
kirurgi,хирургия
kolonel,полковник
komisar,комиссар
kompani,компания
koncept,концепция
konkord,согласие
konkurs,соревнование
koridor,коридор
kristal,кристалл
lantern,фонарь
latitud,широта
medicin,медицина
mineral,минерал
minimum,минимум
ministr,министр
obstakl,препятствие
orkestr,оркестр
pacifik,Тихий океан
palpebr,веко
pantofl,тапок
paradiz,рай
paralel,параллель
plastik,пластика
portret,портрет
princip,принцип
program,программа
projekt,проект
proverb,пословица
provinc,провинция
rendevu,встреча
sin/ten##,sin/ten##
situaci,ситуация
stadion,стадион
subjekt,тема
teĥnik,техника
tendenc,тенденция
tinktur,краситель
tradici,традиция
tragedi,трагедия
traktat,договор
trumpet,труба
uniform,форма
vegetal,растение
viadukt,виадук
volumen,объём
zoologi,зоология
atlantik,Атлантический
avantaĝ,преимущество
bracelet,браслет
cirkuler,циркуляр
dokument,документ
federaci,союз
generaci,поколение
geografi,география
gramatik,грамматика
ĝendarm,жандарм
horizont,горизонт
individu,индивид
kandidat,кандидат
karnaval,карнавал
kategori,категория
komun/um##,komun/um##
krokodil,крокодил
longitud,долгота
maksimum,максимум
marmelad,мармелад
monument,памятник
paraŝut,парашют
pasaĝer,пассажир
pland/um##,pland/um##
porcelan,фарфор
procent,процент
profesor,профессор
radiator,радиатор
regiment,полк
rekt/angul##,rekt/angul##
sandviĉ,бутерброд
sindikat,профсоюз
singular,единственное число
specimen,образец
spektakl,шоу
substanc,вещество
teritori,территория
vertikal,вертикаль
ambasador,посол
aŭstrali,Австралия
centimetr,сантиметр
ekspozici,выставка
inspektor,инспектор
kalkan/um##,kalkan/um##
konfidenc,секрет
lokomotiv,локомотив
matematik,математика
metalurgi,металлургия
ministeri,министерство
najtingal,соловей
ortografi,орфография
parlament,парламент
proletari,пролетарий
propozici,предложение
psikologi,психология
suplement,дополнение
termometr,термометр
elektronik,электроника
helikopter,вертолёт
horizontal,горизонталь
komplement,дополнение
konsekvenc,последствие
konstituci,конституция
laboratori,лаборатория
leŭtenant,лейтенант
mediterane,Средиземное
substantiv,существительное
universitat,университет
s-ro##,s-ro##
s-ino##,s-ino##
sinjor/in##,sinjor/in##
alk,лось
aln,ольха
ann,Анна
bed,грядка
boa,удав
buf,жаба
cim,баг
col,дюйм
dam,дама
dig,дамба
duk,герцог
fav,парша
fok,тюлень
fut,фут
gad,треска
gam,гамма
gri,крупа
guf,филин
huz,белуга
kan,тростник
ken,смолистое дерево
ker,черви
kil,киль
kuf,шапка
kul,комар
kup,банка
laf,лава
lir,лира
lod,лот
lol,рожь
mac,маца
mel,барсук
mes,месса
mev,чайка
muf,муфта
muk,слизь
mul,мул
nap,рапс
peg,дятел
pol,поляк
pul,блоха
rap,репа
rif,риф
rod,причал
rot,отряд
rub,мусор
rum,ром
rus,русский
seb,сало
sel,седло
tez,тезис
tul,тюль
ulm,вяз
uln,локтевой
unc,унция
urn,урна
vil,ворс
abat,аббат
acer,клён
akar,клещ
alte,алтей
alun,квасцы
amel,крахмал
anas,утка
angl,англичанин
aniz,анис
ankr,якорь
arĉ,смычок
arde,цапля
aren,арена
atut,козырь
avel,фундук
aviz,уведомление
azot,азот
bast,луб
bert,Берта
blat,таракан
bram,лещ
bran,отруби
burd,шмель
cedr,кедр
citr,цитра
ĉam,серна
ĉan,курок
dogm,догма
drak,дракон
drog,наркотик
ebon,эбеновое дерево
eter,эфир
fabl,басня
falk,сокол
fibr,волокно
flan,пирог
flok,хлопья
flut,флейта
fraj,икра
ftiz,туберкулёз
gajl,галл
gips,гипс
glan,жёлудь
glim,слюда
graf,граф
gril,сверчок
gros,крыжовник
gurd,шарманка
ibis,ибис
idol,идол
kalk,известь
kand,леденец
kard,чертополох
karo,бубны
kask,шлем
kaze,творог
kegl,кегля
klap,клапан
klav,клавиша
kluz,шлюз
kojn,клин
koks,бедро
konk,раковина
kren,хрен
krep,креп
krop,зоб
krup,круп
lake,лакей
laks,понос
legi,легион
lent,чечевица
lepr,проказа
lian,лиана
lien,селезёнка
link,рысь
liut,лютня
lojt,налим
lorn,бинокль
lumb,поясница
lutr,выдра
magi,магия
mana,манна
mari,Мария
mask,маска
maŝ,петля
meĉ,фитиль
mejl,миля
ment,мята
merl,дрозд
mesi,мессия
mili,просо
mirh,мирра
mirt,мирт
misi,миссия
mops,мопс
most,виноградный сок
niĉ,ниша
omar,омар
opal,опал
ostr,устрица
paru,синица
peĉ,смола
pelv,таз
perk,окунь
pest,чума
petr,Пётр
pini,сосна
pips,пип
plik,косичка
plot,плотва
popl,тополь
pram,паром
sakr,ругать
salm,лосось
sepi,каракатица
sofi,София
sorp,рябина
spat,шпат
spin,позвоночник
stab,штаб
step,степь
stip,стебель
stof,ткань
stup,пакля
ŝak,шахматы
ŝal,шаль
ŝam,замша
taft,тафта
talp,крот
tetr,тетерев
tibi,большеберцовая кость
tili,липа
tine,моль
torf,торф
trab,балка
tref,трефы
tril,трель
trip,требуха
trog,кормушка
tron,трон
truf,трюфель
trul,кельма
trut,форель
turd,дрозд
turk,турок
turt,горлица
uter,матка
ŭat,ватт
vafl,вафля
vals,вальс
vekt,балка
zebr,зебра
altar,алтарь
ambos,наковальня
anton,Антон
ardez,сланец
argil,глина
aspid,аспид
balen,кит
barĉ,борщ
boben,катушка
brank,жабры
bubal,бизон
bufed,шведскийстол
cejan,василе́к
dativ,дательный
datur,дурман
demon,демон
denar,денарий
deviz,девиз
domen,домино
embri,эмбрион
emili,Эмилия
ermen,горностай
ermit,отшельник
facet,грань
fazan,фазан
femur,бедро
filik,папоротник
flegm,спокойствие
fokus,фокус
franc,француз
frank,франк
fring,зяблик
galon,галун
gazel,газель
genot,генетта
georg,Георг
gitar,гитара
gland,железа
groŝ,грош
hebre,еврей
heder,плющ
herez,ересь
herni,грыжа
hirud,пиявка
hosti,облатка
husar,гусар
ĥaos,хаос
idili,идиллия
johan,Иоанн
jozef,Иосиф
kalik,чаша
kambi,вексель
kamer,камера
kanab,конопля
kanap,диван
kapel,часовня
kapon,кастрированный петух
kapor,каперсник
kapot,капот
karas,карась
karob,рожковое дерево
katun,хлопок
kerub,херувим
kiras,броня
klaft,сажень
kloŝ,колпак
koaks,кокс
koleg,коллега
kolon,столб
komiz,продавец
komod,комод
konus,конус
kopek,копейка
koran,Коран
kramp,скоба
kring,крендель
krisp,рюш
krist,Христос
kupol,купол
kvarc,кварц
kvart,четвёртый
lanug,пух
laŭr,лавр
libel,стрекоза
liken,лишайник
livre,ливрея
loĝi,ложа
lupol,хмель
lustr,люстра
luter,Лютер
medal,медаль
meriz,черешня
moned,галка
morus,тутовник
moŝt,величие
negoc,бизнес
nobel,дворянин
novic,новичок
nuanc,оттенок
oblat,печать
okzal,щавель
orden,орден
orgen,орган
paĝi,паж
papav,мак
pariz,Париж
paŭl,Пауль
pavim,мостовая
pedik,вошь
perĉ,ерш
piked,караул
pilol,таблетка
pirit,пирит
pirol,снегирь
piroz,изжога
piŝt,поршень
pluŝ,плюш
poent,балл
pokal,кубок
polus,полюс
potas,поташ
prujn,иней
pudel,пудель
pumik,пемза
punĉ,пунш
putor,хорёк
raben,раввин
rapir,рапира
regol,королёк
rezin,смола
rostr,хобот
ruben,рубин
safir,сапфир
salvi,шалфей
sigel,печать
silab,слог
silik,кремень
silur,сом
silvi,славка
sirop,сироп
skabi,чесотка
skadr,эскадрон
skarp,шарф
skvam,чешуя
sorik,землеройка
spion,шпион
spron,шпора
stabl,стол
sturg,осётр
sturn,скворец
ŝalm,дудка
ŝark,акула
ŝelk,подтяжки
ŝild,щит
ŝind,дранка
ŝlim,грязь
taban,слепень
tavol,слой
tempi,висок
tetan,столбняк
tetra,рябчик
timon,оглобля
topaz,топаз
torĉ,факел
tromb,водяной смерч
tulip,тюльпан
ulcer,язва
urtik,крапива
vanil,ваниль
vasal,вассал
velen,пергамент
verst,верста
vezir,визирь
vipur,гадюка
vokal,гласный
zenit,зенит
zibel,соболь
zizel,суслик
absces,абсцесс
absint,полынь
alcion,зимородок
amfibi,амфибия
ananas,ананас
artrit,артрит
atripl,ораш
berlin,Берлин
bismut,висмут
boraks,бура
buljon,бульон
bulonj,Булонь
buŝel,бушель
centim,сантим
cikori,цикорий
cimbal,тарелка
cinabr,киноварь
cipres,кипарис
ĉarpi,линт
damask,дамаск
delfen,дельфин
didelf,опоссум
embusk,засада
epolet,эполет
erinac,ёж
ernest,Эрнест
eskadr,эскадра
faktur,счёт
falbal,оборка
fantom,призрак
faring,глотка
fenkol,фенхель
ferdek,палуба
fistul,свищ
flanel,фланель
fosfor,фосфор
franĝ,бахрома
furunk,фурункул
fusten,фустян
galeri,галерея
gamaŝ,гетры
german,немец
granat,гранат
granit,гранит
grenad,граната
grifel,грифель
ĝiraf,жираф
haladz,вонь
hamstr,хомяк
hispan,испанец
ĥimer,химера
ĥoler,холера
ingven,пах
izrael,Израиль
jasmen,жасмин
kaleŝ,карета
kalvin,Кальвин
kamfor,камфора
kamlot,камлот
kanajl,негодяй
kanari,канарейка
kantor,певец
kanvas,холст
kapsul,капсула
kapuĉ,капюшон
kardel,щегол
karmin,кармин
karpen,граб
kastor,бобр
kaviar,икра
kobalt,кобальт
kobold,гоблин
kolbas,колбаса
kolibr,колибри
kolimb,гагара
kolubr,уж
komuni,причастие
kontor,офис
kontur,контур
kornic,карниз
korpus,корпус
koturn,перепел
kraken,крекер
kratag,боярышник
krater,кратер
kronik,летопись
kurier,гонец
lampir,светлячок
laring,гортань
lavang,лавина
legend,легенда
lekant,ромашка
lentug,веснушка
levkoj,левкой
likvor,ликёр
litani,литания
london,Лондон
magnet,магнит
makzel,челюсть
mangan,марганец
markot,отводка
marmor,мрамор
marmot,сурок
mastik,шпатлёвка
migdal,миндаль
miogal,ондатра
miozot,незабудка
monaĥ,монах
morbil,корь
morter,раствор
muskat,мускатный орех
muslin,муслин
mustel,куница
nanken,нанкин
narcis,нарцисс
nikola,Николай
notari,нотариус
orakol,оракул
paletr,палитра
panter,пантера
parget,паркет
paroĥ,приход
parter,партер
pastel,леденец
patent,патент
patrol,патруль
pfenig,пфенниг
pistak,фисташка
pistol,пистолет
plastr,пластырь
platen,платина
ponard,кинжал
porfir,порфир
porter,портер
primol,примула
prunel,терн
purpur,пурпур
rekrut,новобранец
rempar,бастион
risort,пружина
rosmar,морж
rozari,чётки
rubrik,рубрика
safran,шафран
sambuk,бузина
sankci,санкция
sardel,сардина
sceptr,скипетр
selakt,сыворотка
servic,посуда
servut,крепостное право
siring,сирень
skapol,лопатка
skarab,жук
skolop,вальдшнеп
skurĝ,плеть
sofism,софизм
sopran,сопрано
spalir,шпалер
stefan,Стефан
sufiks,суффикс
sukcen,янтарь
sulfur,сера
talent,талант
tambur,барабан
tenden,сухожилие
teodor,Теодор
termin,термин
testik,яичко
timian,чабрец
tombak,томбак
traĥe,трахея
tremol,осина
tribun,трибуна
tropik,тропики
turban,тюрбан
turkis,бирюза
turnir,турнир
urogal,глухарь
variol,оспа
viburn,калина
vikari,викарий
vinagr,уксус
vizier,козырёк
volupt,чувственность
ablativ,аблатив
antimon,сурьма
arleken,шут
arsenik,мышьяк
artifik,уловка
asparag,спаржа
bajonet,шты́к
bastion,бастион
beladon,белладонна
biskvit,бисквит
ĉampan,шампанское
ĉarnir,петля
diamant,алмаз
episkop,епископ
eŝafod,эшафот
fraksen,ясень
frangol,крушина
fringel,чиж
genitiv,родительный падеж
henriet,Генриетта
hidrarg,ртуть
hiskiam,белена
histrik,дикобраз
jugland,грецкий орех
juniper,можжевельник
kalikot,калика
kamizol,камзол
kamomil,ромашка
kapitan,капитан
kapitel,капитель
kapreol,косуля
kapucen,капуцин
karaben,карабин
kartoĉ,патрон
karusel,карусель
kavalir,рыцарь
klarnet,кларнет
klister,клизма
kokluŝ,коклюш
kolofon,канифоль
kompres,компресс
kurator,опекун
kvitanc,квитанция
leontod,одуванчик
leopard,леопард
limonad,лимонад
lonicer,жимолость
ludovik,Людвиг
lunatik,сумасшедший
maroken,марокканская кожа
marŝal,маршал
meleagr,индюк
membran,пленка
miĥael,Михаил
monarĥ,монарх
mustard,горчица
negliĝ,неглиже
nikodem,Никодем
novjork,Нью-Йорк
oksigen,кислород
oksikok,клюква
parazit,паразит
pasteĉ,паштет
pelikan,пеликан
perdrik,куропатка
poligon,гречиха
prefiks,приставка
redakci,редакция
rinocer,носорог
salpetr,селитра
sentenc,поговорка
skarlat,алый
skorbut,цинга
skrofol,скрофулёз
smerald,изумруд
sterled,стерлядь
stertor,хрипение
ŝiller,Шиллер
umbilik,пупок
univers,вселенная
varsovi,Варшава
verdigr,пати́на
vertebr,позвонок
vespert,летучая мышь
vestibl,вестибюль
vilhelm,Вильгельм
virtuoz,виртуоз
vitriol,витриол
zingibr,имбирь
akcipitr,ястреб
akuzativ,винительный падеж
argument,аргумент
arĥaism,архаизм
artiŝok,артишок
baldaken,балдахин
briliant,драгоценность
diplomat,дипломат
distrikt,район
elizabet,Елизавета
fragment,фрагмент
framason,масон
frugileg,грач
hidrogen,водород
hortulan,овсянка
institut,институт
kantarid,жук-солдатик
kariofil,гвоздика
kartilag,хрящ
katarakt,катаракта
koĉenil,кошениль
kokcinel,божья коровка
konvulsi,судорога
leksikon,лексикон
marcipan,марципан
medalion,медальон
monarĥi,монархия
obstrukc,препятствие
paradoks,парадокс
parentez,скобка
particip,причастие
pasament,тесьма
pastinak,пастернак
pergamen,пергамент
peritone,брюшина
perlamot,перламутр
petromiz,минога
petrosel,петрушка
ranunkol,лютик
redaktor,редактор
rezultat,результат
rosmaren,розмарин
serĝent,сержант
sublimat,сублимат
taĉment,отряд
terebint,скипидар
tornistr,ранец
zamenhof,Заменгоф
aleksandr,Александр
anunciaci,благовещение
balustrad,перила
ĉambelan,камергер
ĉarlatan,шарлатан
deklinaci,склонение
diplomati,дипломатия
ekscelenc,превосходительство
ekzempler,экземпляр
entuziasm,энтузиазм
fortepian,рояль
galanteri,аксессуары
iĥtiokol,рыбий клей
instituci,учреждение
instrukci,инструкция
kancelari,канцелярия
kancelier,канцлер
kataplasm,пластырь
kondolenc,соболезнование
konjugaci,спряжение
konjunkci,союз
konsonant,согласный
korporaci,корпорация
kvaranten,карантин
nominativ,именительный
pentekost,Пятидесятница
piedestal,пьедестал
prepozici,предлог
privilegi,привилегия
promontor,мыс
salamandr,саламандра
testament,завещание
vermiĉel,вермишель
interjekci,междометие
superstiĉ,суеверие
vaŝington,Вашингтон
violonĉel,виолончель
arĥitektur,архитектура
interpunkci,пунктуация
jork,Йорк
parok,приход
navig,навигация
kaos,хаос
kimer,химера
korus,хор
monak,монах
iktiokol,ихтиокол
ald,альт
alo,алоэ
api,сельдерей
ari,ария
bas,бас
car,царь
dog,мастиф
dok,док
doz,доза
ego,эго
elf,эльф
etn,этнос
faz,фаза
fon,фон
fuk,обломки
gaz,газ
gem,драгоценность
hum,перегной
jod,йод
jud,еврей
kep,кепи
lat,рейка
lob,доля
mim,мим
mit,миф
muz,муза
nas,ловушка
nav,неф
niz,ястреб
oaz,оазис
opi,опиум
puf,пух
raj,скат
ras,раса
ref,риф
rit,ритуал
rut,рута
sod,сода
tif,тиф
tog,тога
viz,виза
agat,агат
aĝi,премия
alen,шило
ambr,амбра
amor,амур
aort,аорта
arom,аромат
astm,астма
astr,небесный
azil,убежище
bard,бард
bomb,бомба
bosk,роща
brom,бром
bust,бюст
cend,цент
cidr,сидр
cirk,цирк
dali,георгин
dign,достоинство
duel,дуэль
duet,дуэт
ebur,слоновая кость
eden,Эдем
egid,щит
erik,вереск
etik,этика
etim,этимон
fars,фарс
fili,филиал
fisk,казна
furi,фурия
gnom,гном
grog,грок
gruz,гравий
ĝin,джин
hidr,гидра
hien,гиена
irid,ирис
iris,радужка
istm,перешеек
jesu,Иисус
junk,камыш
kabl,кабель
kali,калий
kame,камео
kast,каста
klor,хлор
kofr,сундук
kolz,рапс
kont,счёт
krab,краб
kres,кресс-салат
kupe,купе
laik,мирянин
lama,лама僧
lanc,копьё
lens,линза
lord,лорд
malt,мальт
mani,мания
medi,среда
milv,коршун
mitr,митра
moru,треска
mosk,мускус
mumi,мумия
naft,нефть
negr,негр
nimb,ореол
norm,норма
obol,обол
ogiv,огива
orgi,оргия
ozon,озон
penc,пенс
pleb,плебеи
podi,подиум
polk,полька
pomp,помпезность
pore,лук-порей
rabi,бешенство
rism,стопка
romb,ромб
rubl,рубль
sabr,сабля
sagu,саго
sald,баланс
salv,залп
sekt,секта
sfer,шар
skem,схема
skol,школа
slip,карточка
sokl,основание
sold,жалованье
sole,камбала
spad,рапира
ŝah,шах
talk,тальк
teni,лента
tiar,тиара
tink,линь
tors,торс
tost,тост
trop,троп
turb,юла
ukaz,указ
ulan,улан
uzur,ростовщичество
verv,живость
vink,барвинок
visk,омела
vist,вист
vizi,видение
zuav,зуав
abism,бездна
adept,последователь
afiks,аффикс
afust,лафет
agraf,застёжка
akaci,акация
akciz,акциз
aksel,подмышка
albin,альбинос
alibi,алиби
aline,абзац
alkov,ниша
amfor,амфора
angin,ангина
angor,тоска
anten,антенна
apati,апатия
apoge,апогей
arkad,арка
arkiv,архив
arnik,арника
atlas,атлас
atlet,спортсмен
aviad,авиация
balad,баллада
balet,балет
barak,барак
baron,барон
basen,бассейн
beril,берилл
bibli,Библия
bigot,фанатик
biret,берет
bitum,битум
bivak,лагерь
breĉ,брешь
broĉ,брошь
bronk,бронх
cigan,цыган
cikut,цикута
ĉifr,шифр
debat,дебаты
dekan,декан
dilem,дилемма
diluv,потоп
divan,диван
dolar,доллар
drakm,драхма
dukat,дукат
edikt,указ
eklog,эклога
ekzem,экзема
elegi,элегия
elips,эллипс
elizi,эллизия
emfaz,акцент
epope,эпос
fagot,фагот
fakir,факир
fatal,рок
feŭd,феод
fiakr,кэб
fiask,провал
final,финал
fjord,фьорд
forum,форум
fresk,фреска
furor,хит
galer,галера
galop,галоп
garol,сойка
goril,горилла
hamak,гамак
harem,гарем
harpi,гарпия
helic,винт
helik,улитка
hisop,иссоп
hoboj,гобой
humer,плечевая кость
idiom,идиома
idiot,идиот
ileks,падуб
iluzi,обман
indiga,индиго
jalap,ялаппа
jud/ism##,jud/ism##
kabal,каббала
kadet,кадет
kalif,халиф
kanon,пушка
karat,карат
kazin,казино
kinin,хинин
kirŝ,кирш
kloak,сточная яма
kobaj,морская свинка
kokon,кокон
kolik,колика
kolos,колосс
komet,комета
koral,коралл
korne,роговица
korol,венчик
kozak,казак
krabr,шершень
kreol,креол
kript,склеп
kulis,кулиссы
kumin,тмин
kvast,кисточка
kvint,квинта
lagun,лагуна
lapis,ляпис
larik,лиственница
later,сторона
lazur,лазурь
legat,легат
lirik,лирика
madon,Мадонна
major,майор
mamut,мамонт
medol,мозг
meduz,медуза
melas,патока
melis,мелисса
miasm,миазм
mimoz,мимоза
mitul,мидия
moske,мечеть
motiv,мотив
natri,натрий
nikel,никель
nimfe,кувшинка
noktu,сова
nomad,кочевник
novel,рассказ
nunci,нунций
oksid,оксид
oktav,октава
oniks,оникс
optik,оптика
orbit,орбита
oriol,иволга
ovaci,овация
pagod,пагода
panel,панель
panik,паника
paraf,параф
patos,пафос
pedal,педаль
pedel,служка
peoni,пион
peruk,парик
pigme,пигмей
pirat,пират
pivot,ось
polip,полип
polis,полис
pomad,помада
prior,приор
prism,призма
psalm,псалом
raket,ракета
rebus,загадка
retin,сетчатка
retor,ритор
rezed,резеда
ricin,клещевина
rokok,рококо
rubus,ежевика
rutin,рутина
saliv,слюна
satan,сатана
saten,атлас
seraf,серафим
sifon,сифон
sinap,горчица
sinod,синод
siren,русалка
skalp,скальп
skerc,скерцо
skism,раскол
sonat,соната
sonet,сонет
spasm,спазм
sperm,сперма
splen,хандра
stopl,жнивьё
strof,строфа
sutan,ряса
ŝose,шоссе
ŝpat,лопата
taler,талер
tanin,танин
tarok,таро
teism,теизм
teist,теист
templ,храм
tenor,тенор
teror,террор
tindr,трут
tiran,тиран
tonel,тонна
trofe,трофей
trust,трест
tunik,туника
utopi,утопия
vanel,чибис
vinkt,зажим
viper,гадюка
viski,виски
zefir,зефир
advent,Адвент
aksiom,аксиома
akvari,аквариум
algebr,алгебра
alkemi,алхимия
ambici,амбиция
amulet,амулет
anagal,анагал
anarki,анархия
anatom,анатом
anĉov,анчоус
anemon,анемон
anilin,анилин
aplomb,уверенность
apolog,басня
arbust,куст
arĥiv,архив
asesor,советник
ateism,атеизм
ateist,атеист
aŭkci,аукцион
balast,балласт
balkon,балкон
balzam,бальзам
bandit,бандит
barbar,варвар
barier,барьер
bateri,батарея
batist,батист
bazalt,базальт
beletr,литература
bilanc,баланс
bilard,бильярд
binokl,бинокль
biolog,биолог
blazon,герб
blokad,блокада
bordel,бордель
braman,брахман
brigad,бригада
buduar,будуар
burnus,бурнус
celeri,сельдерей
cidoni,айва
ciklon,циклон
ciklop,циклоп
dekret,указ
depeŝ,депеша
despot,деспот
diabet,диабет
diadem,диадема
diakon,дьякон
diplom,диплом
divizi,дивизия
dragon,драгун
eklips,затмение
eksces,избыток
ekstaz,экстаз
ekvaci,уравнение
emblem,эмблема
emulsi,эмульсия
endivi,эндивий
epilog,эпилог
epitet,эпитет
epizod,эпизод
erupci,извержение
eskort,эскорт
estrad,сцена
etiket,этикет
eŭnuk,евнух
ezofag,пищевод
faktor,фактор
falang,фаланга
fanfar,фанфара
feniks,феникс
feston,гирлянда
fetiĉ,фетиш
fleksi,гибкость
floren,флорин
format,формат
frakci,дробь
fregat,фрегат
galant,подснежник
gangli,ганглий
genist,дрок
geolog,геолог
gerani,герань
gigant,гигант
glazur,глазурь
glikoz,глюкоза
glukoz,глюкоза
gondol,гондола
grafit,графит
gulden,гульден
harpun,гарпун
hetman,атаман
hipnot,гипноз
incens,ладан
indeks,индекс
inflam,воспаление
jaguar,ягуар
jezuit,иезуит
ĵaket,пиджак
kadavr,труп
kadenc,ритм
kalibr,калибр
kameli,камелия
kantat,кантата
kanton,кантон
karbon,углерод
karcer,тюрьма
karier,карьера
kariol,повозка
katedr,кафедра
kaŭci,залог
kazern,казарма
kokard,кокарда
kolodi,коллодий
koloni,колония
kompas,компас
kondor,кондор
konjak,коньяк
korife,хорефей
kornet,корнет
korsar,корсар
korset,корсет
korvet,корвет
kotlet,котлета
kursiv,курсив
laktuk,салат
lavend,лаванда
loteri,лотерея
lucern,лампа
maksim,максима
malari,малярия
marasm,истощение
markiz,маркиз
martir,мученик
masaĝ,массаж
mazurk,мазурка
medium,медиум
melodi,мелодия
mentor,наставник
merkat,рынок
mespil,мушмула
meteor,метеор
metrik,метрика
mikrob,микроб
mirakl,чудо
miriad,мириады
molusk,моллюск
monark,монарх
morfin,морфин
mozaik,мозаика
munici,боеприпасы
nektar,нектар
orkide,орхидея
paĉul,пачули
parodi,пародия
pavian,павиан
pedant,педант
pepsin,пепсин
petard,петарда
piastr,пиастр
pistil,пестик
podagr,подагра
ponton,понтон
portal,портал
portik,крыльцо
prelat,прелат
prelud,увертюра
premis,предпосылка
profan,осквернитель
profil,профиль
prolog,пролог
puding,пудинг
pupitr,пюпитр
pustul,пустула
rabarb,ревень
regent,регент
rektor,ректор
relief,рельеф
retort,реторта
romanc,романс
rotond,ротонда
sandal,сандалия
santal,сандал
sarong,саронг
satrap,сатрап
sektor,сектор
septet,септет
serajl,гарем
sevrug,севрюга
sfinks,сфинкс
siluet,силуэт
simbol,символ
sinkop,обморок
sintez,синтез
skelet,скелет
sofist,софист
spektr,спектр
spiral,спираль
sponde,спондей
suflor,суфлёр
sultan,султан
ŝalup,шлюпка
ŝankr,язва
ŝarad,шарада
taksus,тис
taktik,тактика
talmud,Талмуд
tamtam,тамтам
tandem,тандем
tapiok,тапиока
teolog,теолог
teorem,теорема
terapi,терапия
tercet,триолет
termit,термит
tonsur,тонзура
torped,торпеда
trapez,трапеция
tribut,дань
triumf,триумф
turbin,турбина
unison,унисон
uragan,ураган
vampir,вампир
verand,веранда
vermut,вермут
vinjet,виньетка
zigzag,зигзаг
zodiak,зодиак
admiral,адмирал
aerolit,метеорит
aforism,афоризм
agronom,агроном
akrobat,акробат
akvarel,акварель
alegori,аллегория
alĥemi,алхимия
almanak,альманах
ambrozi,амброзия
ametist,аметист
amnesti,амнистия
anagram,анаграмма
analogi,аналогия
anapest,анапест
anatomi,анатомия
angelik,дудник
anomali,аномалия
antilop,антилопа
antipod,антипод
antitez,антитеза
apoteoz,обожествление
apozici,аппозиция
arabesk,арабеска
arkaism,архаизм
asonanc,ассонанс
atavism,атавизм
atribut,свойство
aŭreol,ореол
bankier,банкир
barikad,баррикада
bariton,баритон
bastard,ублюдок
bazilik,базилика
biograf,биограф
biologi,биология
bisturi,скальпель
bombast,помпезность
botanik,ботаника
celuloz,целлюлоза
ceramik,керамика
cilindr,цилиндр
cistern,цистерна
citadel,крепость
ĉevron,стропило
demagog,демагог
diagnoz,диагноз
dialekt,диалект
diametr,диаметр
difteri,дифтерия
diftong,дифтонг
dinamik,динамика
dinamit,динамит
dinasti,династия
doktrin,доктрина
ekspres,экспресс
eliksir,эликсир
eminenc,высокопреосвященство
epiderm,эпидермис
epifani,Богоявление
epigraf,эпиграф
epigram,эпиграмма
erudici,эрудиция
estetik,эстетика
etim/olog##,etim/olog##
etiolog,этиолог
evoluci,эволюция
farmaci,фармация
filolog,филолог
filozof,философ
fonetik,фонетика
fronton,фронтон
gangren,гангрена
gardeni,гарде́ния
gencian,генциан
geodezi,геодезия
geograf,географ
geologi,геология
geometr,геометр
gerundi,герундий
gilotin,гильотина
gimnast,гимнаст
gimnazi,гимназия
guberni,провинция
hiacint,гиацинт
hipotek,ипотека
hipotez,гипотеза
histeri,истерия
homonim,омоним
ĥirurg,хирург
judaism,иудаизм
ĵargon,жаргон
kalomel,каломель
kanaben,коноплянка
kanibal,каннибал
kanonik,каноник
kaporal,капрал
karamel,карамель
karavan,караван
kartuŝ,картуш
katolik,католик
kazemat,каземат
komplot,заговор
koncesi,уступить
kontakt,контакт
korsaĵ,лиф корсета
kreozot,креозот
kriteri,критерий
kvadril,кадриль
kvestor,квестор
letargi,летаргия
liturgi,литургия
lozanĝ,ромб
lumbrik,червь
mahagon,махагон
majolik,майолика
makadam,щебень
makaron,макарун
malakit,малахит
mansard,чердак
marĝen,край
matador,матадор
mekanik,механика
merlang,мерланг
metafor,метафора
minaret,минарет
mirabel,мирабель
molekul,молекула
monarki,монархия
monolog,монолог
monopol,монополия
nikotin,никотин
obelisk,обелиск
oleandr,олеандр
oligark,олигарх
omnibus,омнибус
onobrik,эспарцет
optativ,оптатив
pacient,пациент
palinur,лангуст
pamflet,памфлет
panoram,панорама
papirus,папирус
parabol,парабола
parafin,парафин
paskvil,памфлет
paŝtel,пастель
patolog,патолог
patrici,патриций
patriot,патриот
pedagog,педагог
pelerin,накидка
pension,пансион
percept,восприятие
pilastr,пилястр
piramid,пирамида
plagiat,плагиат
plantag,подорожник
polemik,спор
prefekt,префект
procesi,шествие
prognoz,прогноз
prozodi,просодия
puritan,пуританин
retorik,риторика
revizor,аудитор
samovar,самовар
sarkasm,сарказм
segment,отрезок
sekreci,секрет
semafor,семафор
serenad,серенада
sifilis,сифилис
simetri,симметрия
simfoni,симфония
simptom,симптом
sinagog,синагога
sinedri,синедрион
sinonim,синоним
sintaks,синтаксис
skandal,скандал
skrupul,тщательность
stearin,стеарин
sugesti,намёк
ŝiling,шиллинг
taburet,табурет
tangent,касательная
teokrat,теократ
teologi,теология
trombon,тромбон
ultimat,ультиматум
uvertur,увертюра
variant,вариант
vazelin,вазелин
verdikt,приговор
veteran,ветеран
vokativ,звательный падеж
abnegaci,отречение
adjutant,адъютант
aeroplan,самолёт
agronomi,агрономия
akvafort,гравюра
akvilegi,водосбор
alabastr,алебастр
aligator,аллигатор
ambulanc,скорая помощь
antipati,антипатия
antologi,антология
apostrof,апостроф
arbalest,арбалет
areometr,ареометр
arkeolog,археолог
arkitekt,архитектор
artileri,артиллерия
astrolog,астролог
astronom,астроном
atmosfer,атмосфера
aŭdienc,приём
balistik,баллистика
balzamin,бальзамин
banderol,обёртка
barelief,барельеф
batalion,батальон
bazilisk,василиск
biografi,биография
ceremoni,церемония
dekadenc,упадок
delegaci,делегация
demagogi,демагогия
demokrat,демократ
diafragm,диафрагма
diagonal,диагональ
diapazon,камертон
didaktik,дидактика
difterit,дифтерия
diktator,диктатор
disĉipl,ученик
dispepsi,несварение
ditiramb,дифирамб
dromedar,дромедар
ekstrakt,извлечение
epilepsi,эпилепсия
erizipel,рожа
etimologi##,etimologi##
etiologi,этиология
etnograf,этнограф
evangeli,евангелие
faksimil,факсимиле
fakultat,факультет
felieton,фельетон
feminism,феминизм
feminist,феминист
filologi,филология
filozofi,философия
fiziolog,физиолог
fonograf,фонограф
galantin,галантина
garnitur,аксессуары
garnizon,гарнизон
genealog,генеалог
geometri,геометрия
glicerin,глицерин
gliciriz,солодка
grafolog,графолог
gramofon,граммофон
gutaperk,гуттаперча
halebard,алебарда
harmonik,гармошка
hegemoni,гегемония
hekatomb,гекатомба
hierarki,иерархия
hipodrom,ипподром
honorari,гонорар
horoskop,гороскоп
hortensi,гортензия
ĥirurgi,хирургия
idiotism,идиома
imperial,верхний ярус
indiĝen,абориген
inkognit,инкогнито
intervju,интервью
kalendul,ноготки
kardinal,кардинал
katafalk,катафалк
katakomb,катакомба
katedral,собор
katekist,катехизатор
kavaleri,кавалерия
komandit,коммандитное
konfekci,одежда
konflikt,конфликт
kontralt,контральто
kontrast,контраст
konvenci,соглашение
kosmetik,косметика
kreditor,кредитор
ksilofon,ксилофон
kvocient,частное
labirint,лабиринт
laŭreat,лауреат
logaritm,логарифм
logogrif,загадка
makaroni,макароны
mandaren,чиновник
mandolin,мандолина
manifest,манифест
manometr,манометр
margarin,маргарин
marionet,марионетка
maŭzole,мавзолей
mekanism,механизм
melodram,мелодрама
meridian,меридиан
metronom,метроном
metropol,метрополия
mikrofon,микрофон
miniatur,миниатюра
monogram,монограмма
monomani,мономания
naftalin,нафталин
narkotik,наркотик
navigaci,навигация
nekrolog,некролог
nepotism,кумовство
nihilism,нигилизм
nihilist,нигилист
nostalgi,ностальгия
numismat,нумизмат
obligaci,облигация
oligarĥ,олигарх
oligarki,олигархия
optimism,оптимизм
optimist,оптимист
organism,организм
orografi,орография
pacifism,пацифизм
pacifist,пацифист
palanken,паланкین
panteism,пантеизм
panteist,пантеист
pantomim,пантомима
paradigm,парадигма
parafraz,перефразирование
paragraf,параграф
partitur,партитура
patologi,патология
pedagogi,педагогика
perimetr,периметр
peristil,перистиль
pesimism,пессимизм
pesimist,пессимист
pleonasm,избыточность
poliglot,полиглот
preterit,прошедшее
procedur,процедура
projekci,проекция
proporci,доля
prospekt,брошюра
protokol,протокол
prototip,прототип
prozelit,новообращённый
psikolog,психолог
referenc,ссылка
renesanc,Возрождение
reputaci,репутация
revelaci,откровение
revolver,револьвер
rojalist,роялист
sacerdot,священник
sakristi,ризница
sarkofag,саркофаг
seminari,семинар
sensaci,сенсация
sfinkter,сфинктер
silogism,силлогизм
solecism,ошибка
stipendi,стипендия
strategi,стратегия
subvenci,субсидия
talisman,талисман
tamburin,бубен
tarantel,тарантелла
tarantul,тарантул
teleskop,телескоп
teokrati,теократия
tipograf,типограф
topograf,топограф
toreador,тореадор
transept,трансепт
tuberkul,бугорок
amfiteatr,амфитеатр
apopleksi,инсульт
arbitraci,арбитраж
arĥeolog,археолог
arĥitekt,архитектор
aritmetik,арифметика
arkeologi,археология
arkipelag,архипелаг
astrologi,астрология
astronomi,астрономия
aŭditori,аудитория
aŭtograf,автограф
aŭtokrat,деспот
deklaraci,заявление
demokrati,демократия
dialektik,диалектика
disciplin,дисциплина
disenteri,дизентерия
entomolog,энтомолог
etnografi,этнография
filantrop,благотворитель
fiziologi,физиология
fizionomi,лицо
fotografi,фотография
genealogi,генеалогия
gladiator,гладиатор
grafologi,графология
harmonium,гармониум
heksametr,гекзаметр
heliotrop,гелиотроп
hidrofobi,гидрофобия
hieroglif,иероглиф
higrometr,гигрометр
hipopotam,бегемот
homeopati,гомеопатия
ideografi,идеография
imperativ,повелительное наклонение
imperfekt,несовершенный
impresari,импресарио
indikativ,изъявительное
infanteri,пехота
infinitiv,инфинитив
inkvizici,инквизиция
intendant,управляющий
kabriolet,кабриолет
kandelabr,канделябр
karikatur,карикатура
kartograf,картограф
kastanjet,кастаньеты
katalepsi,каталепсия
katastrof,катастрофа
kateĥist,катехизатор
kompromis,компромисс
konduktor,проводник
konkurenc,конкуренция
kontinent,континент
kontrabas,контрабас
konvolvul,вьюнок
kosmogoni,космогония
kosmograf,космограф
krizantem,хризантема
kronologi,хронология
kronometr,хронометр
krucifiks,распятие
kvadratur,квадратура
litografi,литография
lokomobil,тягач
melankoli,меланхолия
metafizik,метафизика
mikrometr,микрометр
mikroskop,микроскоп
mineralog,минералог
monoteism,монотеизм
neologism,неологизм
oligarĥi,олигархия
ornitolog,орнитолог
ostracism,изгнание
paleograf,палеограф
palisandr,палисандр
paroksism,припадок
pentametr,пентаметр
plutokrat,плутократ
politeism,многобожие
providenc,провидение
pulĉinel,Пульчинелла
purgatori,чистилище
recitativ,речитатив
reformaci,реформация
rekrement,осадок
repertuar,репертуар
rezignaci,смирение
sakrament,таинство
sekundant,секундант
skarlatin,скарлатина
skolastik,схоластика
somnambul,лунатик
sortiment,ассортимент
spekulaci,спекуляция
spirit/ism##,spirit/ism##
spirit/ist##,spirit/ist##
stalagmit,сталактит
stalaktit,сталактит
statistik,статистика
ŝovinism,шовинизм
ŝovinist,шовинист
tipografi,типография
topografi,топография
velociped,велосипед
veterinar,ветеринар
vivisekci,вивисекция
abiturient,выпускник
alternativ,альтернатива
anakronism,анахронизм
antropolog,антрополог
arĥeologi,археология
arĥipelag,архипелаг
aristokrat,аристократ
arkitektur,архитектура
aŭtokrati,автократия
beletristik,изящнаялитература
bibliograf,библиограф
civilizaci,цивилизация
dinamometr,динамометр
ekskrement,экскременты
entomologi,энтомология
eŭkaristi,евхаристия
filantropi,благотворительность
hipertrofi,гипертрофия
ingredienc,ингредиент
inkvizitor,инквизитор
kartografi,картография
koeficient,коэффициент
kompliment,комплимент
kongregaci,конгрегация
konsistori,консистория
kontraband,контрабанда
kontribuci,репарации
kosmografi,космография
kosmopolit,космополит
krestomati,хрестоматия
kvintesenc,квинтэссенция
manufaktur,фабрика
manuskript,рукопись
metamorfoz,превращение
meteorolog,метеоролог
mineralogi,минералогия
naturalism,натурализм
numismatik,нумизматика
ornitologi,орнитология
paleografi,палеография
perspektiv,перспектива
plutokrati,плутократия
pneŭmatik,шина
prerogativ,прерогатива
pseŭdonim,псевдоним
stenografi,стенография
subjunktiv,сослагательное
superlativ,суперлатив
tuberkuloz,туберкулёз
admiralitat,адмиралтейство
antropologi,антропология
aristokrati,аристократия
bibliografi,библиография
cirkumfleks,циркумфлекс
demonstraci,доказательство
departement,департамент
enciklopedi,энциклопедия
hermafrodit,гермафродит
hidrostatik,гидростатика
hidroterapi,гидротерапия
imperialism,империализм
inaŭguraci,церемония
kalejdoskop,калейдоскоп
kondicional,условное наклонение
konfederaci,конфедерация
konglomerat,конгломерат
kontrapunkt,контрапункт
manifestaci,демонстрация
metempsikoz,переселение душ
meteorologi,метеорология
observatori,обсерватория
paleontolog,палеонтолог
pleŭronekt,камбала
protagonist,главный герой
protektorat,протекторат
pseŭd,ложный
racional/ism##,racional/ism##
racional/ist##,racional/ist##
reŭmatism,ревматизм
temperament,темперамент
tragikomedi,трагикомедия
administraci,управление
demonstrativ,указательное
konservatori,консерватория
paleontologi,палеонтология
paralelogram,параллелограмм
spiritualism,спиритуализм
spiritualist,спиритуалист
trigonometri,тригонометрия
aŭtobiografi,автобиография
t.e.,т.е.
k.t.p.,и т.д.
kiom,сколько
kiom##,kiom##
kiom##,kiom##
dum,в течение
dum##,dum##
ĝis,до
ĝis##,ĝis##
anstataŭ,вместо
anstataŭ##,anstataŭ##
kiu##,kiu##
kiu,кто
tiu##,tiu##
tiu,тот
ĉiu,всякий
ĉiu##,ĉiu##
neniu,никто
neniu##,neniu##
ambaŭ,оба
ambaŭ##,ambaŭ##
tiu ĉi##,tiu ĉi##
tiu ĉi##,tiu ĉi##
fiks,закреплённый
fiks##,fiks##
fals,ложный
fals##,fals##
ĉu##,ĉu##
ĉu,ли
kial,почему
kial##,kial##
kiel,как
kiel##,kiel##
tamen,однако
tamen##,tamen##
apenaŭ,едва
apenaŭ##,apenaŭ##
kvazaŭ,как будто
kvazaŭ##,kvazaŭ##
ĉirkaŭ,вокруг
ĉirkaŭ##,ĉirkaŭ##
precip##,precip##
precip,главный
tut,весь
tut##,tut##
rest##,rest##
rest,остаток
ĉiel,всячески
ĉiel##,ĉiel##
interes,заинтересовать
interes##,interes##
lig,связывать
lig##,lig##
rul,катить
rul##,rul##
arm##,arm##
arm,оружие
fos,копать
fos##,fos##
plant,сажать
plant##,plant##
orient##,orient##
orient,восток
fald,складывать
fald##,fald##
kaj,и
kaj##,kaj##
amas,масса
amas##,amas##
kopi,копировать
kopi##,kopi##
fotograf,фотографировать
fotograf##,fotograf##
ĉar,потому
ĉar##,ĉar##
fikci##,fikci##
fikci,вымысел
nul,ноль
nul##,nul##
klar##,klar##
klar,ясный
artikol,"статья, артикль"
artikol##,artikol##
aŭgust,август
aŭgust##,aŭgust##
por,для
por##,por##
opozici,противостоять
opozici##,opozici##
fot,фото
vibr,дрожать
oscil,колебаться
fluktu,колебаться
indigo,индиго
ad##,ad##
ad,постоянно
ag,действовать
al,к
am,любить
an,член
ar,группа
as,наст. вр.
at,продолжается
av,дед
bo,по браку
ci,твой
da,из
de,из
di,бог
Di##,Di##
do,итак
du,два
ec,качество
eg,очень
ej,место
ek,нач-
el,из
em,склонен
en,внутри
er,частица
et,маленький
fe,фея
fi##,fi##
fi,мерзкий
ge,оба пола
ha,ах!
he,эй!
ho,о!
ia,ослиный
id,потомок
ie,где-то
ig,заставить
il,инструмент
in,женский
io,что-то
ir,идти
is,был
it,завершён
iu##,iu##
iu,кто-то
ja,да
je,на
ju,чем
ke,что
l',л'
la,определённый артикль
li,его
lu,арендовать
mi,я
ne,нет
ni,наш
nj,-очка
nu,ну
od,ода
ok,восемь
ol,чем
on,доля
op,совместно
or,золото
os,буд-
ot,ещё не начат
ov,яйцо
pi,благочестивый
po,по
re,снова
se,если
si,свой
te,чай
uj,сосуд
ul,чел
um,неопределённый
ur,тур
us,бы
uz,использовать
ve,увы
vi,твой
homeopat,гомеопат
zoolog,зоолог