###❝جذر إسبرانتو❞,الأسطر التي تم تمييزها كـ ❝(مطابق تمامًا) جذر إسبرانتو❞ لها نفس الأولوية التي تمتلكها الأسطر التي تحتوي على سلسلة أحرف مقابلة للاستبدال، ولكنها في الواقع تشير إلى أنه لا يتم إجراء أي استبدال للأحرف (كانجي).
جذر إسبرانتو##,الترجمة العربية مع تعليقات روبي##
adiaŭ,وداع
bis,مرة أخرى
hura,هتاف
ŭa,وا!
kia,ما نوع
tia,مثل هذا
ĉia,كلّ
kies,لمن
nenia,لا شيء
ali,آخر
alt,عالٍ
bel,جميل
bon,جيد
jun,شاب
nov,جديد
sam,نفس
fort,قوي
grav,مهم
kelk,بعض
last,أخير
long,طويل
mult,كثير
plen,ممتلئ
riĉ,ثري
ruĝ,أحمر
facil,سهل
grand,كبير
liber,حرّ
rapid,سريع
feliĉ,سعيد
proksim,قريب
fru,مبكر
pur,نقي
sol,وحيد
ver,حقيقي
cert,مؤكد
nigr,أسود
varm,دافئ
afabl,ودود
blank,أبيض
dolĉ,حلو
neces,ضروري
propr,خاص
simpl,بسيط
dekstr,يمين
kuraĝ,شجاع
trankvil,هادئ
blu,أزرق
dik,سميك
gaj,مبتهج
hel,مشرق
kar,عزيز
lac,متعب
san,صحي
sat,ممتلئ
just,عادل
prav,صحيح
pret,جاهز
util,مفيد
verd,أخضر
apart,منفصل
atent,حذر
fremd,غريب
ĝust,صحيح
komun,مشترك
larĝ,واسع
agrabl,لطيف
divers,مختلف
intern,داخلي
sufiĉ,كافٍ
kontent,راضٍ
profund,عميق
mol,ناعم
pez,ثقيل
sek,جاف
brun,بني
egal,مساوٍ
flav,أصفر
griz,رمادي
kulp,مذنب
lert,ماهر
rekt,مباشر
saĝ,حكيم
vast,واسع
ceter,باقي
freŝ,طازج
simil,مشابه
kapabl,مؤهل
serioz,جاد
efektiv,حقيقي
ordinar,عادي
akr,حاد
fam,مشهور
ies,لشخص ما
avar,بخيل
dens,كثيف
eben,مستوٍ
fier,فخور
firm,ثابت
nepr,حتمي
plat,مسطح
plur,متعدد
surd,أصم
vigl,نشيط
fidel,مخلص
kviet,هادئ
matur,ناضج
sankt,مقدس
spert,خبير
subit,مفاجئ
taŭg,مناسب
honest,صادق
konven,مناسب
plur,متعدد
preciz,دقيق
strang,غريب
delikat,دقيق
ĝentil,مهذب
komfort,مريح
pacienc,صبور
special,خاص
ĝeneral,عام
konstant,ثابت
lam,عرج
mut,أبكم
nud,عارٍ
pal,باهت
ruz,ماكر
van,عبث
acid,حامض
glat,ناعم
kler,مثقف
krud,خام
mild,لطيف
abund,وفير
blind,أعمى
blond,أشقر
ĉarm,جذاب
etern,أبدي
favor,مؤاتٍ
graci,رشيق
humil,متواضع
laŭt,صاخب
sever,صارم
stult,غبي
fortik,قوي
frenez,مجنون
kurioz,غريب
privat,خاص
sincer,صادق
evident,واضح
oportun,مناسب
prudent,حكيم
sci/vol##,sci/vol##
diligent,مجتهد
proksim/um##,proksim/um##
ard,مشتعل
avid,طامع
brav,شجاع
ebri,سكران
krut,حاد
naiv,ساذج
nobl,نبيل
sobr,معتدل
humid,رطب
ident,مطابق
komik,مضحك
kripl,معاق
kruel,قاسي
moder,معتدل
sagac,ذكي
seren,هادئ
sprit,ذكي
akurat,دقيق
fervor,متحمس
inklin,ميل
ĵaluz,غيور
kapric,متقلب
modern,حديث
modest,متواضع
nenies,لا أحد
normal,طبيعي
sovaĝ,بري
ekstrem,أقصى
elegant,أنيق
eminent,بارز
komplet,تامّ
oficial,رسمي
perfekt,تامّ
probabl,محتمل
reciprok,متبادل
indiferent,غير مبالٍ
inteligent,ذكي
amar,مرّ
imun,محصن
real,حقيقي
ties,تلك
unik,فريد
vant,مغرور
virg,عذراء
aktiv,نشط
civil,مدني
ĉies,الجميع
elast,مرن
human,إنساني
intim,حميم
kaduk,متداعي
koket,مغازلة
lojal,مخلص
malic,خبيث
mir/ind##,mir/ind##
raŭk,أجش
rigid,صلب
sekur,آمن
solen,مهيب
tener,حنون
valid,صالح
abrupt,مفاجئ
absurd,غير معقول
aktual,حالي
arbitr,تعسفي
aŭdac,جريء
ekzakt,دقيق
furioz,غاضب
graved,حامل
klasik,كلاسيكي
majest,مهيب
nervoz,عصبي
oblikv,مائل
obstin,عنيد
plen/aĝ##,plen/aĝ##
social,اجتماعي
subtil,دقيق
tragik,مأساوي
absolut,مطلق
kontant,نقدي
popular,شائع
relativ,نسبي
sin/don##,sin/don##
solidar,متضامن
vegetar,نباتي
familiar,ودود
grandioz,رائع
kolektiv,جماعي
sin/gard##,sin/gard##
kompetent,مؤهل
universal,عالمي
kvit,خالي من الديون
miop,قَصِيرُ النَّظَرِ
punc,قرمزي
ranc,زنخ
ĉast,عفيف
ekstr,إضافي
masiv,ضخم
antikv,قديم
arogant,متغطرس
konform,متوافق
trivial,تافه
elokvent,بليغ
kriminal,جنائي
predikat,محمول
akut,حاد
dual,مزدوج
hirt,منتصب
kalv,أصلع
banal,مبتذل
cinik,ساخر
gotik,قوطي
inert,خامل
obtuz,باهت
okult,غامض
pasiv,سلبي
rigor,صارم
stoik,رواقية
analog,مماثل
anonim,مجهول
arkaik,قديم
diafan,شفاف
efemer,زائل
erotik,إيروتيكي
fiktiv,وهمي
formal,رسمي
frivol,طائش
intens,حاد
invers,عكسي
konciz,موجز
konkav,مقعّر
mistik,غامض
neŭtr,محايد
vulgar,عام
akcesor,ثانوي
apokrif,مشكوك فيه
arĥaik,عتيق
burlesk,ساخر
decimal,عشري
diskret,منفصل
fanatik,متعصب
grotesk,غريب
konkret,ملموس
kontinu,مستمر
liberal,ليبرالي
monoton,رتيب
negativ,سلبي
nominal,اسمي
pozitiv,إيجابي
radikal,جذري
skeptik,متشكك
solvent,مُذيب
abstrakt,مجرد
aŭtonom,مستقل
eventual,محتمل
inkluziv,شامل
neŭtral,محايد
objektiv,موضوعي
ortodoks,أرثوذكسي
primitiv,بدائي
provizor,مؤقت
racional,عقلاني
romantik,رومانسي
sinoptik,ملخص
spontane,عفوي
aŭtentik,أصيل
definitiv,نهائي
ekskluziv,حصري
korelativ,مرتبط
respektiv,مُقابِل
subjektiv,ذاتي
transitiv,متعدٍّ
spekulativ,تأملي
impertinent,وقح
konservativ,محافظ
sentimental,عاطفي
dek,عشرة
mil,ألف
sep,سبعة
ses,ستة
tri,ثلاث
unu,واحد
cent,مئة
kvar,أربعة
kvin,خمسة
naŭ,تسعة
aŭ,أو
nek,لا
sed,لكن
kvankam,لكن
plus,زائد
minus,ناقص
ĉe,عند
kun,معًا
per,بواسطة
pri,حول
pro,بسبب
sen,بدون
sub,تحت
sur,على
tra,عبر
apud,قرب
krom,إضافة
laŭ,وفقًا
post,بعد
inter,بين
super,فوق
trans,عبر
antaŭ,قبل
ekster,خارج
preter,تجاوز
kontraŭ,ضد
malgraŭ,رغم
ĝi,هو
ili,هم
kio,ما
oni,الناس
ŝi,هي
tio,ذلك
ĉio,كلّ
nenio,لا شيء
tio ĉi##,tio ĉi##
dis,منفصل
mal,عكس
ĉef,رئيسي
eks,سابق
mis,خطأ
pra,قديم
dev,يجب
dir,يقول
don,منح
est,يكون
far,يفعل
fin,نهاية
hav,يمتلك
kon,يعرف
leg,قرأ
lev,رفع
met,وضع
mov,تحريك
pet,طلب
pov,يستطيع
rid,ضحك
sci,يعرف
sid,جلس
ten,يمسك
ven,يأتي
vid,رؤية
viv,حيّ
vol,يريد
ĝoj,فرح
help,مساعدة
kred,يؤمن
lern,تعلم
loĝ,سكن
mort,يموت
okaz,يحدث
port,حمل
pren,أخذ
sekv,يتبع
send,إرسال
star,يقف
dezir,رغبة
labor,عمل
milit,حرب
montr,عرض
parol,تحدث
ricev,استلام
skrib,يكتب
ŝajn,يبدو
vetur,سفر
demand,يسأل
komenc,يبدأ
kompren,فهم
respond,يجيب
bat,ضرب
fal,سقوط
kri,صرخ
kur,ركض
las,سمح
lum,مضيء
mir,دهشة
pag,دفع
pas,مرّ
reg,حكم
son,صوت
tim,خوف
tir,سحب
aŭd,سمع
brul,يحترق
dank,شكر
dorm,نائم
ferm,أغلق
flug,طيران
halt,توقف
ĵet,رمى
kant,غناء
kost,ثمن
mank,ناقص
nask,يلد
okup,مشغول
pens,يفكر
perd,خسر
prem,ضغط
prov,اختبار
sent,يشعر
turn,دوران
aĉet,شراء
atend,انتظار
bezon,يحتاج
kresk,ينمو
manĝ,أكل
memor,يتذكر
serĉ,بحث
trink,يشرب
konsil,نصح
permes,إذن
postul,طلب
rakont,سرد
rigard,نظر
rimark,لاحظ
ŝanĝ,تغيير
vojaĝ,سفر
konstru,بناء
prezent,عرض
renkont,يلتقي
bru,ضجيج
dub,يشك
lav,غسل
lud,لعب
pen,بجهد
vek,أيقظ
vok,استدعاء
aper,ظهر
bril,تألق
erar,خطأ
fest,يحتفل
frap,ضرب
gajn,ربح
kapt,أمسك
kaŝ,إخفاء
kovr,غطِّ
kuir,طهي
kuŝ,مستلقي
paŝ,يمشي
plor,بكاء
romp,كسر
salt,قفز
serv,خدم
tuŝ,لمس
vend,بيع
zorg,رعاية
batal,قتال
elekt,اختيار
esper,أمل
koler,غاضب
mezur,قياس
opini,رأي
ordon,أمر
plend,يشكو
ripoz,استرخاء
salut,تحية
sufer,يعاني
akcept,قبول
forges,ينسى
kalkul,حساب
komerc,تجارة
konduk,يقود
pardon,يعفو
silent,صامت
tranĉ,قطع
konsent,يوافق
aŭskult,استماع
ban,اغتسل
flu,تدفق
kre,إنشاء
mok,يسخر
amuz,يمتع
ĉes,توقف
efik,فعال
gard,حراسة
juĝ,قض
klin,يميل
pend,يتدلى
puŝ,دفع
spir,تنفس
stud,يدرس
ŝat,يُقَدِّر
tond,قص
traf,يصيب
ating,وصل
decid,حسم
estim,احترام
invit,دعوة
kurac,علاج
marŝ,يسير
plaĉ,يروق
ripet,كرر
ŝlos,قفل
ŝtel,سرقة
vizit,زار
aranĝ,رتب
ekzist,يوجد
instru,تعليم
intenc,قصد
kompat,يرحم
prefer,يفضّل
prepar,تحضير
promen,يتنزه
promes,وعد
sukces,نجاح
konserv,حفظ
bol,يغلي
kis,يقبّل
obe,يطيع
paf,أطلق
pel,طارد
pik,طعن
pun,عاقب
sav,إنقاذ
tus,سعال
akir,يحصل
apog,دعم
atak,هاجم
bala,كنس
blov,نفخ
ĉas,مطاردة
danc,رقص
eduk,تربية
evit,تجنب
fleg,رعاية
glit,انزلاق
gvid,يرشد
ĝen,إزعاج
hejt,تدفئة
hont,خجل
imag,تخيّل
imit,قلد
komb,تمشيط
mend,طلب
miks,مزج
naĝ,سبح
plug,حرث
pres,طبع
soif,عطش
spez,يتداول
ŝir,مزق
trem,يرتجف
trov,يجد
venk,ينتصر
viŝ,مسح
volv,لف
anonc,أعلن
aprob,يوافق
avert,تحذير
merit,يستحق
minac,تهديد
pentr,يرسم
posed,يمتلك
preĝ,يصلي
rifuz,رفض
rilat,يتعلق
ripar,إصلاح
skrap,حك
ŝerc,يمزح
tromp,خداع
defend,حماية
desegn,رسم
esting,إطفاء
inform,أبلغ
kompar,مقارنة
kondut,تصرف
konfes,اعترف
konsci,يدرك
kultur,يزرع
mensog,كذب
rezult,ينتج
rikolt,حصاد
streĉ,شد
ŝovel,يجرف
akompan,مرافقة
aparten,ينتمي
bedaŭr,ندم
konsist,يتكون
organiz,ينظم
progres,تقدّم
respekt,احترام
riproĉ,لوم
diferenc,يختلف
rekomend,يوصي
korespond,مراسلة
enu,ملل
fid,ثقة
ĝu,استمتع
hak,قطع
log,جذب
pek,ذنب
pes,وزن
raz,حلق
dron,غرق
fajf,يصفر
fand,صهر
farm,زراعة
fart,حال
frot,فرك
ĝem,أنين
krev,ينفجر
kudr,خيط
mord,عض
muel,طحن
nutr,يغذي
odor,يشم
rajd,ركوب
solv,حل
taks,تقييم
teks,نسج
tent,يغري
urĝ,ملحّ
babil,ثرثرة
detru,يدمر
difin,تحديد
distr,تسلية
diven,تخمين
divid,يقسم
etend,مدّ
evolu,تطور
forĝ,صقل
frand,لذيذ
grimp,تسلق
hezit,تردد
kroĉ,ربط
laŭd,مدح
mason,بناء
ofert,عرض
ornam,زخرف
petol,عبث
sonĝ,حلم
stern,بسط
supoz,افترض
ŝirm,حماية
ŝpar,يوفر
ŝtop,سد
ŝuld,دين
ŝvel,انتفاخ
toler,تحمل
verŝ,سكب
aspekt,يبدو
daŭr/ig##,daŭr/ig##
difekt,ضرر
diskut,نقاش
domaĝ,يأسف
ekscit,يثير
ekzerc,تدريب
esplor,بحث
esprim,عبّر
konsol,عزّى
murmur,همس
prezid,يرأس
signif,يعني
skulpt,نحت
traduk,ترجمة
ekskurs,نزهة
ekzamen,فحص
komunik,نقل
koncern,يتعلق
konstat,تأكيد
protekt,حماية
protest,احتجاج
renvers,انقلاب
surpriz,مفاجأة
konsider,اعتبار
persekut,اضطهاد
reprezent,يمثل
bak,خبز
ben,بارك
boj,ينبح
bor,ثقب
ced,تنازل
cit,اقتبس
lek,لحس
rab,نهب
rav,يسحر
rem,تجديف
rev,يحلم
seg,نشر
sku,هز
ted,ممل
teg,غطاء
abon,اشتراك
dung,توظيف
envi,حسد
flar,شم
fond,أسس
frit,قلي
friz,تجعيد
gest,إيماء
glad,كيّ
glut,بلع
ĵur,يقسم
kned,يعجن
maĉ,يمضغ
melk,حلب
migr,التنقل
munt,ركّب
ofer,يُقَدِّم
pent,ندم
pruv,يثبت
pump,يضخ
putr,تعفن
ramp,زحف
risk,خطر
ronk,شخير
rost,شوي
sven,إغماء
ŝov,دفع
ŝut,سكب
tajl,نحت
tord,يلوي
tren,سحب
vari,يتغير
velk,ذبل
adici,جمع
admir,إعجاب
admon,نصح
adopt,يتبنى
akcel,يسرع
atest,شهادة
ĉerp,غرف
degel,يذوب
deleg,يوكل
fleks,ثني
flirt,يرفرف
hered,ورث
influ,تأثير
kares,مداعبة
medit,تأمل
naŭz,مقزز
osced,تثاؤب
paŝt,يرعى
paŭz,توقف
pinĉ,قرص
plekt,جدل
regal,وليمة
ribel,تمرد
sopir,يتوق
sorĉ,سحر
strik,يضرب
sufok,خنق
sving,لوّح
ŝarg,شحن
ŝmir,دهن
trakt,تعامل
tremp,غمر
afrank,ختم
asekur,تأمين
balanc,توازن
barakt,يكافح
dediĉ,يكرّس
deklar,أعلن
destin,يخصص
disput,جدال
escept,استثناء
festen,احتفال
frakas,حطّم
gratul,تهنئة
ilustr,يُوضِّح
import,استيراد
insist,أصرّ
instal,تركيب
instig,حث
insult,شتم
komand,قيادة
komisi,فوّض
konfid,ثقة
konfit,تحلية
konfuz,تشويش
konkur,تنافس
kritik,ينتقد
observ,راقب
penetr,تغلغل
perfid,خيانة
proced,يتقدم
raport,أبلغ
reklam,إعلان
rezign,يتخلى
rezist,مقاومة
rifuĝ,لجوء
brak/um##,brak/um##
civiliz,تحضّر
ĉagren,أزعج
de/pend##,de/pend##
disting,يميز
eksplod,ينفجر
garanti,ضمان
komplez,لطف
kondamn,إدانة
konfirm,تأكيد
konjekt,تخمين
konklud,استنتاج
kontrol,تحقق
konvink,إقناع
operaci,جراحة
plen/um##,plen/um##
pretend,يدّعي
suspekt,يشك
turment,تعذيب
distribu,يوزع
fanfaron,تباهى
kontrakt,يتعاقد
mastr/um##,mastr/um##
prokrast,تأجيل
administr,يدير
el/turn/iĝ##,el/turn/iĝ##
entrepren,يشرع
dec,لائق
juk,حك
lul,هدهد
vad,خوض
vag,تجول
vet,يراهن
vom,تقيأ
zum,طنّ
ador,يعبد
agit,يحرّض
akuz,يتهم
alud,يلمح
bapt,يعمد
bind,ربط
blek,صوت حیوان
bred,تربية
buĉ,ذبح
ĉif,تجعّد
dikt,يملي
dres,روض
ekip,تجهيز
est/ig##,est/ig##
fast,يصوم
flat,مدح
flik,رتق
fuĝ,هرب
fuŝ,فشل
garn,زخرف
grat,خدش
hav/ig##,hav/ig##
izol,عزل
jung,ربط
lukt,نضال
muĝ,يصرخ
opon,يعارض
palp,يلمس
pekl,تمليح
pere,هلاك
pli/ig##,pli/ig##
sark,يزيل الأعشاب
sekc,تشريح
sorb,يمتص
spit,يتحدى
suĉ,مصّ
svat,يُزاوج
tajp,طباعة
tern,يعطس
tikl,دغدغة
tint,رنّ
trik,حِياكة
trud,فرض
vart,يرعى
adapt,تكييف
aplik,تطبيق
asert,يؤكد
asist,يساعد
balot,يصوت
ĉe/est##,ĉe/est##
delir,هذيان
depon,إيداع
deput,ينوب
enket,تحقيق
eskap,هرب
falĉ,حصد
flagr,توهج
for/est##,for/est##
grinc,صرير
ignor,تجاهل
impet,اندفاع
incit,تحريض
indik,أشار
insid,خادع
inund,فيض
kraĉ,بصق
liver,تسليم
menci,ذكر
modif,تعديل
ofend,إهانة
rezon,استنتاج
rivel,يكشف
start,بدء
susur,همس
ŝpin,غزل
trejn,تدريب
venĝ,ثأر
abstin,يمتنع
aflikt,يؤلم
altern,يتناوب
balbut,تلعثم
cirkul,يدور
deĵor,مناوبة
denunc,اتهام
de/ten##,de/ten##
dev/ont/ig##,dev/ont/ig##
digest,هضم
dispon,يتصرف
dorlot,يدلل
eksped,شحن
el/don##,el/don##
establ,يؤسس
flustr,همس
grimac,تجهم
grumbl,تذمر
implik,تشابك
indign,غاضب
indulg,تسامح
infekt,عدوى
injekt,حقن
inspir,يلهم
invent,اخترع
klopod,سعى
kolizi,تصادم
kombin,دمج
kompon,يؤلف
konsum,يستهلك
korekt,صحح
lubrik,زيت
manovr,مناورة
plonĝ,غطس
preleg,يحاضر
propon,اقتراح
provok,يستفز
recenz,نقد
redakt,تحرير
redukt,تقليل
revizi,مراجعة
ŝpruc,يندفع
aplaŭd,تصفيق
blasfem,سبّ
bon/vol##,bon/vol##
brokant,مقايضة
eksport,تصدير
ekzekut,إعدام
gust/um##,gust/um##
iniciat,يبادر
kalumni,تشويه
kompens,عوض
komplik,تعقيد
kontest,اعترض
manipul,يتلاعب
neglekt,إهمال
persist,يثابر
prononc,نطق
prosper,ازدهار
reflekt,يعكس
re/form##,re/form##
subtrah,طرح
ŝancel,يهتز
televid,يشاهد التلفاز
determin,يحدد
ekspluat,استغلال
koncentr,تركّز
mistifik,خدع
preskrib,وصف
revoluci,ثورة
riverenc,انحناء
interpret,ترجمة
kompromit,تعريض للخطر
multiplik,ضرب
propagand,يروج
konversaci,تحادث
interpelaci,استجواب
erp,حرث
kov,حضن
lut,لحام
pep,زقزق
tan,دبغ
agac,مزعج
brod,طرز
brog,حرق
ĉiz,نحت
edif,وعظ
fajl,بَرْد
krak,فرقعة
kroz,تصفح
pist,سحق
rasp,بَشَرَ
rast,جرف
rigl,قفل
rukt,تجشؤ
sibl,صفير
skiz,خطط
sput,بصق
steb,خياطة
stuk,طلاء
ŝim,عفن
torn,خرط
trot,هرولة
urin,تبول
varb,تجنيد
adult,زنى
afekt,يتظاهر
akuŝ,ولادة
arest,توقيف
asign,تخصيص
atenc,اعتداء
draŝ,درس
drink,يشرب
ekzil,نفي
filtr,تصفية
infuz,يغمر
kribr,ينخل
parad,استعراض
rabot,صقل
rafin,تنقية
satur,تشبع
sieĝ,محاصرة
skerm,مبارزة
strab,حول
ŝmac,يُقَبِّل
uzurp,اغتصب
veget,ينمو
border,يُحَدِّد
ĉikan,مضايقة
degrad,خفض
diboĉ,فسق
distil,تقطير
drapir,تغطية
gargar,غرغرة
gravur,نقش
guvern,يدرب
ilumin,ينير
inokul,تطعيم
intrig,يتآمر
ĵongl,خدع
kartav,النطق بالحلق
kontuz,كدم
likvid,تصفية
makler,وساطة
plaŭd,يَضْرِبُ
predik,وعظ
rembur,حشو
ventol,تهوية
deĉifr,فكّ
degener,يتدهور
diskont,خصم
ferment,تخمّر
kalfatr,سدّ
kolport,يبيع
kompost,صفّ
konspir,تآمر
konvert,تحويل
paraliz,شلّ
proklam,يعلن
singult,فواق
ĉarpent,بناء
hipokrit,نفاق
intermit,متقطع
konstern,ذُهُول
marĉand,ساوم
kapitulac,استسلام
kaŭteriz,كيّ
komentari,علّق
koment,يعلق
poz,يتخذ وضعية
vak,فارغ
boks,ملاكمة
ĝir,نقل
kirl,خفق
klak,نقر
kluk,نقنق
knar,صرير
murd,قتل
pled,استئناف
sond,سبر
tatu,وشم
abdik,يتنحى
abort,إجهاض
agoni,يحتضر
aklam,هتاف
amput,بتر
aneks,ضم
aspir,تطلّع
deriv,اشتقّ
feder,اتحاد
impon,يبهر
invad,غزو
kaŭr,جثم
klaĉ,ثرثرة
kliŝ,نمط
kotiz,دفع
marin,نقع
miaŭ,مواء
modul,تعديل
refut,دحض
rikan,يسخر
streb,يسعى
svarm,تجمّع
ŝveb,يحوم
absorb,يشغل
akapar,احتكار
analiz,تحليل
asimil,يستوعب
asperg,رش
atribu,ينسب
aŭgur,يتنبأ
bojkot,مقاطعة
cenzur,検閲
dedukt,استنتاج
deklam,朗読
dekolt,خفض
indukt,استنتاج
kompil,تجميع
konced,اعترف
konker,قهر
korupt,رشوة
kverel,تشاجر
lament,يندب
narkot,مخدر
stimul,تحفيز
strigl,تمشيط
ŝrump,ذبل
amortiz,إطفاء
anticip,يتوقع
apelaci,استئناف
bankrot,إفلاس
bombard,قصف
emancip,تحرير
inspekt,يفحص
katekiz,تعليم ديني
koincid,يتزامن
konfisk,مصادرة
konsekr,كرّس
konsult,تشاور
legitim,شرعي
mobiliz,تعبئة
pilgrim,يحج
improviz,ارتجال
inaŭgur,افتتاح
karambol,تصادم
kateĥiz,تعليم ديني
klasifik,يصنّف
kontribu,يساهم
litograf,حفر الحجر
prostitu,دعارة
centraliz,مركزة
stenograf,تدوين مختصر
ekskomunik,حرمان
karakteriz,يميز
aĵ,شيء
ant,مستمر
ebl,ممكن
iĝ,يصبح
ind,قيمة
int,تام
ism,مذهب
ist,محترف
obl,أضعاف
ont,مستقبلي
estr,قائد
aĉ,رديء
ĉj##,ĉj##
end,ضروري
ing,غلاف
ajn,أيًّا
ĉi##,ĉi##
eĉ##,eĉ##
for,بعيد
iam,سابقًا
iom,قليل
jam,بالفعل
jen,ها هو
jes,نعم
kie,أين
mem,ذاتي
nun,الآن
nur,فقط
pli,أكثر
plu,أكثر
tie,هناك
tre,جداً
tro,مفرط
tuj,فورًا
ĉie,في كل مكان
ĵus,الآن
kiam,متى
plej,أكثر
tial,لذلك
tiam,حينئذ
tiel,هكذا
tiom,كثيرًا
ĉiam,دائمًا
nenie,لا مكان
ankaŭ,أيضًا
neniam,أبداً
baldaŭ,قريبًا
hieraŭ,أمس
hodiaŭ,اليوم
morgaŭ,غدًا
tie ĉi##,tie ĉi##
almenaŭ,على الأقل
ankoraŭ,بعد
preskaŭ,تقريباً
tiel ĉi##,tiel ĉi##
oft,كثيراً
ial,لسبب ما
iel,بأيّ طريقة
volont,طوعًا
des,أكثر
neniom,لاشيء
ĉial,لكل سبب
ĉiom,كلياً
ia/foj##,ia/foj##
nenial,بلا سبب
neniel,بأيّ حال من الأحوال
parker,عن ظهر قلب
foj,مرات
hom,إنسان
jar,عام
kap,رأس
kor,قلب
lok,مكان
man,يد
nom,اسم
tag,يوم
ter,أرض
vir,ذكر
voj,طريق
afer,شأن
amik,صديق
form,شكل
kamp,حقل
land,بلد
mond,عالم
naci,أمة
patr,أب
temp,وقت
vort,كلمة
flank,جانب
infan,طفل
patr/in##,patr/in##
ĉambr,غرفة
sinjor,سيد
akv,ماء
arb,شجرة
art,فن
dom,منزل
edz,زوج
fil,ابن
har,شَعْرَة
hor,ساعة
lit,سرير
mar,بحر
mon,مال
mur,جدار
pac,سلام
pec,قطعة
sun,شمس
urb,مدينة
bild,صورة
bird,طائر
buŝ,فم
frat,أخ
hejm,منزل
knab,صبي
kort,فناء
libr,كتاب
mont,جبل
okul,عين
part,جزء
pied,قدم
pord,باب
rajt,حق
tabl,طاولة
vent,ريح
vest,ملابس
fingr,إصبع
frukt,ثمر
kolor,لون
leter,رسالة
lingv,لغة
maten,صباح
popol,شعب
punkt,نقطة
rimed,وسيلة
valor,قيمة
ĉeval,حصان
famili,عائلة
fraŭl,أعزب
person,شخص
semajn,أسبوع
vesper,مساء
vizaĝ,وجه
fenestr,نافذة
aer,هواء
aĝ,عمر
cel,هدف
fer,حديد
ide,فكرة
kat,قط
kol,عنق
mez,وسط
naz,أنف
nub,غيم
ord,ترتيب
pan,خبز
roz,وردة
best,حيوان
bord,شاطئ
brak,ذراع
dent,سن
fajr,نار
fiŝ,سمك
flor,زهرة
glas,كوب
hund,كلب
korp,جسم
lakt,حليب
lign,خشب
lini,خط
mark,علامة
neĝ,ثلج
nokt,ليل
onkl,عمّ
orel,أذن
plum,ريشة
pluv,مطر
rond,دائري
sang,دم
seĝ,كرسي
spec,نوع
stat,حالة
supr,قمة
ŝip,سفينة
vitr,زجاج
angul,زاوية
daŭr,استمرار
dolor,ألم
gazet,صحيفة
kaŭz,سبب
kutim,عادة
minut,دقيقة
monat,شهر
natur,طبيعة
nombr,عدد
paper,ورق
plank,أرضية
river,نهر
somer,صيف
staci,محطة
strat,شارع
suker,سكر
ŝton,حجر
vagon,عربة
veter,طقس
vintr,شتاء
aŭtun,خريف
ĉapel,قبعة
direkt,اتجاه
kolekt,مجموعة
moment,لحظة
plezur,متعة
vilaĝ,قرية
ekzempl,مثال
ĝarden,حديقة
histori,تاريخ
printemp,ربيع
bov,بقرة
ink,حبر
kaf,قهوة
kok,دجاجة
kuk,كعكة
kuz,ابن عم
lag,بحيرة
lim,حد
lun,قمر
maj,مايو
pak,حزمة
sak,كيس
sum,مجموع
tru,ثقب
vin,نبيذ
anim,روح
azen,حمار
benk,مقعد
dors,ظهر
foli,ورقة
font,نبع
fund,أساس
genu,ركبة
gren,حبوب
grup,مجموعة
herb,عشب
juli,يوليو
juni,يونيو
kart,بطاقة
klas,فئة
korb,سلة
kruc,صليب
krur,ساق
lang,لسان
leĝ,قانون
lund,الإثنين
mard,الثلاثاء
mart,مارس
ofic,وظيفة
ombr,ظل
paĝ,صفحة
pork,خنزير
poŝ,جيب
radi,شعاع
reĝ,ملك
senc,معنى
stel,نجم
ŝaf,خروف
verk,عمل أدبي
voĉ,صوت
adres,عنوان
april,أبريل
brust,صدر
buter,زبدة
donac,هدية
glaci,ثلج
kuler,ملعقة
mastr,سيد
muzik,موسيقى
numer,رقم
poŝt,بريد
prunt,قرض
sabat,سبت
ŝtat,دولة
ŝtup,درجة
teler,طبق
terur,رعب
vapor,بخار
insekt,حشرة
januar,يناير
ĵaŭd,خميس
kovert,ظرف
krajon,قلم
manier,طريقة
objekt,شيء
oktobr,أكتوبر
plafon,سقف
region,منطقة
religi,دين
spirit,روح
arĝent,فضة
danĝer,خطر
decembr,ديسمبر
dimanĉ,الأحد
februar,فبراير
horloĝ,ساعة
merkred,الأربعاء
novembr,نوفمبر
produkt,إنتاج
vendred,الجمعة
septembr,سبتمبر
bar,حاجز
bek,منقار
fak,تخصص
fum,دخان
gas,غاز
gut,قطرة
jak,معطف
kel,قبو
kuv,حوض
lip,شفة
nep,حفيد
nev,ابن الأخ
not,ملاحظة
ole,زيت
ond,موجة
ost,عظم
par,زوج
pom,تفاح
pot,جرة
rad,عجلة
ret,شبكة
sal,ملح
sap,صابون
sem,بذرة
sud,جنوب
sup,حساء
ŝu,حذاء
tas,كوب
tol,كتان
tuk,قماش
ung,ظفر
val,وادي
vic,صف
barb,لحية
bros,فرشاة
fakt,حقيقة
flag,علم
fork,شوكة
forn,فرن
gast,ضيف
gras,دهن
kapr,ماعز
karb,فحم
kest,صندوق
korn,بوق
krim,جريمة
lamp,مصباح
mebl,أثاث
mien,مظهر
muŝ,ذبابة
nord,شمال
past,عجينة
pilk,كرة
pint,قمة
polv,غبار
pont,جسر
prez,ثمن
rand,حافة
regn,دولة
seri,سلسلة
sign,رمز
sort,قدر
spic,بهار
vang,خد
vost,ذيل
vund,جرح
botel,قارورة
buton,زر
cifer,رقم
faden,خيط
frunt,جبين
haŭt,جلد
honor,شرف
insul,جزيرة
kajer,دفتر
kamen,مدفأة
legom,خضار
liter,حرف
metal,معدن
pingl,إبرة
polic,شرطة
polur,بريق
premi,جائزة
regul,قانون
sezon,فصل
ŝanc,حظ
ŝnur,حبل
tabul,لوح
viand,لحم
baston,عصا
branĉ,غصن
ĉemiz,قميص
doktor,طبيب
kravat,ربطة عنق
lecion,درس
maŝin,آلة
milion,مليون
najbar,جار
parenc,قريب
publik,عام
scienc,علم
sekret,سرّ
skatol,علبة
soldat,جندي
spegul,مرآة
ŝarĝ,حمولة
ŝrank,خزانة
tualet,مرحاض
ĉapitr,فصل
fromaĝ,جبن
kondiĉ,شرط
praktik,ممارسة
serpent,ثعبان
ŝtrump,جوارب
tegment,سقف
telefon,هاتف
industri,صناعة
kilogram,كيلوغرام
okcident,غرب
pantalon,سروال
abi,شجرة
agl,نسر
ber,توت
bot,حذاء
bul,كرة
dat,تاريخ
glu,غراء
jup,تنورة
kav,كهف
lan,صوف
led,جلد
mod,موضة
mor,عادات
pin,صنوبر
pip,أنبوب
piz,بازلاء
put,بئر
rel,سكة
riz,أرز
rok,صخر
suk,عصير
tem,موضوع
tub,أنبوب
tur,برج
vat,قطن
vaz,مزهرية
zon,حزام
arme,جيش
bank,بنك
bien,عقار
bier,بيرة
bret,رف
brik,レンガ
cikl,دورة
ĉap,قبعة
drat,سلك
epok,عصر
fask,حزمة
feri,عطلة
film,فيلم
flam,لهب
flos,طوف
fojn,تبن
fulm,برق
glob,كرة
grad,درجة
gust,مذاق
kadr,إطار
krem,كريم
kurb,منحنى
kurs,دورة
larm,دمع
leon,أسد
litr,لتر
luks,ترف
meti,حرفة
metr,متر
najl,مسمار
nest,عش
pajl,قش
plac,ساحة
plad,طبق
plan,خطة
poet,شاعر
pugn,قبضة
ring,حلقة
sabl,رمل
scen,مشهد
skal,مقياس
soci,مجتمع
spac,فضاء
stal,إسطبل
task,مهمة
tomb,قبر
verm,دودة
vers,شعر
viol,بنفسج
agord,انسجام
balon,بالون
bilet,تذكرة
burĝ,برجوازي
centr,مركز
etaĝ,طابق
farun,طحين
figur,شكل
frost,صقيع
gorĝ,حلق
grund,أرض
haven,ميناء
hotel,فندق
humor,مزاج
karot,جزر
katar,التهاب
kling,نصل
koton,قطن
kvant,كمية
lepor,أرنب
makul,بقعة
manik,كمّ
membr,عضو
mizer,بؤس
nebul,ضباب
organ,عضو
parti,حزب
pastr,كاهن
radik,جذر
serur,قفل
solid,صلب
sonor,رن
strek,خط
ŝvit,عرق
tabak,تبغ
tabel,جدول
titol,عنوان
tondr,رعد
valiz,حقيبة
ventr,بطن
alumet,كبريت
aparat,جهاز
brasik,كرنب
citron,ليمون
ĉifon,خرقة
dekliv,منحدر
dezert,صحراء
elektr,كهرباء
energi,طاقة
fianĉ,خطيب
hirund,سنونو
kelner,نادل
kvalit,جودة
majstr,خبير
mantel,عباءة
martel,مطرقة
matrac,مرتبة
menton,ذقن
oranĝ,برتقال
origin,أصل
potenc,قوة
salajr,راتب
sekund,ثانية
societ,مجتمع
stomak,معدة
ŝultr,كتف
tapiŝ,سجادة
tritik,قمح
aventur,مغامرة
cigared,سيجارة
distanc,بُعْد
embaras,إحراج
kamarad,رفيق
kaserol,قدر
komitat,لجنة
kongres,مؤتمر
kvadrat,مربع
magazen,مخزن
pasport,جواز سفر
politik,سياسة
registr,سجل
ter/pom##,ter/pom##
akcident,حادث
aŭtobus,حافلة
aŭtomat,آلي
ĉokolad,شوكولاتة
direktor,مدير
instinkt,غريزة
karakter,طبيعة
kaŭĉuk,مطاط
material,مادة
standard,علم
telegraf,تلغراف
restoraci,مطعم
ark,قوس
baz,أساس
beb,رضيع
bub,شقي
bud,كشك
fel,فراء
hok,خطاف
huf,حافر
jur,قانون
kas,خزينة
kin,سينما
kom,فاصلة
kot,طين
lup,ذئب
mam,ثدي
map,خريطة
min,منجم
mus,فأر
net,نسخة نهائية
nod,عقدة
orf,يتيم
ort,زاوية قائمة
pat,مقلاة
pil,بطارية
pir,كمثرى
pup,دمية
rat,جرذ
rip,ضلع
rob,رداء
tip,نموذج
ton,نغمة
urs,دب
var,سلعة
vel,شراع
vit,كرمة
abel,نحل
aŭt,سيارة
bluz,بلوزة
boat,قارب
brov,حاجب
cerb,دماغ
ĉek,شيك
ĉen,سلسلة
disk,قرص
dram,مسرحية
drap,قماش
duŝ,دش
ezok,سمك
farb,دهان
febr,حمى
fend,شق
foir,سوق
fost,عمود
frag,فراولة
fulg,سخام
funt,وزن
gant,قفاز
geni,عبقري
glor,مجد
golf,خليج
hajl,برد
hero,بطل
kemi,كيمياء
kord,وتر
kork,سدادة
krad,شبكة
kran,حنفية
kret,طباشير
kriz,أزمة
kron,تاج
kugl,رصاصة
kupr,نحاس
lift,مصعد
list,قائمة
mast,سارية
nadl,إبرة
nerv,عصب
oliv,زيتون
park,حديقة
pasi,شغف
pask,عيد الفصح
pelt,فراء
plet,صينية
poem,قصيدة
proz,نثر
pulm,رئة
pulv,بارود
rang,رتبة
revu,مجلة
ritm,إيقاع
seks,جنس
sens,إحساس
silk,حرير
simi,قرد
sojl,عتبة
stil,أسلوب
stri,خطوط
ŝel,قشرة
tend,خيمة
verb,فعل
verg,عصا
vert,قمة الرأس
vidv,أرمل
virt,فضيلة
vual,حجاب
vulp,ثعلب
afiŝ,ملصق
album,ألبوم
almoz,صدقة
arane,عنكبوت
asoci,جمعية
avenu,شارع
aviad/il##,aviad/il##
barel,برميل
bazar,سوق
betul,بتولا
brems,فرامل
butik,متجر
detal,تفصيل
diabl,شيطان
emoci,عاطفة
enigm,لغز
esenc,جوهر
faŭk,فم
fizik,فيزياء
framb,توت العليق
grajn,حبّة
ĥemi,كيمياء
ideal,مثالي
juvel,جوهرة
katen,قيد
kitel,رداء
kruĉ,إبريق
krust,قشرة
kubut,كوع
kukol,وقواق
kverk,بلوط
lamen,صفيحة
marĉ,مستنقع
metod,طريقة
model,نموذج
motor,محرك
nivel,مستوى
palac,قصر
panj,ماما
penik,فرشاة
pioĉ,فأس
plumb,رصاص
poezi,شعر
salon,غرفة جلوس
saŭc,صلصة
sitel,دلو
sklav,عبد
sport,رياضة
stamp,ختم
stang,قضيب
stump,جذع
ŝtal,فولاذ
ŝtof,قماش
teatr,مسرح
teori,نظرية
teren,أرض
trajn,قطار
trajt,ملامح
trunk,جذع
venen,سمّ
veŝt,سترة
abomen,كراهية
anĝel,ملاك
animal,حيوان
apetit,شهية
apotek,صيدلية
benzin,بنزين
bicikl,دراجة
bombon,حلوى
cement,أسمنت
ĉeriz,كرز
desert,حلوى
fabrik,مصنع
financ,مالي
funebr,حزن
funkci,وظيفة
garaĝ,مرآب
imperi,إمبراطورية
impost,ضريبة
impres,انطباع
kalkan,كعب
kalson,سراويل
kamion,شاحنة
kandel,شمعة
kanzon,أغنية
kastel,قلعة
klient,عميل
kol/um##,kol/um##
kurten,ستارة
mandat,تفويض
mister,غموض
moskit,بعوضة
muskol,عضلة
ombrel,مظلة
paĉj,بابا
parfum,عطر
patron,راعٍ
petrol,نفط
posten,موقع
pozici,موقع
proces,دعوى
profit,ربح
proviz,مخزون
pulvor,مسحوق
recept,وصفة
rekord,سجل
rezerv,احتياطي
signal,إشارة
sistem,نظام
surfac,سطح
ŝofor,سائق
tajlor,خياط
trezor,كنز
trikot,حياكة
vakcin,لقاح
advokat,محام
alkohol,كحول
ampleks,حجم
broŝur,كتيب
bulvard,شارع
deficit,عجز
ekonomi,اقتصاد
elefant,فيل
ĵurnal,صحيفة
kabinet,مجلس
kapital,رأس المال
koncert,حفلة موسيقية
krepusk,شفق
kvartal,حيّ
miliard,مليار
pejzaĝ,منظر
problem,مشكلة
profesi,مهنة
simpati,تعاطف
student,طالب
ŝraŭb,برغي
tempest,عاصفة
traktor,جرار
tri/angul##,tri/angul##
trotuar,رصيف
adjektiv,صفة
dekoraci,زخرفة
ekvilibr,توازن
esperant,الأمل
hospital,مستشفى
intelekt,عقل
kalendar,تقويم
kilometr,كيلومتر
komision,لجنة
meĥanik,ميكانيكا
milimetr,مليمتر
original,أصلي
pretekst,ذريعة
struktur,بنية
telegram,برقية
tribunal,محكمة
bibliotek,مكتبة
fundament,أساس
inĝenier,مهندس
konferenc,مؤتمر
konscienc,ضمير
literatur,أدب
meĥanism,آلية
rekompenc,تعويض
respublik,جمهورية
sekretari,سكرتير
apartament,شقة
aŭtomobil,سيارة
aŭtoritat,سلطة
instrument,أداة
medikament,دواء
temperatur,درجة الحرارة
cirkonstanc,ظرف
eksperiment,تجربة
mal/varm/um##,mal/varm/um##
ajl,ثوم
akn,حب الشباب
aks,محور
akt,عمل
ale,ممر
alg,طحلب
apr,خنزير بري
azi,آسيا
bal,حفل
bet,شمندر
buk,مشبك
cep,بصل
cir,تلميع
dot,مهر
eĥ,صدى
fab,فول
fac,وجه
fag,زان
fig,تين
gal,مرارة
gru,طائر الرافعة
gum,ممحاة
hal,قاعة
jug,نير
kal,مسمار
kaz,قضية
kub,مكعب
lad,صفيح
lak,ورنيش
lap,الأرقطيون
lin,كتان
lot,قرعة
luk,كوة
mas,كتلة
mat,كش مات
nuk,عنق
pap,بابوي
pav,طاووس
pig,غراب
pus,صديد
ran,ضفدع
ren,كلوي
rib,عنب الثعلب
rim,قافية
rol,دور
ros,ندى
sag,سهم
sin,حضن
ski,تزلج
sof,أريكة
tig,ساق
tuf,حزمة
tun,طن
vip,سوط
akci,سهم
atom,ذرة
aven,شوفان
bant,عقدة زينة
bark,زورق
bask,ذيل
bend,شريط
blok,كتلة
bors,بورصة
bovl,وعاء
brid,لجام
brut,حيوان
bukl,شعر مجعد
bulb,بصلة
bulk,خبز
cerv,غزال
cign,بجعة
ĉel,خلية
dand,أنيق
diet,حمية
dorn,شوكة
etap,مرحلة
etat,كشف
feĉ,رواسب
felt,لباد
frak,معطف
fraz,جملة
fung,فطر
garb,حزمة
gent,عشيرة
glav,سيف
gobi,جوبي
gram,غرام
greg,قطيع
grip,إنفلونزا
grot,كهف
gudr,قطران
ĝib,حدبة
heĝ,سياج
himn,نشيد
ĥor,جوقة
kaĉ,عصيدة
kaĝ,قفص
kaka,كاكاو
kakt,صبار
karn,لحم
karp,كارب
kejl,وتد
kern,نواة
klub,نادٍ
korv,غراب
kosm,كون
kult,عبادة
laĉ,رباط
lard,لارد
larv,يرقة
lice,مدرسة
likv,سائل
lili,زنبق
maiz,ذرة
malv,خُبَّاز
mens,عقل
menu,قائمة
miel,عسل
musk,طحلب
muze,متحف
nuks,جوز
oper,أوبرا
oval,بيضاوي
palm,نخلة
palt,معطف
pane,عطل
perl,لؤلؤة
pian,بيانو
pice,تنوب
pipr,فلفل
plag,بلاء
prun,برقوق
pudr,بودرة
punt,دانتيل
raci,عقل
rent,إيجار
ruin,خراب
rust,صدأ
situ,موقع
sled,زلاجة
sorg,ذرة
spik,سنبلة
spur,أثر
stan,قصدير
sulk,أخدود
takt,إيقاع
tali,خصر
tigr,نمر
tort,فطيرة
tram,ترام
trup,فرقة
vaks,شمع
vejn,وريد
vesp,دبور
vind,حفاضة
zink,زنك
afrik,أفريقيا
agent,وكيل
akord,توافق
akrid,جراد
aktor,ممثل
alarm,إنذار
ampol,أمبولة
angil,ثعبان البحر
anser,إوزة
artik,مفصل
bacil,بكتيريا
bambu,خيزران
banan,موز
brand,براندي
bronz,برونز
buked,باقة
cigar,سيجار
cikad,زيزفون
cinam,قرفة
cindr,رماد
cirkl,دائرة
civit,مدينة
ĉerk,تابوت
debet,دين
diant,قرنفل
dogan,جمارك
efekt,تأثير
ekran,شاشة
emajl,مينا
event,حدث
fabel,حكاية
fasad,واجهة
fason,خياطة
fluid,سائل
fotel,كرسي بذراعين
front,واجهة
funel,قمع
ĝerm,جنين
hepat,كبد
horde,شعير
infer,جحيم
ironi,سخرية
kaban,كوخ
kahel,タイル
kajut,قمرة
kamel,جمل
kanal,قناة
kankr,سرطان
karaf,قارورة
kokos,جوز الهند
krani,جمجمة
krest,عرف鶏
kukum,خيار
kupon,قسيمة
kusen,وسادة
latun,نحاس
laŭb,مظلة
lekci,محاضرة
lesiv,غَسْل
limak,بُزَاق
logik,منطق
lotus,لوتس
melon,بطيخ
moral,أخلاقيات
muzel,خَطْم
nilon,نايلون
ocean,محيط
palat,حنك
palis,وتد
papag,ببغاء
paser,عصفور
pensi,معاش
peron,درج
pilot,طيار
pland,باطن القدم
plast,بلاستيك
porci,حصة
princ,أمير
pupil,بؤبؤ
rabat,خصم
rafan,فجل
raŭp,يرقة
resum,ملخص
rimen,حزام
roman,رواية
salat,سلطة
salik,صفصاف
satir,هجاء
sciur,سنجاب
sekal,جاودار
sekci,قسم
senat,مجلس الشيوخ
split,شظية
spong,إسفنج
stadi,مرحلة
statu,تمثال
sterk,سماد
strig,بومة
strut,نعامة
ŝink,لحم
ŝtip,خشبة
tapet,ورق حائط
tarif,تعريفة
tegol,قرميد
tekst,نص
teras,تراس
tomat,طماطم
tuber,نتوء
tunel,نفق
velur,مخمل
veruk,ثؤلول
vezik,مثانة
volum,مجلد
adverb,حال
akcent,لهجة
alaŭd,قبرة
amator,هاوٍ
amerik,أمريكا
arteri,شريان
asfalt,أسفلت
aŭtor,مؤلف
barbir,حلاق
buĝet,ميزانية
bulten,نشرة
cikatr,ندبة
cikoni,لقلق
cirkel,بوصلة
daktil,تمر
dialog,حوار
ego/ist##,ego/ist##
eklezi,كنسي
emerit,متقاعد
eŭrop,أوروبا
fajenc,خزف
fazeol,فاصوليا
fontan,نافورة
formik,نمل
formul,صيغة
fripon,محتال
furaĝ,علف
galoŝ,حذاء مطري
gvardi,حرس
ĝemel,توأم
hangar,حظيرة الطائرات
haring,الرنجة
hazard,عرضي
hektar,هكتار
herold,مُبَشِّر
higien,نظافة
impuls,دافع
insign,شارة
intest,أمعاء
jubile,احتفال
karton,كرتون
kasked,قبعة
kavern,كهف
kirurg,جراح
klimat,مناخ
klinik,عيادة
kolegi,كلية
kolomb,حمامة
kolumn,عمود
komedi,كوميديا
konsul,قنصل
konval,زنبق الوادي
kornik,غراب
kostum,زيّ
kredit,ائتمان
kukurb,قرع
kunikl,أرنب
kurent,تيار
lacert,سحلية
licenc,ترخيص
maleol,كاحل
materi,مادة
mirtel,توت بري
monstr,وحش
oficir,ضابط
orator,خطيب
papili,فراشة
pendol,بندول
period,دوري
persik,خوخ
pionir,رائد
planed,كوكب
platan,دلب
plural,جمع
profet,نبي
prolet,بروليتاري
pronom,ضمير
reakci,ردة فعل
reĝim,نظام
rivolu,دوران
ruband,شريط
skorpi,عقرب
spinac,سبانخ
stamen,سداة
statur,قَامَة
surtut,معطف
ŝakal,ابن آوى
ŝaŭm,رغوة
teknik,تقنية
testud,سلحفاة
torent,سيل
trafik,مرور
tumult,شغب
turism,سياحة
turist,سائح
vertic,قمة
viktim,ضحية
violon,كمان
vulkan,بركان
vultur,نسر
abrikot,مشمش
akademi,أكاديمي
alfabet,أبجدية
alumini,ألمنيوم
ambasad,سفارة
anekdot,حكاية
apertur,فتحة
apostol,رسول
asemble,اجتماع
bagatel,تافه
bakteri,بكتيريا
bandaĝ,ضمادة
bifstek,شريحة لحم
budĝet,ميزانية
burĝon,برعم
central,مركز
cirkvit,دائرة كهربائية
ĉar/um##,ĉar/um##
dimensi,بُعْد
ekvator,خط الاستواء
element,عنصر
epidemi,وباء
fantazi,خيال
fenomen,ظاهرة
gelaten,جيلاتين
general,جنرال
girland,إكليل
harmoni,انسجام
instanc,محكمة
invalid,معاق
kaldron,مرجل
kaŝtan,كستناء
katalog,فهرس
kirurgi,جراحة
kolonel,عقيد
komisar,مفوض
kompani,شركة
koncept,مفهوم
konkord,وفاق
konkurs,مسابقة
koridor,ممر
kristal,بلورة
lantern,فانوس
latitud,عرض
medicin,طب
mineral,معدن
minimum,أدنى
ministr,وزير
obstakl,عائق
orkestr,أوركسترا
pacifik,المحيط الهادئ
palpebr,جفن
pantofl,شبشب
paradiz,جنة
paralel,خطوط متوازية
plastik,فن التشكيل
portret,صورة
princip,مبدأ
program,برنامج
projekt,مشروع
proverb,مثل
provinc,مقاطعة
rendevu,موعد
sin/ten##,sin/ten##
situaci,وضع
stadion,ملعب
subjekt,موضوع
teĥnik,تقنية
tendenc,نزعة
tinktur,صبغة
tradici,تقاليد
tragedi,مأساة
traktat,معاهدة
trumpet,بوق
uniform,زيّ
vegetal,نبات
viadukt,جسر علوي
volumen,حجم
zoologi,علم الحيوان
atlantik,الأطلسي
avantaĝ,ميزة
bracelet,سوار
cirkuler,تعميم
dokument,وثيقة
federaci,اتحاد
generaci,جيل
geografi,جغرافيا
gramatik,نحو
ĝendarm,دركي
horizont,أفق
individu,فرد
kandidat,مرشح
karnaval,كرنفال
kategori,فئة
komun/um##,komun/um##
krokodil,تمساح
longitud,خط الطول
maksimum,أقصى
marmelad,مربى
monument,نصب تذكاري
paraŝut,مظلة
pasaĝer,راكب
pland/um##,pland/um##
porcelan,خزف
procent,نسبة مئوية
profesor,أستاذ
radiator,مُبَرِّد
regiment,فوج
rekt/angul##,rekt/angul##
sandviĉ,شطيرة
sindikat,نقابة
singular,مفرد
specimen,عينة
spektakl,عرض
substanc,مادة
teritori,إقليم
vertikal,عمودي
ambasador,سفير
aŭstrali,أستراليا
centimetr,سنتيمتر
ekspozici,معرض
inspektor,مفتش
kalkan/um##,kalkan/um##
konfidenc,سرّ
lokomotiv,قاطرة
matematik,رياضيات
metalurgi,علم المعادن
ministeri,وزارة
najtingal,عندليب
ortografi,إملاء
parlament,برلمان
proletari,بروليتاري
propozici,جملة
psikologi,علم النفس
suplement,إضافة
termometr,مقياس حرارة
elektronik,إلكترونيات
helikopter,مروحية
horizontal,أفقي
komplement,مكمل
konsekvenc,نتيجة
konstituci,دستور
laboratori,مختبر
leŭtenant,ملازم
mediterane,المتوسط
substantiv,اسم
universitat,جامعة
s-ro##,s-ro##
s-ino##,s-ino##
sinjor/in##,sinjor/in##
alk,موظ
aln,نغت
ann,أنّا
bed,حديقة
boa,ثعبان بواء
buf,علجوم
cim,خلل
col,بوصة
dam,سيدة
dig,سد
duk,دوق
fav,قوباء
fok,فقمة
fut,قدم
gad,قد
gam,نطاق
gri,جريش
guf,بومة
huz,الحفش
kan,قصب
ken,خشب راتنجي
ker,قلب
kil,عارضة
kuf,قبعة
kul,بعوضة
kup,كوب حجامة
laf,حمم
lir,ليرا
lod,أونصة
lol,جاودار
mac,فطير
mel,غرير
mes,قداس
mev,نورس
muf,دفاية
muk,مخاط
mul,بغل
nap,لفت
peg,نقار الخشب
pol,بولندي
pul,برغوث
rap,لفت
rif,شعاب
rod,مرسى
rot,فرقة
rub,حطام
rum,رم
rus,روسي
seb,دهن
sel,سرج
tez,مقال
tul,تول
ulm,نير
uln,عظم الزند
unc,أونصة
urn,جرة
vil,زغب
abat,رئيس دير
acer,قيقب
akar,عثة
alte,خبيز
alun,شبّ
amel,نشا
anas,بطة
angl,إنجليزي
aniz,يانسون
ankr,مرساة
arĉ,قوس
arde,مالك الحزين
aren,حلبة
atut,ورقة رابحة
avel,بندق
aviz,إشعار
azot,نيتروجين
bast,لحاء
bert,ベルタ
blat,صرصور
bram,بريم
bran,نخالة
burd,نحلة طنانة
cedr,أرز
citr,قيثارة
ĉam,ظبي
ĉan,زناد
dogm,عقيدة
drak,تنين
drog,دواء
ebon,خشب الأبنوس
eter,الأثير
fabl,خرافة
falk,صقر
fibr,ألياف
flan,فطيرة
flok,رقاقة
flut,ناي
fraj,بَيْض
ftiz,سلّ
gajl,علقم
gips,جبس
glan,بلوط
glim,ميكا
graf,كونت
gril,صرصور
gros,عنب الثعلب
gurd,أورغن يدوي
ibis,أبو منجل
idol,صنم
kalk,جير
kand,حلوى
kard,عَكَرَة
karo,الماس
kask,خوذة
kaze,خثارة
kegl,قَضِيب البولينج
klap,صمام
klav,مفتاح
kluz,بوابة
kojn,وتد
koks,ورك
konk,صدفة
kren,فجل حار
krep,كريب
krop,حوصلة
krup,خناق
lake,خادم
laks,إسهال
legi,فيلق
lent,عدس
lepr,جذام
lian,نبات متسلق
lien,طحال
link,وشق
liut,عود
lojt,بوربوت
lorn,منظار
lumb,خاصرة
lutr,قضاعة
magi,سحر
mana,مَنّ
mari,ماري
mask,قناع
maŝ,شبكة
meĉ,فتيل
mejl,ميل
ment,نعناع
merl,طائر أسود
mesi,مسيح
mili,دخن
mirh,مرّ
mirt,آس
misi,مهمة
mops,بَغْدَادِيّ
most,عصير العنب
niĉ,زاوية
omar,كركند
opal,أوبال
ostr,محار
paru,طائر
peĉ,قطران
pelv,حوض
perk,فرخ
pest,طاعون
petr,بطرس
pini,صنوبر
pips,مرض الطيور
plik,جديلة
plot,روتش
popl,حور
pram,عبّارة
sakr,عظم العجز
salm,سلمون
sepi,حبار
sofi,صوفيا
sorp,نَانَاكَامَادُ
spat,سبار
spin,عمود فقري
stab,ضباط
step,سهل
stip,ساق
stof,قماش
stup,قطران
ŝak,شطرنج
ŝal,شال
ŝam,شامواه
taft,تفتة
talp,خلد
tetr,طائر الطيهوج
tibi,قصبة
tili,زيزفون
tine,عثة الملابس
torf,خُثّ
trab,عارضة
tref,نفل
tril,زقزقة
trip,كرش
trog,معلف
tron,عرش
truf,كمأة
trul,ملعقة بناء
trut,سمك السلمون المرقط
turd,طائر الطُّغْمِيّ
turk,تركي
turt,يمامة
uter,رحم
ŭat,واط
vafl,وافل
vals,فالس
vekt,عَصَا الميزان
zebr,حمار_وحشي
altar,مذبح
ambos,سندان
anton,أنطون
ardez,أردواز
argil,طين
aspid,أفعى
balen,حوت
barĉ,بورشت
boben,ملف
brank,خيشوم
bubal,جاموس
bufed,بوفيه
cejan,أزرق
dativ,مفعول له
datur,داتورا
demon,شيطان
denar,ديناريوس
deviz,شعار
domen,دومينو
embri,جنين
emili,إميليا
ermen,قاقم
ermit,ناسك
facet,وجوه
fazan,طائر
femur,فخذ
filik,سرخس
flegm,هادئ
fokus,بؤرة
franc,فرنسي
frank,فرنك
fring,عصفور
galon,زخرفة
gazel,غزال
genot,جينيه
georg,جورج
gitar,غيتار
gland,غدة
groŝ,قرش
hebre,عبري
heder,لبلاب
herez,بدعة
herni,فتق
hirud,علقة
hosti,قربان
husar,فرسان
ĥaos,فوضى
idili,رعوي
johan,يوحنا
jozef,يوسف
kalik,كأس
kambi,حوالة
kamer,غرفة
kanab,قنب
kanap,أريكة
kapel,كنيسة صغيرة
kapon,ديك مخصي
kapor,كابَر
kapot,غطاء
karas,سمك الشبوط
karob,خروب
katun,قطن
kerub,كروب
kiras,مدرع
klaft,قاع
kloŝ,جرس
koaks,فحم الكوك
koleg,زميل
kolon,عمود
komiz,موظف
komod,خزانة
konus,مخروطي
kopek,كوبيك
koran,قرآن
kramp,مشبك
kring,كعكة
krisp,كشكش
krist,المسيح
kupol,قبة
kvarc,كوارتز
kvart,رابع
lanug,زغب
laŭr,غار
libel,يعسوب
liken,أشنة
livre,زيّ
loĝi,صندوق
lupol,حشيشة الدينار
lustr,ثريا
luter,لوثر
medal,ميدالية
meriz,كرز بري
moned,زاغ
morus,توت
moŝt,مقام
negoc,تجارة
nobel,نبيل
novic,مبتدئ
nuanc,تدرج
oblat,ختم
okzal,حميض
orden,وسام
orgen,أرغن
paĝi,خادم
papav,خشخاش
pariz,باريس
paŭl,باولو
pavim,رصيف
pedik,قمل
perĉ,أسماك روف
piked,حارس
pilol,حبّة
pirit,بَيريت
pirol,طائر
piroz,حرقة
piŝt,مكبس
pluŝ,مخملي
poent,نقطة
pokal,كأس
polus,قطب
potas,بوتاس
prujn,صقيع
pudel,بودل
pumik,حجر الخفاف
punĉ,بونش
putor,غُرَيْر
raben,حاخام
rapir,سيف
regol,طائر صغير
rezin,راتنج
rostr,خرطوم
ruben,ياقوت
safir,ياقوت
salvi,مريمية
sigel,ختم
silab,مقطع
silik,صوان
silur,سمك السلور
silvi,عصفور
sirop,شراب
skabi,جرب
skadr,سرب
skarp,وشاح
skvam,قشور
sorik,زَبَابَة
spion,جاسوس
spron,حث
stabl,منصة
sturg,الحفش
sturn,زرزور
ŝalm,مزمار
ŝark,قرش
ŝelk,حمالات
ŝild,درع
ŝind,قرميد خشبي
ŝlim,وحل
taban,ذبابة
tavol,طبقة
tempi,صدغ
tetan,كزاز
tetra,طائر البندق
timon,عمود
topaz,توباز
torĉ,شعلة
tromb,إعصار مائي
tulip,توليب
ulcer,قرحة
urtik,قُرَّاص
vanil,فانيلا
vasal,خادم
velen,رقّ
verst,فيرست
vezir,وزير
vipur,أفعى
vokal,حرف علة
zenit,ذروة
zibel,سمور
zizel,سوسلك
absces,خُرّاج
absint,الأفسنتين
alcion,رفراف
amfibi,برمائي
ananas,أناناس
artrit,التهاب المفاصل
atripl,أوراش
berlin,برلين
bismut,بزموت
boraks,بورق
buljon,مرق
bulonj,بولوني
buŝel,بوشل
centim,سنتيم
cikori,هندباء
cimbal,صنج
cinabr,زنجفر
cipres,سرو
ĉarpi,وبر
damask,دمشق
delfen,دلفين
didelf,كنغر
embusk,كمين
epolet,كتف
erinac,قنفذ
ernest,إرنستو
eskadr,أسطول
faktur,فاتورة
falbal,زخرفة
fantom,شبح
faring,بلعوم
fenkol,شمر
ferdek,سطح السفينة
fistul,ناسور
flanel,فلانيل
fosfor,فوسفور
franĝ,هامش
furunk,دمّل
fusten,فستان
galeri,معرض
gamaŝ,غطاء الساق
german,ألماني
granat,رمان
granit,جرانيت
grenad,قنبلة
grifel,قلم
ĝiraf,زرافة
haladz,نتن
hamstr,يكنز
hispan,إسباني
ĥimer,خَيَال
ĥoler,كوليرا
ingven,أربية
izrael,إسرائيل
jasmen,ياسمين
kaleŝ,عربة
kalvin,كالفن
kamfor,كافور
kamlot,قماش
kanajl,وغد
kanari,كناري
kantor,منشد
kanvas,قماش
kapsul,كبسولة
kapuĉ,غطاء
kardel,حسون
karmin,قرمزي
karpen,قرنفل
kastor,قندس
kaviar,كافيار
kobalt,كوبالت
kobold,عفريت
kolbas,نقانق
kolibr,طائر الطنان
kolimb,غواص
kolubr,أفعى
komuni,مناولة
kontor,مكتب
kontur,محيط
kornic,إفريز
korpus,فيلق
koturn,سمان
kraken,مقرمش
kratag,زعرور
krater,فوهة
kronik,سجل تاريخي
kurier,رسول
lampir,ホタル
laring,حنجرة
lavang,انهيار ثلجي
legend,أسطورة
lekant,أقحوان
lentug,نمش
levkoj,جيليفلاور
likvor,مشروب
litani,ابتهال
london,لندن
magnet,مغناطيس
makzel,فك
mangan,منغنيز
markot,طبقة
marmor,رخام
marmot,مرموط
mastik,معجون
migdal,لوز
miogal,مسك鼠
miozot,نَسْيَانِيّ
monaĥ,راهب
morbil,حصبة
morter,ملاط
muskat,جوزة الطيب
muslin,موسلين
mustel,ابن عرس
nanken,قماش نانكين
narcis,نرجس
nikola,نيكولاس
notari,موثق
orakol,وحي
paletr,لوحة الألوان
panter,فهد
parget,أرضية خشبية
paroĥ,أبرشية
parter,طابق أرضي
pastel,قرص
patent,براءة
patrol,دورية
pfenig,فينيغ
pistak,فستق
pistol,مسدس
plastr,جبس
platen,بلاتين
ponard,خنجر
porfir,بورفير
porter,بيرة سوداء
primol,زهرة الربيع
prunel,البرقوق
purpur,أرجوان
rekrut,مجند
rempar,حصن
risort,زنبرك
rosmar,فظّ
rozari,مسبحة
rubrik,عنوان
safran,زعفران
sambuk,نبات البيلسان
sankci,إذن
sardel,أنشوفة
sceptr,صولجان
selakt,مصل
servic,أطقم الأواني
servut,عبودية
siring,لِيلَك
skapol,كتف
skarab,خنفساء
skolop,دجاجة الخشب
skurĝ,سوط
sofism,مغالطة
sopran,سوبرانو
spalir,صفوف
stefan,ستيفن
sufiks,لاحقة
sukcen,كهرمان
sulfur,كبريت
talent,موهبة
tambur,طبلة
tenden,وتر
teodor,ثيودور
termin,مصطلح
testik,خصية
timian,زعتر
tombak,نحاس أحمر
traĥe,قصبة هوائية
tremol,حور
tribun,منبر
tropik,مداري
turban,عمامة
turkis,فيروز
turnir,بطولة
urogal,طائر الطيهوج
variol,جدري
viburn,غلدير روز
vikari,كاهن مساعد
vinagr,خلّ
vizier,حاجب
volupt,شهواني
ablativ,حالة الجر
antimon,الأنتيمون
arleken,مهرج
arsenik,زرنيخ
artifik,خدعة
asparag,هليون
bajonet,حربة
bastion,حصن
beladon,بيلادونا
biskvit,بسكويت
ĉampan,شمبانيا
ĉarnir,مفصل
diamant,ألماس
episkop,أسقف
eŝafod,مشنقة
fraksen,رماد
frangol,نَبَات
fringel,طائر
genitiv,حالة الإضافة
henriet,هنرييتا
hidrarg,زئبق
hiskiam,هينبان
histrik,نيص
jugland,جوز
juniper,عرعر
kalikot,كاليكو
kamizol,قميص داخلي
kamomil,بابونج
kapitan,قبطان
kapitel,رأس العمود
kapreol,غزال
kapucen,راهب كابوشي
karaben,كاربين
kartoĉ,خرطوشة
karusel,دوامة
kavalir,فارس
klarnet,كلارينيت
klister,حقنة
kokluŝ,السعال الديكي
kolofon,صمغ
kompres,ضمادة
kurator,وصي
kvitanc,إيصال
leontod,هندباء
leopard,فهد
limonad,ليمونادة
lonicer,زهر العسل
ludovik,لودفيك
lunatik,مجنون
maroken,جلد مغربي
marŝal,مشير
meleagr,ديك رومي
membran,غشاء
miĥael,ميخائيل
monarĥ,ملك
mustard,خردل
negliĝ,مهمل
nikodem,نيقوديموس
novjork,نيويورك
oksigen,أكسجين
oksikok,توت بري
parazit,طفيلي
pasteĉ,فطيرة
pelikan,بجع
perdrik,حجل
poligon,مضلع
prefiks,بادئة
redakci,تحرير
rinocer,وحيد القرن
salpetr,نترات
sentenc,حكمة
skarlat,قرمزي
skorbut,إسقربوط
skrofol,الخنازير
smerald,زمرد
sterled,سمك الستيرليت
stertor,شخير
ŝiller,شيلر
umbilik,سُرَّة
univers,كون
varsovi,وارسو
verdigr,زنجار
vertebr,فقرة
vespert,خفاش
vestibl,ردهة
vilhelm,ويليام
virtuoz,بارع
vitriol,حامض الكبريتيك
zingibr,زنجبيل
akcipitr,صقر
akuzativ,حالة النصب
argument,حجة
arĥaism,قديم
artiŝok,خرشوف
baldaken,مظلة
briliant,جوهرة
diplomat,دبلوماسي
distrikt,منطقة
elizabet,إليزابيث
fragment,شظية
framason,ماسوني
frugileg,غراب
hidrogen,هيدروجين
hortulan,عصفور
institut,معهد
kantarid,خنفساء
kariofil,قرنفل
kartilag,غضروف
katarakt,الساد
koĉenil,قرمزي
kokcinel,خنفساء الدّعسوقة
konvulsi,تشنج
leksikon,قاموس
marcipan,مرزبان
medalion,قلادة
monarĥi,ملكية
obstrukc,عائق
paradoks,مفارقة
parentez,قوس
particip,صفة مشبهة
pasament,زخرفة
pastinak,جزر أبيض
pergamen,رقّ
peritone,صفاق
perlamot,صدف
petromiz,لامبري
petrosel,بقدونس
ranunkol,حَوْذَان
redaktor,محرر
rezultat,نتيجة
rosmaren,إكليل الجبل
serĝent,رقيب
sublimat,سُبْلِيمَات
taĉment,فريق
terebint,تربنتين
tornistr,حقيبة ظهر
zamenhof,زامينهوف
aleksandr,ألكسندر
anunciaci,البشارة
balustrad,درابزين
ĉambelan,وصيف
ĉarlatan,محتال
deklinaci,إعراب
diplomati,دبلوماسية
ekscelenc,فخامة
ekzempler,نسخة
entuziasm,حماس
fortepian,بيانو
galanteri,إكسسوارات
iĥtiokol,غراء السمك
instituci,مؤسسة
instrukci,أوامر
kancelari,مكتب
kancelier,مستشار
kataplasm,ضمادة
kondolenc,تعزية
konjugaci,تصريف
konjunkci,اقتران
konsonant,حرف
korporaci,شركة
kvaranten,حجر
nominativ,الرفع
pentekost,العنصرة
piedestal,قاعدة
prepozici,حرف جر
privilegi,امتياز
promontor,رأس
salamandr,سمندل
testament,وصية
vermiĉel,شعيرية
interjekci,إقحام
superstiĉ,خرافة
vaŝington,واشنطن
violonĉel,تشيلو
arĥitektur,عمارة
interpunkci,ترقيم
jork,يورك
parok,أبرشية
navig,ملاحة
kaos,فوضى
kimer,كيميرا
korus,جوقة
monak,راهب
iktiokol,غراء السمك
ald,ألتو
alo,صبار
api,كرفس بري
ari,لحن
bas,عميق
car,قيصر
dog,كلب
dok,حوض
doz,جرعة
ego,الأنا
elf,عفريت
etn,عرقي
faz,مرحلة
fon,خلفية
fuk,حطام
gaz,غاز
gem,جوهرة
hum,دبال
jod,يود
jud,يهودي
kep,قبعة عسكرية
lat,شريحة
lob,فص
mim,مقلد
mit,أسطورة
muz,مَلَكَة
nas,شبكة صيد
nav,صحن
niz,باز
oaz,واحة
opi,أفيون
puf,انتفاخ
raj,راي
ras,عرق
ref,شراع
rit,طقوس
rut,السذاب
sod,صودا
tif,تيفوس
tog,توغا
viz,تأشيرة
agat,عقيق
aĝi,علاوة
alen,مثقاب
ambr,عنبر
amor,حب
aort,أبهر
arom,عطر
astm,ربو
astr,جسم سماوي
azil,ملجأ
bard,شاعر
bomb,قنبلة
bosk,بستان
brom,بروم
bust,صدر
cend,سنت
cidr,عصير التفاح
cirk,سيرك
dali,داليا
dign,كرامة
duel,مبارزة
duet,ثنائي
ebur,عاج
eden,عدن
egid,درع
erik,هيذر
etik,أخلاقيات
etim,أصل
fars,مهزلة
fili,فرع
fisk,خزانة
furi,غضب
gnom,عفريت
grog,شراب
gruz,حصى
ĝin,جن
hidr,هيدرا
hien,ضبع
irid,قزحية
iris,قزحية
istm,برزخ
jesu,يسوع
junk,إغوسة
kabl,كابل
kali,بوتاسيوم
kame,نقش بارز
kast,طبقة
klor,كلورين
kofr,صندوق
kolz,كولزا
kont,حساب
krab,سلطعون
kres,جرجير
kupe,مقصورة
laik,علماني
lama,لاما僧
lanc,رمح
lens,عدسة
lord,لورد
malt,مُلت
mani,هوس
medi,بيئة
milv,طائر الطائرة الورقية
mitr,مِترَة
moru,سمك القد
mosk,مسك
mumi,مومياء
naft,نفط
negr,زنجي
nimb,هالة
norm,معيار
obol,أوبولوس
ogiv,أوجيف
orgi,عربدة
ozon,أوزون
penc,بنس
pleb,عامة
podi,منصة
polk,بولكا
pomp,فخامة
pore,كراث
rabi,داء الكلب
rism,رزمة
romb,معين
rubl,روبل
sabr,سيف
sagu,ساجو
sald,رصيد
salv,وابل
sekt,طائفة
sfer,كرة
skem,مخطط
skol,مدرسة
slip,ورقة ملاحظة
sokl,قاعدة
sold,راتب
sole,سمك
spad,سيف مبارزة
ŝah,شاه
talk,طلق
teni,شريطية
tiar,تاج
tink,تنش
tors,جذع
tost,نخب
trop,استعارة
turb,دوامة
ukaz,مرسوم
ulan,فرسان
uzur,ربوي
verv,حيوية
vink,نبتة الزهرية
visk,دبق
vist,هوست
vizi,رؤية
zuav,زواف
abism,هاوية
adept,مؤيد
afiks,ملحق
afust,حامل المدفع
agraf,مشبك
akaci,أكاسيا
akciz,ضريبة استهلاك
aksel,إبط
albin,ألبينو
alibi,عذر
aline,فقرة
alkov,كُوّة
amfor,جرة
angin,أنجينا
angor,قلق
anten,هوائي
apati,لا مبالاة
apoge,ذروة
arkad,قوس
arkiv,أرشيف
arnik,أرنيكا
atlas,أطلس
atlet,رياضي
aviad,طيران
balad,قصيدة
balet,باليه
barak,ثكنة
baron,بارون
basen,حوض
beril,زبرجد
bibli,كتاب مقدس
bigot,متعصب
biret,قبعة
bitum,زفت
bivak,مخيم
breĉ,شق
broĉ,دبوس
bronk,قصبة هوائية
cigan,غجري
cikut,الشوكران
ĉifr,شيفرة
debat,نقاش
dekan,عميد
dilem,مأزق
diluv,طوفان
divan,أريكة
dolar,دولار
drakm,درخمة
dukat,دوكات
edikt,مرسوم
eklog,إكلوج
ekzem,أكزيما
elegi,مرثية
elips,إهليلج
elizi,حذف
emfaz,تأكيد
epope,ملحمة
fagot,باسون
fakir,زاهد
fatal,قدر
feŭd,إقطاع
fiakr,عربة
fiask,فشل
final,نهائي
fjord,فيورد
forum,منتدى
fresk,فريسكو
furor,ضربة
galer,غالير
galop,عدو
garol,زرياب
goril,غوريلا
hamak,أرجوحة
harem,حريم
harpi,هاربي
helic,مروحة
helik,حلزون
hisop,زوفا
hoboj,أوبوا
humer,عظم العضد
idiom,لغة
idiot,أبله
ileks,نبات هولي
iluzi,وهم
indiga,نيلي
jalap,يَلَپّ
jud/ism##,jud/ism##
kabal,مؤامرة
kadet,مرشح ضابط
kalif,خليفة
kanon,مدفع
karat,قيراط
kazin,كازينو
kinin,الكينين
kirŝ,كِيرْش
kloak,بالوعة
kobaj,خنزير غينيا
kokon,شرنقة
kolik,مغص
kolos,ضخم
komet,مذنب
koral,مرجان
korne,قرنية
korol,تاج الزهرة
kozak,قوزاق
krabr,دبور
kreol,كريول
kript,قبو
kulis,كواليس
kumin,كمون
kvast,شرابة
kvint,خامس
lagun,بحيرة ساحلية
lapis,نترات الفضة
larik,لارش
later,ذراع
lazur,أزرق
legat,مبعوث
lirik,شعر غنائي
madon,مادونا
major,رائد
mamut,ماموث
medol,نخاع
meduz,قنديل البحر
melas,دبس
melis,بلسم النعناع
miasm,ضباب سام
mimoz,ميموزا
mitul,بلح البحر
moske,مسجد
motiv,دافع
natri,صوديوم
nikel,نيكل
nimfe,زنبق الماء
noktu,بومة صغيرة
nomad,بدو
novel,قصة قصيرة
nunci,مبعوث البابا
oksid,أكسيد
oktav,أوكتاف
oniks,عقيق
optik,بصري
orbit,مدار
oriol,أوريول
ovaci,تصفيق
pagod,باغودا
panel,لوحة
panik,ذعر
paraf,توقيع
patos,عاطفة
pedal,دواسة
pedel,مأمور
peoni,الفاوانيا
peruk,شعر مستعار
pigme,قزم
pirat,قرصان
pivot,محور
polip,سلائل
polis,سياسة
pomad,مرهم
prior,رئيس دير
prism,موشور
psalm,مزمور
raket,صاروخ
rebus,لغز
retin,شبكية
retor,خطيب
rezed,نبات عطري
ricin,خروع
rokok,روكوكو
rubus,عليق
rutin,عادة
saliv,لعاب
satan,شيطان
saten,ساتان
seraf,سيرافيم
sifon,سيفون
sinap,خردل
sinod,مجمع
siren,حورية البحر
skalp,فروة الرأس
skerc,مزحة موسيقية
skism,انشقاق
sonat,سوناتا
sonet,سونيت
spasm,تشنج
sperm,نطفة
splen,كآبة
stopl,قش
strof,مقطع
sutan,سوتان
ŝose,طريق
ŝpat,مجرفة
taler,تالر
tanin,تانين
tarok,تاروت
teism,إيمان
teist,مؤمن بالله
templ,معبد
tenor,تينور
teror,رعب
tindr,حطب
tiran,طاغية
tonel,طن
trofe,كأس
trust,ائتمان
tunik,رداء
utopi,يوتوبيا
vanel,طائر
vinkt,مشبك
viper,أفعى
viski,ويسكي
zefir,نسيم
advent,قدوم
aksiom,بديهية
akvari,حوض
algebr,الجبر
alkemi,خيمياء
ambici,طموح
amulet,تعويذة
anagal,نجمية
anarki,فوضى
anatom,عالم تشريح
anĉov,أنشوفة
anemon,شقائق النعمان
anilin,أنيلين
aplomb,ثقة
apolog,حكاية
arbust,شجيرة
arĥiv,أرشيف
asesor,مستشار
ateism,إلحاد
ateist,ملحد
aŭkci,مزاد
balast,ثقل
balkon,شرفة
balzam,بلسم
bandit,قاطع طريق
barbar,همجي
barier,حاجز
bateri,بطارية
batist,باتيست
bazalt,بازلت
beletr,أدب
bilanc,ميزانية
bilard,بلياردو
binokl,منظار مزدوج
biolog,عالم أحياء
blazon,شعار
blokad,حصار
bordel,ماخور
braman,براهما
brigad,لواء
buduar,غرفة خاصة
burnus,برنوس
celeri,كرفس
cidoni,سفرجل
ciklon,إعصار
ciklop,سيكلوب
dekret,مرسوم
depeŝ,برقية
despot,طاغية
diabet,داء السكري
diadem,تاج
diakon,شماس
diplom,شهادة
divizi,فرقة
dragon,فرسان
eklips,خسوف
eksces,إفراط
ekstaz,نشوة
ekvaci,معادلة
emblem,شعار
emulsi,مستحلب
endivi,هندباء
epilog,خاتمة
epitet,صفة
epizod,حلقة
erupci,ثوران
eskort,مرافقة
estrad,منصة
etiket,آداب
eŭnuk,خصي
ezofag,مريء
faktor,عامل
falang,كتيبة
fanfar,نفخات الأبواق
feniks,عنقاء
feston,زينة
fetiĉ,وثن
fleksi,انحناء
floren,فلورين
format,تنسيق
frakci,كسر
fregat,فرقاطة
galant,نبات الثلج
gangli,عقدة عصبية
genist,مقشدة
geolog,جيولوجي
gerani,زَرَانْيُوم
gigant,عملاق
glazur,طلاء
glikoz,جلوكوز
glukoz,جلوكوز
gondol,جندول
grafit,غرافيت
gulden,غيلدر
harpun,رمح صيد
hetman,أتامان
hipnot,تنويم
incens,بخور
indeks,فهرس
inflam,التهاب
jaguar,جاغوار
jezuit,يسوعي
ĵaket,سترة
kadavr,جثة
kadenc,إيقاع
kalibr,عيار
kameli,كاميليا
kantat,كانتاتا
kanton,كانتون
karbon,كربون
karcer,سجن
karier,مهنة
kariol,عربة
katedr,منبر
kaŭci,كفالة
kazern,ثكنة
kokard,شارة
kolodi,كولوديون
koloni,مستعمرة
kompas,بوصلة
kondor,كوندور
konjak,كونياك
korife,قائد الكورال
kornet,كورنيت
korsar,قرصان
korset,مشد
korvet,كورفيت
kotlet,شريحة
kursiv,مائل
laktuk,خس
lavend,لافندر
loteri,يانصيب
lucern,مصباح معلق
maksim,مبدأ
malari,ملاريا
marasm,هزال
markiz,ماركيز
martir,شهيد
masaĝ,تدليك
mazurk,مازوركا
medium,وسيط روحاني
melodi,لحن
mentor,مرشد
merkat,سوق
mespil,زعرور
meteor,ظاهرة جوية
metrik,مترية
mikrob,جرثومة
mirakl,معجزة
miriad,عدد لا يحصى
molusk,رخويات
monark,ملك
morfin,مورفين
mozaik,فسيفساء
munici,ذخيرة
nektar,رحيق
orkide,أوركيد
paĉul,باتشولي
parodi,محاكاة ساخرة
pavian,قردة
pedant,متزمت
pepsin,بيبسين
petard,مفرقعة
piastr,بيستر
pistil,مدقة
podagr,نِقْرِس
ponton,عوامة
portal,بوابة
portik,رواق
prelat,رجل دين عالي
prelud,مقدمة موسيقية
premis,افتراض
profan,مدنس
profil,ملف
prolog,مقدمة
puding,بودينغ
pupitr,منصة
pustul,بثرة
rabarb,راوند
regent,وصيّ
rektor,عميد
relief,نقش بارز
retort,رتورت
romanc,رومانسية
rotond,روتوندا
sandal,صندل
santal,خشب الصندل
sarong,سارون
satrap,ساتراب
sektor,قطاع
septet,سباعية
serajl,قصر
sevrug,الحفش النجمي
sfinks,أبو الهول
siluet,ظل
simbol,رمز
sinkop,إغماء
sintez,تركيب
skelet,هيكل عظمي
sofist,سفسطائي
spektr,طيف
spiral,لولبي
sponde,سبوندي
suflor,مُلقِّن
sultan,سلطان
ŝalup,قارب
ŝankr,قرحة
ŝarad,تمثيلية
taksus,طقسوس
taktik,تكتيك
talmud,تلمود
tamtam,طبلة
tandem,دراجة ترادفية
tapiok,تَابيوكا
teolog,لاهوتي
teorem,نظرية
terapi,علاج
tercet,ثلاثي
termit,نمل أبيض
tonsur,حلاقة
torped,طوربيد
trapez,شبه منحرف
tribut,تكريم
triumf,نصر
turbin,توربين
unison,انسجام
uragan,إعصار
vampir,مصاص دماء
verand,شرفة
vermut,فيرموث
vinjet,زخرفة
zigzag,متعرج
zodiak,الأبراج
admiral,أميرال
aerolit,نيزك
aforism,حكمة
agronom,عالم زراعة
akrobat,بهلوان
akvarel,ألوان مائية
alegori,حكاية
alĥemi,خيمياء
almanak,تقويم
ambrozi,طعام الآلهة
ametist,جمشت
amnesti,عفو
anagram,أناغرام
analogi,تشابه
anapest,أنابست
anatomi,تشريح
angelik,أنجيليكا
anomali,شذوذ
antilop,ظبي
antipod,نقطة مقابلة
antitez,نقيض
apoteoz,تأليه
apozici,مقابلة
arabesk,عربسك
arkaism,قديم
asonanc,تجانس صوتي
atavism,الوراثة الراجعة
atribut,صفة
aŭreol,هالة
bankier,مصرفي
barikad,حاجز
bariton,باريتون
bastard,نغل
bazilik,بازيليكا
biograf,كاتب سيرة
biologi,بيولوجيا
bisturi,مشرط
bombast,تبجح
botanik,نباتات
celuloz,سليلوز
ceramik,خزف
cilindr,أسطوانة
cistern,خزان
citadel,حصن
ĉevron,عوارض
demagog,ديماغوجي
diagnoz,تشخيص
dialekt,لهجة
diametr,قطر
difteri,الدفتيريا
diftong,ثنائي الصوت
dinamik,ديناميكا
dinamit,ديناميت
dinasti,سلالة
doktrin,عقيدة
ekspres,سريع
eliksir,إكسير
eminenc,مقام
epiderm,بشرة
epifani,الظهور
epigraf,نقش
epigram,حكمة
erudici,علم
estetik,جماليات
etim/olog##,etim/olog##
etiolog,عالم الأمراض
evoluci,تطور
farmaci,صيدلة
filolog,فيلولوجي
filozof,فيلسوف
fonetik,صوتيات
fronton,واجهة
gangren,غرغرينا
gardeni,غاردينيا
gencian,جنطيانا
geodezi,جيوديسيا
geograf,جغرافي
geologi,جيولوجيا
geometr,هندسي
gerundi,اسم الفعل
gilotin,مقصلة
gimnast,مدرب رياضة
gimnazi,مدرسة ثانوية
guberni,مقاطعة
hiacint,نرجس
hipotek,رهن
hipotez,فرضية
histeri,هستيريا
homonim,مرادف صوتي
ĥirurg,جراح
judaism,اليهودية
ĵargon,لغة خاصة
kalomel,كالوميل
kanaben,عصفور
kanibal,آكل لحوم البشر
kanonik,قسيس
kaporal,عريف
karamel,كراميل
karavan,قافلة
kartuŝ,لفيفة
katolik,كاثوليكي
kazemat,حصن
komplot,مؤامرة
koncesi,امتياز
kontakt,اتصال
korsaĵ,صدرية
kreozot,كريوزوت
kriteri,معيار
kvadril,رقصة رباعية
kvestor,محاسب
letargi,خمول
liturgi,طقوس
lozanĝ,معين
lumbrik,دودة الأرض
mahagon,ماهوجني
majolik,ماجوليكا
makadam,مكادام
makaron,ماكرون
malakit,ملكيت
mansard,علية
marĝen,هامش
matador,ماتادور
mekanik,ميكانيكا
merlang,مرلانغ
metafor,استعارة
minaret,مئذنة
mirabel,ميرابيل
molekul,جزيء
monarki,ملكية
monolog,مونولوج
monopol,احتكار
nikotin,نيكوتين
obelisk,مسلة
oleandr,دفلى
oligark,أوليغاركي
omnibus,حافلة
onobrik,إيجامامي
optativ,رغبة
pacient,مريض
palinur,إستاكوزا
pamflet,كتيب
panoram,بانوراما
papirus,بردي
parabol,قصة رمزية
parafin,بارافين
paskvil,هجاء
paŝtel,بَسْتِيل
patolog,أخصائي الأمراض
patrici,نبيل
patriot,وطني
pedagog,مربٍّ
pelerin,عباءة
pension,بيت ضيافة
percept,إدراك
pilastr,عمود زخرفي
piramid,هرم
plagiat,سرقة أدبية
plantag,موز الجنة
polemik,جدل
prefekt,محافظ
procesi,موكب
prognoz,تنبؤ
prozodi,عِلْم العَروض
puritan,مطهر
retorik,بلاغة
revizor,مفتش
samovar,سماور
sarkasm,سخرية
segment,قطعة
sekreci,إفراز
semafor,إشارة
serenad,غناء عاطفي
sifilis,الزهري
simetri,تماثل
simfoni,سيمفونية
simptom,عَرَض
sinagog,كنيس
sinedri,محكمة يهودية
sinonim,مرادف
sintaks,نحو
skandal,فضيحة
skrupul,دقيق
stearin,ستيارين
sugesti,إيحاء
ŝiling,شلنغ
taburet,مقعد
tangent,مماس
teokrat,ثيوقراطي
teologi,لاهوت
trombon,ترومبون
ultimat,إنذار
uvertur,افتتاحية
variant,متغير
vazelin,فازلين
verdikt,حكم
veteran,مخضرم
vokativ,نداء
abnegaci,نكران الذات
adjutant,مساعد
aeroplan,طائرة
agronomi,زراعة
akvafort,نقش
akvilegi,أكويليجيا
alabastr,مرمر
aligator,تمساح
ambulanc,إسعاف
antipati,نفور
antologi,مختارات
apostrof,فاصلة علوية
arbalest,قوس
areometr,مقياس الكثافة
arkeolog,عالم آثار
arkitekt,مهندس معماري
artileri,مدفعية
astrolog,منجم
astronom,فلكي
atmosfer,جو
aŭdienc,استقبال
balistik,بالستيكي
balzamin,بلسم
banderol,غلاف
barelief,نحت بارز
batalion,كتيبة
bazilisk,باسيليسك
biografi,سيرة
ceremoni,احتفال
dekadenc,انحطاط
delegaci,وفد
demagogi,ديماغوجية
demokrat,ديمقراطي
diafragm,حجاب حاجز
diagonal,قطري
diapazon,شوكة ضبط
didaktik,تعليمي
difterit,الدفتيريا
diktator,ديكتاتور
disĉipl,تلميذ
dispepsi,عسر الهضم
ditiramb,مديح
dromedar,جمل
ekstrakt,استخراج
epilepsi,صرع
erizipel,حمرة
etimologi##,etimologi##
etiologi,علم الأمراض
etnograf,عالم إثنوغرافيا
evangeli,إنجيل
faksimil,نسخة مطابقة
fakultat,كلية
felieton,مسلسل صحفي
feminism,نسوية
feminist,نسوي
filologi,فيلولوجيا
filozofi,فلسفة
fiziolog,فسيولوجي
fonograf,فونوغراف
galantin,غالاتين
garnitur,زينة
garnizon,حامية
genealog,عالم الأنساب
geometri,هندسة
glicerin,جلسرين
gliciriz,عرق السوس
grafolog,خبير خط اليد
gramofon,غراموفون
gutaperk,غوتابيرشا
halebard,فأس حرب
harmonik,أكورديون
hegemoni,هيمنة
hekatomb,مذبحة
hierarki,هرمية
hipodrom,مضمار سباق
honorari,أجر
horoskop,الأبراج
hortensi,هيدرانجيا
ĥirurgi,جراحة
idiotism,تعبير اصطلاحي
imperial,سطح علوي
indiĝen,أصلي
inkognit,متخفٍ
intervju,مقابلة
kalendul,الأذريون
kardinal,كاردينال
katafalk,نعش
katakomb,سراديب الموتى
katedral,كاتدرائية
katekist,مُبَشِّر
kavaleri,فرسان
komandit,شراكة محدودة
konfekci,ملابس جاهزة
konflikt,صراع
kontralt,ألْتو
kontrast,تباين
konvenci,اتفاقية
kosmetik,مستحضرات
kreditor,دائن
ksilofon,زيلوفون
kvocient,نسبة
labirint,متاهة
laŭreat,فائز
logaritm,لوغاريتم
logogrif,لغز
makaroni,مكرونة
mandaren,مسؤول صيني
mandolin,مندولين
manifest,إعلان
manometr,مقياس الضغط
margarin,سمن
marionet,دمية
maŭzole,ضريح
mekanism,آلية
melodram,ميلودراما
meridian,خط الزوال
metronom,مترونوم
metropol,مدينة كبرى
mikrofon,ميكروفون
miniatur,منمنمة
monogram,شعار
monomani,هوس
naftalin,نفتالين
narkotik,مخدرات
navigaci,ملاحة
nekrolog,نعي
nepotism,محسوبية
nihilism,عدمية
nihilist,عدمي
nostalgi,حنين
numismat,نقوديات
obligaci,سند
oligarĥ,أوليغارش
oligarki,حكم القلة
optimism,تفاؤل
optimist,متفائل
organism,كائن حي
orografi,جبال
pacifism,سلامية
pacifist,مسالم
palanken,محفة
panteism,وحدة الوجود
panteist,وحدوية
pantomim,بَانْتُومِيم
paradigm,نموذج
parafraz,تلخيص
paragraf,فقرة
partitur,نوتة موسيقية
patologi,علم الأمراض
pedagogi,تربية
perimetr,محيط
peristil,رواق
pesimism,تشاؤم
pesimist,متشائم
pleonasm,تكرار
poliglot,متعدد اللغات
preterit,ماضي
procedur,إجراء
projekci,عرض
proporci,نسبة
prospekt,كتيب
protokol,بروتوكول
prototip,نموذج
prozelit,معتنق
psikolog,عالم نفس
referenc,مرجع
renesanc,عصر النهضة
reputaci,سمعة
revelaci,وحي
revolver,مسدس دوار
rojalist,ملكي
sacerdot,كاهن
sakristi,غرفة المقدسات
sarkofag,تابوت حجري
seminari,ندوة
sensaci,إثارة
sfinkter,عضلة عاصرة
silogism,قياس منطقي
solecism,خطأ لغوي
stipendi,منحة
strategi,استراتيجية
subvenci,إعانة
talisman,تميمة
tamburin,دف صغير
tarantel,رقصة ترانتلا
tarantul,عنكبوت
teleskop,تلسكوب
teokrati,ثيوقراطية
tipograf,طباع
topograf,مسّاح الأراضي
toreador,مصارع الثيران
transept,جناح الكنيسة
tuberkul,عقدة
amfiteatr,مدرج
apopleksi,سكتة
arbitraci,تحكيم
arĥeolog,عالم آثار
arĥitekt,مهندس معماري
aritmetik,حساب
arkeologi,علم الآثار
arkipelag,أرخبيل
astrologi,التنجيم
astronomi,فلك
aŭditori,قاعة
aŭtograf,توقيع
aŭtokrat,مستبد
deklaraci,إعلان
demokrati,ديمقراطية
dialektik,جدلية
disciplin,انضباط
disenteri,زحار
entomolog,عالم حشرات
etnografi,إثنوغرافيا
filantrop,محب للخير
fiziologi,فسيولوجيا
fizionomi,ملامح الوجه
fotografi,تصوير
genealogi,علم الأنساب
gladiator,مُبارِز
grafologi,علم الخط
harmonium,هارمونيوم
heksametr,السداسي
heliotrop,هليوتروب
hidrofobi,رهاب الماء
hieroglif,هيروغليف
higrometr,مقياس الرطوبة
hipopotam,فرس النهر
homeopati,علاج مثلي
ideografi,كتابة تصويرية
imperativ,أمر
imperfekt,غير كامل
impresari,منظم العروض
indikativ,دالّ
infanteri,مشاة
infinitiv,مصدر
inkvizici,محاكمات دينية
intendant,مدير
kabriolet,عربة قابلة للتحويل
kandelabr,شمعدان
karikatur,كاريكاتير
kartograf,خرائط
kastanjet,كاستنيت
katalepsi,تخشب
katastrof,كارثة
kateĥist,مُبَشِّر
kompromis,تسوية
konduktor,محصل
konkurenc,منافسة
kontinent,قارة
kontrabas,كونتراباس
konvolvul,عشب ملتف
kosmogoni,علم الكونيات
kosmograf,عالم الكونيات
krizantem,أقحوان
kronologi,التسلسل الزمني
kronometr,مؤقت
krucifiks,صلب
kvadratur,تربيع
litografi,حفر الحجر
lokomobil,قاطرة زراعية
melankoli,كآبة
metafizik,ميتافيزيقا
mikrometr,ميكرومتر
mikroskop,مجهر
mineralog,عالم معادن
monoteism,توحيد
neologism,مصطلح جديد
oligarĥi,أوليغارشية
ornitolog,عالم طيور
ostracism,نفي
paleograf,خبير بالكتابة القديمة
palisandr,خشب الورد
paroksism,نوبة
pentametr,خماسي الوزن
plutokrat,بلوتوقراطي
politeism,تعدد الآلهة
providenc,عناية إلهية
pulĉinel,مهرج
purgatori,المطهر
recitativ,تلاوة
reformaci,إصلاح ديني
rekrement,بقايا
repertuar,ذخيرة
rezignaci,استسلام
sakrament,سرّ
sekundant,مساعد
skarlatin,حمى قرمزية
skolastik,مدرسي
somnambul,مشي أثناء النوم
sortiment,مجموعة
spekulaci,مضاربة
spirit/ism##,spirit/ism##
spirit/ist##,spirit/ist##
stalagmit,الصواعد
stalaktit,الصواعد
statistik,إحصاء
ŝovinism,شوفينية
ŝovinist,شوفينيست
tipografi,طباعة
topografi,طبوغرافيا
velociped,دراجة قديمة
veterinar,طبيب بيطري
vivisekci,تشريح حي
abiturient,خريج ثانوي
alternativ,بديل
anakronism,مفارقة زمنية
antropolog,عالم أنثروبولوجيا
arĥeologi,علم الآثار
arĥipelag,أرخبيل
aristokrat,أرستقراطي
arkitektur,عمارة
aŭtokrati,استبداد
beletristik,أدب جميل
bibliograf,مؤرخ الكتب
civilizaci,حضارة
dinamometr,مقياس القوة
ekskrement,براز
entomologi,علم الحشرات
eŭkaristi,عشاء مقدس
filantropi,محبة البشر
hipertrofi,تضخم
ingredienc,مكوّنات
inkvizitor,مفتش ديني
kartografi,خرائط
koeficient,معامل
kompliment,إطراء
kongregaci,جماعة
konsistori,مجمع
kontraband,تهريب
kontribuci,تعويضات
kosmografi,علم الكونيات
kosmopolit,عالمي
krestomati,مختارات
kvintesenc,جوهر
manufaktur,مصنع
manuskript,مخطوطة
metamorfoz,تحول
meteorolog,أخصائي الأرصاد
mineralogi,علم المعادن
naturalism,طبيعية
numismatik,علم العملات
ornitologi,علم الطيور
paleografi,علم المخطوطات
perspektiv,آفاق
plutokrati,الأوليغارشية
pneŭmatik,إطار
prerogativ,امتياز
pseŭdonim,اسم مستعار
stenografi,اختزال
subjunktiv,شرطية
superlativ,الأفضل
tuberkuloz,سل
admiralitat,الأميرالية
antropologi,أنثروبولوجيا
aristokrati,أرستقراطية
bibliografi,بيبليوغرافيا
cirkumfleks,علامة التشكيل
demonstraci,إثبات
departement,قسم
enciklopedi,موسوعة
hermafrodit,خنثى
hidrostatik,الهيدروستاتيكية
hidroterapi,علاج مائي
imperialism,إمبريالية
inaŭguraci,افتتاح
kalejdoskop,كاليدوسكوب
kondicional,شرطية
konfederaci,اتحاد
konglomerat,كونغلوميرات
kontrapunkt,كونترابوينت
manifestaci,مظاهرة
metempsikoz,تناسخ الأرواح
meteorologi,الأرصاد
observatori,مرصد
paleontolog,عالم حفريات
pleŭronekt,سمك مفلطح
protagonist,بطل
protektorat,محمية
pseŭd,زائف
racional/ism##,racional/ism##
racional/ist##,racional/ist##
reŭmatism,روماتيزم
temperament,مزاج
tragikomedi,تراجيديكوميديا
administraci,إدارة
demonstrativ,إشارة
konservatori,معهد موسيقي
paleontologi,علم الحفريات
paralelogram,متوازي أضلاع
spiritualism,روحانية
spiritualist,روحاني
trigonometri,مثلثات
aŭtobiografi,سيرة ذاتية
t.e.,أي
k.t.p.,إلخ
kiom,كم
kiom##,kiom##
kiom##,kiom##
dum,أثناء
dum##,dum##
ĝis,إلى
ĝis##,ĝis##
anstataŭ,بدلاً من
anstataŭ##,anstataŭ##
kiu##,kiu##
kiu,من
tiu##,tiu##
tiu,ذلك
ĉiu,كل
ĉiu##,ĉiu##
neniu,لا أحد
neniu##,neniu##
ambaŭ,كلا
ambaŭ##,ambaŭ##
tiu ĉi##,tiu ĉi##
tiu ĉi##,tiu ĉi##
fiks,ثابت
fiks##,fiks##
fals,زائف
fals##,fals##
ĉu##,ĉu##
ĉu,أم
kial,لماذا
kial##,kial##
kiel,مثل
kiel##,kiel##
tamen,لكن
tamen##,tamen##
apenaŭ,بالكاد
apenaŭ##,apenaŭ##
kvazaŭ,كما لو
kvazaŭ##,kvazaŭ##
ĉirkaŭ,حول
ĉirkaŭ##,ĉirkaŭ##
precip##,precip##
precip,رئيسي
tut,كامل
tut##,tut##
rest##,rest##
rest,بقا
ĉiel,بكلّ الطرائق
ĉiel##,ĉiel##
interes,يثير
interes##,interes##
lig,ربط
lig##,lig##
rul,لفّ
rul##,rul##
arm##,arm##
arm,تسليح
fos,حفر
fos##,fos##
plant,زرع
plant##,plant##
orient##,orient##
orient,شرق
fald,طيّ
fald##,fald##
kaj,و
kaj##,kaj##
amas,حشد
amas##,amas##
kopi,نسخ
kopi##,kopi##
fotograf,تصوير
fotograf##,fotograf##
ĉar,لأن
ĉar##,ĉar##
fikci##,fikci##
fikci,خيالي
nul,صفر
nul##,nul##
klar##,klar##
klar,واضح
artikol,مقالة
artikol##,artikol##
aŭgust,أغسطس
aŭgust##,aŭgust##
por,لأجل
por##,por##
opozici,معارضة
opozici##,opozici##
fot,صورة
vibr,يهتز
oscil,يتذبذب
fluktu,يتذبذب
indigo,نيلي
ad##,ad##
ad,استمرار
ag,تحرك
al,إلى
am,حب
an,عضو
ar,مجموعة
as,يكون
at,مستمر
av,جد
bo,زواج
ci,أنت
da,من
de,من
di,إله
Di##,Di##
do,إذًا
du,اثنان
ec,صفة
eg,كبير
ej,مكان
ek,بدء
el,من
em,ميل
en,داخل
er,عنصر
et,صغير
fe,جني
fi##,fi##
fi,قذر
ge,男女
ha,آه!
he,مهلاً
ho,يا!
ia,نهيق
id,نسل
ie,في مكان ما
ig,جعل
il,أداة
in,أنثى
io,شيء
ir,ذهب
is,ماضٍ
it,مكتمل
iu##,iu##
iu,شخص ما
ja,حقًا
je,إلى
ju,كلما
ke,أنَّ
l',الـ
la,الـ
li,له
lu,استئجار
mi,أنا
ne,لا
ni,نحن
nj,تصغير الأسماء الأنثوية
nu,الآن
od,قصيدة
ok,ثمانية
ol,من
on,جزء
op,مجموعة
or,ذهب
os,مستقبل
ot,لم يبدأ بعد
ov,بيضة
pi,تقي
po,لكل
re,مجدداً
se,إذا
si,ذاته
te,شاي
uj,وعاء
ul,شخص
um,شيء
ur,ثور بدائي
us,شرط
uz,استعمال
ve,آه
vi,أنت
homeopat,معالج بالطب التجانسي
zoolog,عالم حيوان