###❝एस्पेरान्तो शब्दमूल❞,जिन पंक्तियों को ❝(पूरी तरह समान) एस्पेरान्तो शब्दमूल❞ के रूप में चिह्नित किया गया है  उनकी प्राथमिकता संबंधित प्रतिस्थापन वाले वाक्यों के समान ही होती है लेकिन वास्तव में यह संकेत देती हैं कि वर्णों (कांजी) का कोई प्रतिस्थापन नहीं होगा।
एस्पेरान्तो शब्दमूल##,हिंदी अनुवाद रूबी टिप्पणियों सहित##
adiaŭ,अलविदा
bis,फिर से!
hura,वाह!
ŭa,वाह!
kia,कैसा
tia,ऐसा
ĉia,सभी
kies,किसका
nenia,कोई नहीं
ali,अन्य
alt,ऊँचा
bel,सुंदर
bon,अच्छा
jun,युवा
nov,नया
sam,समान
fort,मजबूत
grav,महत्वपूर्ण
kelk,कुछ
last,अंतिम
long,लंबा
mult,बहुत
plen,पूर्ण
riĉ,धनी
ruĝ,लाल
facil,आसान
grand,बड़ा
liber,मुक्त
rapid,तेज़
feliĉ,खुश
proksim,निकट
fru,जल्दी
pur,स्वच्छ
sol,अकेला
ver,सच्चा
cert,पक्का
nigr,काला
varm,गर्म
afabl,मिलनसार
blank,सफेद
dolĉ,मधुर
neces,ज़रूरी
propr,स्वयं
simpl,सरल
dekstr,दायाँ
kuraĝ,साहसी
trankvil,शांत
blu,नीला
dik,मोटा
gaj,खुश
hel,उज्ज्वल
kar,प्रिय
lac,थका
san,स्वस्थ
sat,भरा
just,न्यायपूर्ण
prav,सही
pret,तैयार
util,उपयोगी
verd,हरा
apart,अलग
atent,सावधान
fremd,विदेशी
ĝust,सही
komun,साझा
larĝ,चौड़ा
agrabl,सुखद
divers,विविध
intern,आंतरिक
sufiĉ,पर्याप्त
kontent,संतुष्ट
profund,गहरा
mol,नरम
pez,भारी
sek,सूखा
brun,भूरा
egal,बराबर
flav,पीला
griz,धूसर
kulp,दोषी
lert,कुशल
rekt,सीधा
saĝ,बुद्धिमान
vast,विस्तृत
ceter,बाकी
freŝ,ताज़ा
simil,समान
kapabl,सक्षम
serioz,गंभीर
efektiv,वास्तविक
ordinar,साधारण
akr,तीक्ष्ण
fam,प्रसिद्ध
ies,किसीका
avar,लोभी
dens,घना
eben,समतल
fier,गर्वीला
firm,मजबूत
nepr,अनिवार्य
plat,चपटा
plur,बहुवचन
surd,बहरा
vigl,चुस्त
fidel,वफादार
kviet,शांत
matur,पका
sankt,पवित्र
spert,अनुभवी
subit,अचानक
taŭg,उपयुक्त
honest,ईमानदार
konven,उचित
plur,बहुवचन
preciz,सटीक
strang,अजीब
delikat,नाज़ुक
ĝentil,विनम्र
komfort,आरामदायक
pacienc,धैर्यवान
special,विशेष
ĝeneral,सामान्य
konstant,स्थिर
lam,लंगड़ा
mut,गूंगा
nud,नग्न
pal,फीका
ruz,चालाक
van,व्यर्थ
acid,खट्टा
glat,चिकना
kler,शिक्षित
krud,कच्चा
mild,कोमल
abund,प्रचुर
blind,अंधा
blond,गोरा
ĉarm,आकर्षक
etern,अनंत
favor,अनुकूल
graci,सुंदर
humil,विनम्र
laŭt,ज़ोरदार
sever,कठोर
stult,मूर्ख
fortik,मजबूत
frenez,पागल
kurioz,अजीब
privat,निजी
sincer,ईमानदार
evident,स्पष्ट
oportun,सुविधाजनक
prudent,विवेकपूर्ण
sci/vol##,sci/vol##
diligent,मेहनती
proksim/um##,proksim/um##
ard,जलता
avid,लालची
brav,साहसी
ebri,नशे में
krut,खड़ी
naiv,भोला
nobl,महान
sobr,संयमी
humid,नम
ident,समान
komik,हास्यपूर्ण
kripl,विकलांग
kruel,क्रूर
moder,उचित
sagac,चतुर
seren,शांत
sprit,चतुर
akurat,सटीक
fervor,उत्साही
inklin,प्रवृत्त
ĵaluz,ईर्ष्यालु
kapric,सनकी
modern,आधुनिक
modest,संकोची
nenies,किसीका नहीं
normal,सामान्य
sovaĝ,जंगली
ekstrem,अत्यधिक
elegant,शालीन
eminent,प्रख्यात
komplet,पूर्ण
oficial,आधिकारिक
perfekt,पूर्ण
probabl,संभावित
reciprok,पारस्परिक
indiferent,उदासीन
inteligent,बुद्धिमान
amar,कड़वा
imun,प्रतिरक्षित
real,वास्तविक
ties,उसका
unik,अद्वितीय
vant,घमंडी
virg,कुमारी
aktiv,सक्रिय
civil,नागरिक
ĉies,सबका
elast,लचीला
human,मानवीय
intim,घनिष्ठ
kaduk,पुराना
koket,चुलबुली
lojal,वफादार
malic,दुष्ट
mir/ind##,mir/ind##
raŭk,कर्कश
rigid,कठोर
sekur,सुरक्षित
solen,गंभीर
tener,स्नेही
valid,वैध
abrupt,अचानक
absurd,बेतुका
aktual,वर्तमान
arbitr,मनमाना
aŭdac,साहसी
ekzakt,सटीक
furioz,उग्र
graved,गर्भवती
klasik,शास्त्रीय
majest,भव्य
nervoz,चिंतित
oblikv,तिरछा
obstin,जिद्दी
plen/aĝ##,plen/aĝ##
social,सामाजिक
subtil,सूक्ष्म
tragik,दुखद
absolut,पूर्ण
kontant,नकद
popular,लोकप्रिय
relativ,सापेक्ष
sin/don##,sin/don##
solidar,एकजुट
vegetar,शाकाहारी
familiar,परिचित
grandioz,भव्य
kolektiv,सामूहिक
sin/gard##,sin/gard##
kompetent,योग्य
universal,सार्वभौमिक
kvit,ऋणमुक्त
miop,निकटदृष्टि
punc,गहरा लाल
ranc,बासी
ĉast,पवित्र
ekstr,अतिरिक्त
masiv,भारी
antikv,प्राचीन
arogant,घमंडी
konform,अनुरूप
trivial,साधारण
elokvent,वाक्पटु
kriminal,अपराधी
predikat,विधेय
akut,तीव्र
dual,द्वैतीय
hirt,खड़े
kalv,गंजा
banal,साधारण
cinik,निंदक
gotik,गोथिक
inert,जड़
obtuz,मंद
okult,गुप्त
pasiv,निष्क्रिय
rigor,कठोर
stoik,अविचल
analog,समान
anonim,गुमनाम
arkaik,पुरातन
diafan,अर्धपारदर्शी
efemer,क्षणिक
erotik,कामुक
fiktiv,काल्पनिक
formal,औपचारिक
frivol,तुच्छ
intens,तीव्र
invers,उल्टा
konciz,संक्षिप्त
konkav,अवतल
mistik,रहस्यमय
neŭtr,तटस्थ
vulgar,साधारण
akcesor,द्वितीयक
apokrif,झूठा
arĥaik,पुरातन
burlesk,हास्यपूर्ण
decimal,दशमलव
diskret,गोपनीय
fanatik,कट्टर
grotesk,विकृत
konkret,ठोस
kontinu,निरंतर
liberal,उदारवादी
monoton,नीरस
negativ,नकारात्मक
nominal,नाममात्र
pozitiv,सकारात्मक
radikal,कट्टर
skeptik,संदेहपूर्ण
solvent,सॉल्वेंट
abstrakt,सारांश
aŭtonom,स्वायत्त
eventual,संभावित
inkluziv,शामिल
neŭtral,तटस्थ
objektiv,वस्तुनिष्ठ
ortodoks,रूढ़िवादी
primitiv,आदिम
provizor,अस्थायी
racional,तर्कसंगत
romantik,रोमांटिक
sinoptik,सारांश
spontane,स्वतः
aŭtentik,प्रामाणिक
definitiv,निश्चित
ekskluziv,विशेष
korelativ,संबंधित
respektiv,क्रमशः
subjektiv,मुख्यधारणा
transitiv,सकर्मक
spekulativ,विचारशील
impertinent,ढीठ
konservativ,रूढ़िवादी
sentimental,भावुक
dek,दस
mil,हज़ार
sep,सात
ses,छह
tri,तीन
unu,एक
cent,सौ
kvar,चार
kvin,पाँच
naŭ,नौ
aŭ,या
nek,नहीं
sed,लेकिन
kvankam,हालाँकि
plus,प्लस
minus,माइनस
ĉe,पर
kun,साथ
per,द्वारा
pri,के बारे में
pro,कारण
sen,बिना
sub,नीचे
sur,ऊपर
tra,से होकर
apud,पास
krom,अतिरिक्त
laŭ,अनुसार
post,बाद
inter,बीच में
super,ऊपर
trans,पार
antaŭ,पहले
ekster,बाहर
preter,पार
kontraŭ,विपरीत
malgraŭ,बावजूद
ĝi,इसका
ili,उनका
kio,क्या
oni,लोग
ŝi,उसका
tio,वह
ĉio,सबकुछ
nenio,कुछ नहीं
tio ĉi##,tio ĉi##
dis,विभाजन
mal,विपरीत
ĉef,मुख्य
eks,पूर्व
mis,गलत
pra,प्राचीन
dev,ज़रूरी
dir,कहना
don,देना
est,होना
far,करना
fin,समाप्त
hav,रखना
kon,जानना
leg,पढ़ना
lev,उठाना
met,रखना
mov,हिलाना
pet,माँगना
pov,सक्षम
rid,हँसना
sci,जानना
sid,बैठना
ten,पकड़ना
ven,आना
vid,देखना
viv,जीवित
vol,इच्छा
ĝoj,खुश
help,सहायता
kred,विश्वास
lern,सीखना
loĝ,रहना
mort,मरना
okaz,होना
port,ले जाना
pren,लेना
sekv,अनुसरण
send,भेजना
star,खड़ा
dezir,चाहना
labor,काम
milit,युद्ध
montr,दिखाना
parol,बोलना
ricev,प्राप्त
skrib,लिखना
ŝajn,दिखना
vetur,चलाना
demand,पूछना
komenc,शुरू
kompren,समझना
respond,जवाब देना
bat,मारना
fal,गिरना
kri,चिल्लाना
kur,दौड़ना
las,छोड़ना
lum,प्रकाश
mir,आश्चर्य
pag,चुकाना
pas,गुजरना
reg,शासन
son,ध्वनि
tim,डर
tir,खींचना
aŭd,सुनना
brul,जलना
dank,धन्यवाद
dorm,सोना
ferm,बंद
flug,उड़ना
halt,रुकना
ĵet,फेंकना
kant,गाना
kost,मूल्य
mank,अनुपस्थित
nask,जन्म देना
okup,व्यस्त
pens,सोचना
perd,खोना
prem,दबाना
prov,कोशिश
sent,महसूस
turn,घुमाना
aĉet,खरीदना
atend,प्रतीक्षा
bezon,ज़रूरत
kresk,बढ़ना
manĝ,खाना
memor,याद
serĉ,खोज
trink,पीना
konsil,सलाह
permes,अनुमति
postul,माँगना
rakont,कहानी
rigard,देखना
rimark,ध्यान देना
ŝanĝ,बदलना
vojaĝ,यात्रा
konstru,निर्माण
prezent,प्रस्तुत
renkont,मिलना
bru,शोर
dub,संदेह
lav,धोना
lud,खेलना
pen,कोशिश
vek,जगाना
vok,बुलाना
aper,उपस्थित
bril,चमक
erar,गलती
fest,मनाना
frap,मारना
gajn,जीतना
kapt,पकड़ना
kaŝ,छिपाना
kovr,ढकना
kuir,पकाना
kuŝ,लेटना
paŝ,चलना
plor,रोना
romp,तोड़ना
salt,कूदना
serv,सेवा
tuŝ,छूना
vend,बेचना
zorg,देखभाल
batal,लड़ाई
elekt,चुनना
esper,आशा
koler,गुस्सा
mezur,मापना
opini,सोचना
ordon,आदेश
plend,शिकायत
ripoz,आराम
salut,नमस्ते
sufer,सहना
akcept,स्वीकार
forges,भूलना
kalkul,गणना
komerc,व्यापार
konduk,नेतृत्व
pardon,माफ करना
silent,चुप
tranĉ,काटना
konsent,सहमति
aŭskult,सुनना
ban,नहलाना
flu,बहना
kre,सृजन
mok,उपहास
amuz,मनोरंजन
ĉes,रुकना
efik,प्रभावी
gard,रक्षा
juĝ,न्याय
klin,झुकाना
pend,लटकना
puŝ,धक्का
spir,साँस
stud,अध्ययन
ŝat,सराहना
tond,काटना
traf,मारना
ating,पहुंचना
decid,निर्णय
estim,सम्मान
invit,आमंत्रित
kurac,इलाज
marŝ,मार्च करना
plaĉ,पसंद
ripet,दोहराना
ŝlos,बंद करना
ŝtel,चोरी
vizit,मुलाकात
aranĝ,व्यवस्थित
ekzist,मौजूद
instru,सिखाना
intenc,इरादा
kompat,दया
prefer,पसंद
prepar,तैयार करना
promen,टहलना
promes,वादा
sukces,सफल
konserv,संरक्षित
bol,उबाल
kis,चुंबन
obe,मानना
paf,गोली चलाना
pel,धकेलना
pik,चुभना
pun,दंड देना
sav,बचाना
tus,खाँसना
akir,प्राप्त करना
apog,सहारा
atak,हमला
bala,झाड़ना
blov,फूँकना
ĉas,शिकार
danc,नृत्य
eduk,शिक्षा
evit,बचना
fleg,देखभाल
glit,फिसलना
gvid,मार्गदर्शन
ĝen,परेशान
hejt,गर्म करना
hont,शर्मिंदा
imag,कल्पना
imit,नकल
komb,कंघी करना
mend,बुक करें
miks,मिलाना
naĝ,तैरना
plug,जोतना
pres,छापना
soif,प्यास
spez,लेनदेन करना
ŝir,फाड़ना
trem,काँपना
trov,खोजना
venk,जीतना
viŝ,पोंछना
volv,लपेटना
anonc,घोषणा
aprob,स्वीकृति
avert,चेतावनी देना
merit,योग्य
minac,धमकी
pentr,रंगना
posed,मालिक
preĝ,प्रार्थना
rifuz,इंकार
rilat,संबंधित
ripar,मरम्मत
skrap,खरोंचना
ŝerc,मज़ाक
tromp,धोखा
defend,रक्षा
desegn,डिज़ाइन
esting,बुझाना
inform,सूचित
kompar,तुलना
kondut,व्यवहार
konfes,स्वीकार
konsci,सचेत
kultur,उगाना
mensog,झूठ बोलना
rezult,परिणाम
rikolt,कटाई
streĉ,खींचना
ŝovel,फावड़ा
akompan,साथ
aparten,संबंधित
bedaŭr,खेद
konsist,बनना
organiz,संगठित
progres,प्रगति
respekt,सम्मान
riproĉ,दोष देना
diferenc,अलग
rekomend,सिफारिश
korespond,पत्राचार
enu,उबाऊ
fid,भरोसा
ĝu,आनंद
hak,काटना
log,लुभाना
pek,पाप करना
pes,तौलना
raz,दाढ़ी बनाना
dron,डूबना
fajf,सीटी
fand,पिघलाना
farm,खेती
fart,रहना
frot,रगड़ना
ĝem,कराहना
krev,फटना
kudr,सिलना
mord,काटना
muel,पीसना
nutr,पोषण
odor,महकना
rajd,सवारी
solv,हल
taks,मूल्यांकन
teks,बुनना
tent,लुभाना
urĝ,जरूरी
babil,बकबक
detru,नष्ट
difin,परिभाषित
distr,मनोरंजन
diven,अनुमान
divid,विभाजित
etend,फैलाना
evolu,विकसित
forĝ,गढ़ना
frand,लुभाना
grimp,चढ़ना
hezit,संकट
kroĉ,लटकाना
laŭd,प्रशंसा
mason,निर्माण
ofert,प्रस्ताव
ornam,सजाना
petol,शरारत
sonĝ,सपना
stern,बिछाना
supoz,मानना
ŝirm,रक्षा
ŝpar,बचाना
ŝtop,अवरोध
ŝuld,ऋणी
ŝvel,सूजना
toler,सहन
verŝ,उंडेलना
aspekt,दिखना
daŭr/ig##,daŭr/ig##
difekt,क्षतिग्रस्त
diskut,चर्चा
domaĝ,खेदजनक
ekscit,उत्तेजित
ekzerc,अभ्यास
esplor,अन्वेषण
esprim,व्यक्त
konsol,दिलासा
murmur,बड़बड़ाना
prezid,अध्यक्षता
signif,अर्थ
skulpt,तराशना
traduk,अनुवाद
ekskurs,सैर करना
ekzamen,जांचना
komunik,संचार
koncern,संबंधित
konstat,पुष्टि
protekt,रक्षा
protest,विरोध
renvers,उलटना
surpriz,चौंकाना
konsider,विचार
persekut,सताना
reprezent,प्रतिनिधित्व
bak,बेक
ben,आशीर्वाद
boj,भौंकना
bor,छेद
ced,समर्पण
cit,उद्धृत
lek,चाटना
rab,लूटना
rav,मोहित करना
rem,चप्पू चलाना
rev,सपना
seg,आरा
sku,हिलाना
ted,थकाना
teg,ढकना
abon,सदस्यता
dung,नौकरी
envi,ईर्ष्या
flar,सूंघना
fond,स्थापित
frit,तलना
friz,घुंघराले
gest,हावभाव
glad,इस्त्री
glut,निगलना
ĵur,कसम
kned,गूंधना
maĉ,चबाना
melk,दूध निकालना
migr,घूमना
munt,जोड़ना
ofer,बलिदान
pent,पश्चाताप
pruv,साबित
pump,पंप करना
putr,सड़ना
ramp,रेंगना
risk,जोखिम
ronk,खर्राटे
rost,भूनना
sven,बेहोश
ŝov,धक्का
ŝut,डालना
tajl,तराशना
tord,मरोड़ना
tren,खींचना
vari,बदलना
velk,मुरझाना
adici,जोड़ना
admir,प्रशंसा
admon,समझाना
adopt,गोद लेना
akcel,तेज़ करना
atest,प्रमाणित
ĉerp,खींचना
degel,पिघलना
deleg,सौंपना
fleks,मोड़ना
flirt,फड़फड़ाना
hered,विरासत
influ,प्रभावित
kares,प्यार करना
medit,ध्यान
naŭz,घृणित
osced,जंभाई
paŝt,चराना
paŭz,रुकना
pinĉ,चुटकी लेना
plekt,गूंथना
regal,दावत देना
ribel,विद्रोह
sopir,तरसना
sorĉ,जादू
strik,हड़ताल
sufok,घुटना
sving,घुमाना
ŝarg,लोड
ŝmir,लेप
trakt,संपादन
tremp,डुबाना
afrank,स्टाम्प लगाना
asekur,बीमा
balanc,झूलना
barakt,संघर्ष
dediĉ,समर्पित
deklar,घोषित करना
destin,नियत करना
disput,बहस
escept,हटाना
festen,दावत
frakas,तोड़ना
gratul,बधाई देना
ilustr,चित्रित करना
import,आयात
insist,ज़िद
instal,स्थापित
instig,उकसाना
insult,गाली देना
komand,आदेश
komisi,सौंपना
konfid,भरोसा
konfit,शक्कर-संरक्षित
konfuz,उलझन
konkur,प्रतिस्पर्धा
kritik,आलोचना
observ,देखना
penetr,घुसना
perfid,धोखा देना
proced,आगे बढ़ना
raport,रिपोर्ट
reklam,विज्ञापन
rezign,त्याग
rezist,प्रतिरोध
rifuĝ,शरण लेना
brak/um##,brak/um##
civiliz,सभ्य बनाना
ĉagren,परेशान
de/pend##,de/pend##
disting,पहचानना
eksplod,विस्फोट
garanti,गारंटी देना
komplez,दयालु
kondamn,दोषी ठहराना
konfirm,पुष्टि
konjekt,अनुमान
konklud,निष्कर्ष
kontrol,जाँच
konvink,मनाना
operaci,सर्जरी
plen/um##,plen/um##
pretend,दावा करना
suspekt,संदेह
turment,पीड़ा
distribu,वितरित
fanfaron,डींग मारना
kontrakt,अनुबंध
mastr/um##,mastr/um##
prokrast,स्थगित
administr,प्रबंधित
el/turn/iĝ##,el/turn/iĝ##
entrepren,उद्यम
dec,उचित
juk,खुजली
lul,झुलाना
vad,पार करना
vag,भटकना
vet,दांव लगाना
vom,उल्टी
zum,गुंजन
ador,पूजा
agit,उकसाना
akuz,आरोप
alud,संकेत
bapt,बपतिस्मा
bind,बांधना
blek,चिल्लाना
bred,पालन
buĉ,वध
ĉif,सिकोड़ना
dikt,लिखवाना
dres,पशु-प्रशिक्षण
ekip,सज्जित करना
est/ig##,est/ig##
fast,उपवास
flat,चापलूसी
flik,रफू करना
fuĝ,भागना
fuŝ,गड़बड़
garn,सजाना
grat,खरोंचना
hav/ig##,hav/ig##
izol,अलग
jung,जोतना
lukt,संघर्ष
muĝ,गर्जना
opon,विरोध
palp,टटोलना
pekl,अचार
pere,नाश
pli/ig##,pli/ig##
sark,खरपतवार हटाना
sekc,काटना
sorb,सोखना
spit,अवज्ञा
suĉ,चूसना
svat,मिलाना
tajp,टाइप करें
tern,छींकना
tikl,गुदगुदाना
tint,झंकार
trik,बुनना
trud,थोपना
vart,देखभाल
adapt,अनुकूलित
aplik,लागू
asert,दावा
asist,सहायता
balot,मतदान
ĉe/est##,ĉe/est##
delir,उन्मत्त
depon,जमा
deput,प्रतिनिधि बनाना
enket,जांच करना
eskap,भागना
falĉ,काटना
flagr,लहराना
for/est##,for/est##
grinc,चरचराना
ignor,अनदेखा
impet,धक्का
incit,उकसाना
indik,संकेत
insid,फँसाना
inund,बाढ़
kraĉ,थूकना
liver,प्रदान
menci,उल्लेख
modif,संशोधित
ofend,अपमान
rezon,तर्क करना
rivel,प्रकट
start,शुरू
susur,सरसराना
ŝpin,कातना
trejn,प्रशिक्षण
venĝ,बदला लेना
abstin,संयम
aflikt,दुख देना
altern,बारी-बारी
balbut,हकलाना
cirkul,घूमना
deĵor,ड्यूटी
denunc,आरोप
de/ten##,de/ten##
dev/ont/ig##,dev/ont/ig##
digest,पचाना
dispon,उपलब्ध
dorlot,लाड़ करना
eksped,भेजना
el/don##,el/don##
establ,स्थापित
flustr,फुसफुसाना
grimac,मुँह बनाना
grumbl,गुर्राना
implik,उलझाना
indign,क्रोधित
indulg,क्षमा
infekt,संक्रमित
injekt,इंजेक्शन
inspir,प्रेरित
invent,ईजाद करना
klopod,प्रयास
kolizi,टकराना
kombin,मिलाना
kompon,संयोजन
konsum,खपत
korekt,सुधारना
lubrik,तेल लगाना
manovr,मनोव्र
plonĝ,डुबकी
preleg,व्याख्यान
propon,प्रस्ताव
provok,उकसाना
recenz,समीक्षा
redakt,संपादित
redukt,घटाना
revizi,समीक्षा
ŝpruc,उछालना
aplaŭd,ताली
blasfem,अपवित्र
bon/vol##,bon/vol##
brokant,पुरानी चीजें बेचें
eksport,निर्यात
ekzekut,फांसी देना
gust/um##,gust/um##
iniciat,शुरू करना
kalumni,निंदा
kompens,भरपाई
komplik,जटिल
kontest,चुनौती देना
manipul,संचालित
neglekt,अनदेखी करना
persist,डटे रहना
prononc,उच्चारण
prosper,समृद्ध
reflekt,प्रतिबिंबित
re/form##,re/form##
subtrah,घटाना
ŝancel,डगमगाना
televid,टीवी देखना
determin,निर्धारित
ekspluat,शोषण
koncentr,ध्यान केंद्रित करना
mistifik,धोखा देना
preskrib,निर्देश
revoluci,विद्रोह
riverenc,झुकना
interpret,व्याख्या
kompromit,खतरे में डालना
multiplik,गुणा
propagand,प्रचार
konversaci,बातचीत
interpelaci,सवाल
erp,जोतना
kov,सेना
lut,जोड़ना
pep,चहचहाना
tan,साँवला करना
agac,चिढ़ाना
brod,कढ़ाई
brog,जलाना
ĉiz,तराशना
edif,उपदेश
fajl,घिसना
krak,धमाका
kroz,क्रूज़
pist,पीसना
rasp,कुरेदना
rast,रेक करना
rigl,बंद करना
rukt,डकार
sibl,सीटी बजाना
skiz,रूपरेखा
sput,थूकना
steb,सिलाई
stuk,पलस्तर
ŝim,फफूंद
torn,घुमाना
trot,दौड़ना
urin,मूत्रत्याग
varb,भर्ती
adult,व्यभिचार
afekt,दिखावा
akuŝ,प्रसव
arest,गिरफ्तार
asign,आवंटित
atenc,हमला
draŝ,पीटना
drink,पीना
ekzil,निर्वासन
filtr,छानना
infuz,डालना
kribr,छानना
parad,दिखावा
rabot,घिसना
rafin,परिष्कृत
satur,संतृप्त करना
sieĝ,घेराबंदी
skerm,फेंसिंग
strab,भेंगापन
ŝmac,चुम्बन
uzurp,हड़पना
veget,उगना
border,सीमाबद्ध
ĉikan,उलाहना देना
degrad,घटाना
diboĉ,भ्रष्ट
distil,आसवन
drapir,ढकना
gargar,गरारा
gravur,उकेरना
guvern,शिक्षा
ilumin,प्रकाशित करना
inokul,टीका
intrig,षड्यंत्र
ĵongl,जादू
kartav,गले से र बनाना
kontuz,चोट
likvid,तरल
makler,दलाल
plaŭd,छपछप
predik,उपदेश
rembur,भराई करना
ventol,हवा देना
deĉifr,डिकोड
degener,क्षय
diskont,छूट देना
ferment,खमीर
kalfatr,सील करना
kolport,बेचना
kompost,टाइपसेट
konspir,षड्यंत्र
konvert,धर्मांतरण
paraliz,पक्षाघात
proklam,घोषणा
singult,हिचकी
ĉarpent,निर्माण
hipokrit,पाखंडी
intermit,रुक-रुककर
konstern,चौंकाना
marĉand,मोलभाव
kapitulac,समर्पण
kaŭteriz,दागना
komentari,टिप्पणी
koment,टिप्पणी
poz,पोज़ करना
vak,खाली
boks,मुक्केबाज़ी
ĝir,हस्तांतरण
kirl,घुमाना
klak,क्लिक
kluk,कुक करना
knar,चरचराना
murd,हत्या
pled,अपील
sond,जांचना
tatu,गोदना
abdik,त्याग
abort,गर्भपात
agoni,तड़पना
aklam,जयकार
amput,अंगच्छेदन
aneks,संलग्न
aspir,महत्त्वाकांक्षा
deriv,व्युत्पन्न
feder,संघ बनाना
impon,प्रभावित
invad,आक्रमण
kaŭr,झुकना
klaĉ,गपशप
kliŝ,छापना
kotiz,देय राशि
marin,मैरिनेट करें
miaŭ,म्याऊँ
modul,मॉड्यूल करें
refut,खंडन
rikan,उपहास
streb,प्रयास
svarm,भरा
ŝveb,मंडराना
absorb,मग्न करना
akapar,मोनोपोलाइज
analiz,विश्लेषण
asimil,समाहित
asperg,छिड़कना
atribu,सौंपना
aŭgur,भविष्यवाणी
bojkot,बहिष्कार
cenzur,सेंसर
dedukt,निष्कर्ष निकालना
deklam,पाठ करना
dekolt,कटाना
indukt,अनुमान
kompil,संकलन
konced,स्वीकारना
konker,जीतना
korupt,भ्रष्ट
kverel,झगड़ना
lament,शोक
narkot,मादक
stimul,उत्तेजित
strigl,सँवारना
ŝrump,सिकुड़ना
amortiz,अमोर्टाइज
anticip,पूर्वानुमान
apelaci,अपील
bankrot,दिवालिया
bombard,गोला-बारी
emancip,मुक्त करना
inspekt,जांचना
katekiz,धर्मोपदेश
koincid,मिलना
konfisk,जब्त करना
konsekr,समर्पित
konsult,सलाह
legitim,सत्यापित
mobiliz,गतिशील
pilgrim,तीर्थयात्रा
improviz,तुरंत बनाना
inaŭgur,उद्घाटन
karambol,टकराना
kateĥiz,पूछताछ
klasifik,वर्गीकृत
kontribu,योगदान
litograf,लिथोग्राफ करना
prostitu,वेश्यावृत्ति
centraliz,केन्द्रित करना
stenograf,शॉर्टहैंड
ekskomunik,बहिष्कृत
karakteriz,विशेषता
aĵ,वस्तु
ant,रही
ebl,संभव
iĝ,बनना
ind,योग्य
int,संपूर्ण
ism,सिद्धांत
ist,व्यवसायी
obl,गुणा
ont,वर्तमान
estr,नेता
aĉ,घटिया
ĉj##,ĉj##
end,ज़रूरी
ing,आवरण
ajn,कोई भी
ĉi##,ĉi##
eĉ##,eĉ##
for,दूर
iam,कभी
iom,कुछ
jam,पहले ही
jen,यहाँ
jes,हाँ
kie,कहाँ
mem,स्वयं
nun,अभी
nur,केवल
pli,अधिक
plu,अधिक
tie,वहाँ
tre,बहुत
tro,अत्यधिक
tuj,तुरंत
ĉie,हर जगह
ĵus,अभी
kiam,जब
plej,अधिकतम
tial,इसलिए
tiam,तब
tiel,ऐसे
tiom,इतना
ĉiam,हमेशा
nenie,कहीं नहीं
ankaŭ,भी
neniam,कभी नहीं
baldaŭ,जल्द ही
hieraŭ,कल
hodiaŭ,आज
morgaŭ,कल
tie ĉi##,tie ĉi##
almenaŭ,कम से कम
ankoraŭ,अभी
preskaŭ,लगभग
tiel ĉi##,tiel ĉi##
oft,अक्सर
ial,किसीकारणवश
iel,किसी तरह
volont,स्वेच्छा से
des,और अधिक
neniom,कोई नहीं
ĉial,हरकारणसे
ĉiom,संपूर्ण
ia/foj##,ia/foj##
nenial,बिना कारण
neniel,किसी भी तरह नहीं
parker,याद से
foj,बार
hom,मनुष्य
jar,वर्ष
kap,सिर
kor,दिल
lok,स्थान
man,हाथ
nom,नाम
tag,दिन
ter,धरती
vir,पुरुष
voj,रास्ता
afer,व्यापार
amik,मित्र
form,आकार
kamp,मैदान
land,देश
mond,दुनिया
naci,राष्ट्र
patr,पिता
temp,समय
vort,शब्द
flank,पार्श्व
infan,बच्चा
patr/in##,patr/in##
ĉambr,कमरा
sinjor,श्रीमान्
akv,जल
arb,पेड़
art,कला
dom,घर
edz,पति
fil,पुत्र
har,बाल
hor,घंटा
lit,बिस्तर
mar,समुद्र
mon,धन
mur,दीवार
pac,शांति
pec,टुकड़ा
sun,सूर्य
urb,शहर
bild,चित्र
bird,पक्षी
buŝ,मुख
frat,भाई
hejm,घर
knab,लड़का
kort,आँगन
libr,पुस्तक
mont,पर्वत
okul,आंख
part,भाग
pied,पैर
pord,दरवाज़ा
rajt,अधिकार
tabl,मेज
vent,हवा
vest,कपड़े
fingr,उंगली
frukt,फल
kolor,रंग
leter,पत्र
lingv,भाषा
maten,सुबह
popol,जनता
punkt,बिंदु
rimed,साधन
valor,मूल्य
ĉeval,घोड़ा
famili,परिवार
fraŭl,अविवाहित
person,व्यक्ति
semajn,सप्ताह
vesper,शाम
vizaĝ,चेहरा
fenestr,खिड़की
aer,हवा
aĝ,उम्र
cel,लक्ष्य
fer,लोहा
ide,विचार
kat,बिल्ली
kol,गरदन
mez,मध्य
naz,नाक
nub,बादल
ord,क्रम
pan,रोटी
roz,गुलाब
best,जानवर
bord,किनारा
brak,बांह
dent,दांत
fajr,आग
fiŝ,मछली
flor,फूल
glas,गिलास
hund,कुत्ता
korp,शरीर
lakt,दूध
lign,लकड़ी
lini,रेखा
mark,चिह्न
neĝ,बर्फ
nokt,रात
onkl,चाचा
orel,कान
plum,पंख
pluv,बारिश
rond,गोल
sang,खून
seĝ,कुर्सी
spec,प्रकार
stat,स्थिति
supr,ऊपर
ŝip,जहाज
vitr,काँच
angul,कोना
daŭr,निरंतरता
dolor,दर्द
gazet,अखबार
kaŭz,कारण
kutim,आदत
minut,मिनट
monat,महीना
natur,प्रकृति
nombr,संख्या
paper,कागज
plank,फर्श
river,नदी
somer,गर्मी
staci,स्टेशन
strat,सड़क
suker,चीनी
ŝton,पत्थर
vagon,डिब्बा
veter,मौसम
vintr,सर्दी
aŭtun,पतझड़
ĉapel,टोपी
direkt,दिशा
kolekt,संग्रह
moment,क्षण
plezur,आनंद
vilaĝ,गाँव
ekzempl,उदाहरण
ĝarden,बगीचा
histori,इतिहास
printemp,वसंत
bov,गाय
ink,स्याही
kaf,कॉफ़ी
kok,मुर्गा
kuk,केक
kuz,चचेरा
lag,झील
lim,सीमा
lun,चंद्र
maj,मई
pak,पैक
sak,थैला
sum,योग
tru,छेद
vin,वाइन
anim,आत्मा
azen,गधा
benk,बेंच
dors,पीठ
foli,पत्ता
font,स्रोत
fund,नींव
genu,घुटना
gren,अनाज
grup,समूह
herb,घास
juli,जुलाई
juni,जून
kart,कार्ड
klas,वर्ग
korb,टोकरी
kruc,क्रूस
krur,टांग
lang,जीभ
leĝ,कानून
lund,सोमवार
mard,मंगलवार
mart,मार्च
ofic,पद
ombr,छाया
paĝ,पृष्ठ
pork,सुअर
poŝ,जेब
radi,रेडियो
reĝ,राजा
senc,अर्थ
stel,तारा
ŝaf,भेड़
verk,रचना
voĉ,आवाज़
adres,पता
april,अप्रैल
brust,सीना
buter,मक्खन
donac,उपहार
glaci,बर्फ
kuler,चम्मच
mastr,मालिक
muzik,संगीत
numer,संख्या
poŝt,डाक
prunt,उधार
sabat,शनिवार
ŝtat,राज्य
ŝtup,सीढ़ी
teler,थाली
terur,भय
vapor,भाप
insekt,कीट
januar,जनवरी
ĵaŭd,गुरुवार
kovert,लिफाफा
krajon,पेंसिल
manier,तरीका
objekt,वस्तु
oktobr,अक्टूबर
plafon,छत
region,क्षेत्र
religi,धर्म
spirit,आत्मा
arĝent,चाँदी
danĝer,खतरा
decembr,दिसंबर
dimanĉ,रविवार
februar,फरवरी
horloĝ,घड़ी
merkred,बुधवार
novembr,नवंबर
produkt,उत्पादन
vendred,शुक्रवार
septembr,सितंबर
bar,रुकावट
bek,चोंच
fak,विशेषज्ञता
fum,धुआँ
gas,गैस
gut,बूंद
jak,कोट
kel,तहखाना
kuv,बड़ी बाल्टी
lip,होंठ
nep,पोता
nev,भतीजा
not,टिप्पणी
ole,तेल
ond,लहर
ost,हड्डी
par,जोड़ा
pom,सेब
pot,घड़ा
rad,पहिया
ret,जाल
sal,नमक
sap,साबुन
sem,बीज
sud,दक्षिण
sup,सूप
ŝu,जूता
tas,कप
tol,कपड़ा
tuk,कपड़ा
ung,नाखून
val,घाटी
vic,पंक्ति
barb,दाढ़ी
bros,ब्रश
fakt,तथ्य
flag,झंडा
fork,कांटा
forn,भट्टी
gast,अतिथि
gras,वसा
kapr,बकरी
karb,कोयला
kest,डिब्बा
korn,सींग
krim,अपराध
lamp,लैंप
mebl,फर्नीचर
mien,चेहरा
muŝ,मक्खी
nord,उत्तर
past,आटा
pilk,गेंद
pint,नोक
polv,धूल
pont,पुल
prez,कीमत
rand,किनारा
regn,राज्य
seri,श्रृंखला
sign,संकेत
sort,भाग्य
spic,मसाला
vang,गाल
vost,पूंछ
vund,घाव
botel,बोतल
buton,बटन
cifer,अंक
faden,धागा
frunt,माथा
haŭt,त्वचा
honor,सम्मान
insul,द्वीप
kajer,कॉपी
kamen,अंगीठी
legom,सब्जी
liter,अक्षर
metal,धातु
pingl,सुई
polic,पुलिस
polur,चमक
premi,इनाम
regul,नियम
sezon,ऋतु
ŝanc,भाग्य
ŝnur,रस्सी
tabul,तख़्ता
viand,मांस
baston,छड़ी
branĉ,शाखा
ĉemiz,कमीज़
doktor,डॉक्टर
kravat,टाई
lecion,पाठ
maŝin,मशीन
milion,लाख
najbar,पड़ोसी
parenc,रिश्तेदार
publik,जनता
scienc,विज्ञान
sekret,गुप्त
skatol,डिब्बा
soldat,सैनिक
spegul,दर्पण
ŝarĝ,भार
ŝrank,अलमारी
tualet,शौचालय
ĉapitr,अध्याय
fromaĝ,पनीर
kondiĉ,शर्त
praktik,व्यवहार
serpent,साँप
ŝtrump,मोज़ा
tegment,छत
telefon,फोन
industri,उद्योग
kilogram,किलोग्राम
okcident,पश्चिम
pantalon,पैंट्स
abi,देवदार
agl,गरुड़
ber,बेरी
bot,जूता
bul,गोला
dat,तारीख
glu,गोंद
jup,स्कर्ट
kav,गुफा
lan,ऊन
led,चमड़ा
mod,फैशन
mor,रीति-रिवाज
pin,पाइन
pip,पाइप
piz,मटर
put,कुआँ
rel,रेल
riz,चावल
rok,चट्टान
suk,रस
tem,विषय
tub,नली
tur,टॉवर
vat,रुई
vaz,बर्तन
zon,पट्टा
arme,सेना
bank,बैंक
bien,जायदाद
bier,बीयर
bret,शेल्फ
brik,ईंट
cikl,चक्र
ĉap,टोपी
drat,तार
epok,युग
fask,गुच्छा
feri,छुट्टी
film,फिल्म
flam,आग
flos,बेड़ा
fojn,घास
fulm,बिजली
glob,गोलक
grad,स्तर
gust,स्वाद
kadr,फ्रेम
krem,क्रीम
kurb,वक्र
kurs,पाठ्यक्रम
larm,आँसू
leon,सिंह
litr,लीटर
luks,शानदार
meti,काम
metr,मीटर
najl,कील
nest,घोंसला
pajl,फूस
plac,चौक
plad,थाली
plan,योजना
poet,कवि
pugn,मुट्ठी
ring,अंगूठी
sabl,रेत
scen,दृश्य
skal,पैमाना
soci,समाज
spac,अंतरिक्ष
stal,अस्थबल
task,कार्य
tomb,कब्र
verm,कीड़ा
vers,कविता
viol,बनफशा
agord,समायोजन
balon,गुब्बारा
bilet,टिकट
burĝ,मध्यमवर्गीय
centr,केंद्र
etaĝ,मंज़िल
farun,आटा
figur,आकृति
frost,कड़ाके की ठंड
gorĝ,गला
grund,मिट्टी
haven,बंदरगाह
hotel,होटल
humor,मिजाज
karot,गाजर
katar,जुकाम
kling,धार
koton,कपास
kvant,मात्रा
lepor,खरगोश
makul,दाग
manik,आस्तीन
membr,सदस्य
mizer,दुखी
nebul,धुंध
organ,अंग
parti,पक्ष
pastr,पादरी
radik,जड़
serur,ताला
solid,ठोस
sonor,ध्वनि
strek,रेखा
ŝvit,पसीना
tabak,तंबाकू
tabel,सूची
titol,शीर्षक
tondr,गर्जन
valiz,सूटकेस
ventr,पेट
alumet,माचिस
aparat,यंत्र
brasik,गोभी
citron,नींबू
ĉifon,चिथड़ा
dekliv,ढलान
dezert,रेगिस्तान
elektr,बिजली
energi,ऊर्जा
fianĉ,मंगेतर
hirund,निगलपक्षी
kelner,वेटर
kvalit,गुण
majstr,उस्ताद
mantel,कपड़ा
martel,हथौड़ा
matrac,गद्दा
menton,ठोड़ी
oranĝ,संतरा
origin,मूल
potenc,शक्ति
salajr,वेतन
sekund,सेकंड
societ,समाज
stomak,पेट
ŝultr,कंधा
tapiŝ,कालीन
tritik,गेहूँ
aventur,साहस
cigared,सिगरेट
distanc,दूरी
embaras,परेशानी
kamarad,साथी
kaserol,पतीला
komitat,समिति
kongres,सम्मेलन
kvadrat,वर्ग
magazen,गोदाम
pasport,पासपोर्ट
politik,राजनीति
registr,पंजीकरण
ter/pom##,ter/pom##
akcident,दुर्घटना
aŭtobus,बस
aŭtomat,स्वचालित
ĉokolad,चॉकलेट
direktor,प्रबंधक
instinkt,सहजता
karakter,स्वभाव
kaŭĉuk,रबर
material,सामग्री
standard,ध्वज
telegraf,टेलीग्राफ
restoraci,रेस्टोरेंट
ark,धनुष
baz,आधार
beb,शिशु
bub,शैतान
bud,झोंपड़ी
fel,खाल
hok,कांटा
huf,खुर
jur,कानून
kas,तिजोरी
kin,सिनेमा
kom,अल्पविराम
kot,गंदगी
lup,भेड़िया
mam,स्तन
map,नक्शा
min,खदान
mus,चूहा
net,साफ
nod,गाँठ
orf,अनाथ
ort,समकोण
pat,तवा
pil,बैटरी
pir,नाशपाती
pup,गुड़िया
rat,चूहा
rip,पसली
rob,पोशाक
tip,प्रकार
ton,स्वर
urs,भालू
var,वस्तु
vel,पाल
vit,अंगूर
abel,मधुमक्खी
aŭt,कार
bluz,ब्लाउज
boat,नाव
brov,भौंह
cerb,मस्तिष्क
ĉek,चेक
ĉen,जंजीर
disk,डिस्क
dram,नाटक
drap,कपड़ा
duŝ,शावर
ezok,पाइक
farb,रंग
febr,बुखार
fend,दरार
foir,बाज़ार
fost,खंभा
frag,स्ट्रॉबेरी
fulg,कालिख
funt,पाउंड
gant,दस्ताने
geni,प्रतिभा
glor,महिमा
golf,खाड़ी
hajl,ओले
hero,वीर
kemi,रसायन
kord,तार
kork,कॉर्क
krad,जाली
kran,नल
kret,चाक
kriz,संकट
kron,मुकुट
kugl,गोली
kupr,तांबा
lift,लिफ्ट
list,सूची
mast,मस्तूल
nadl,सुई
nerv,नस
oliv,जैतून
park,पार्क
pasi,जोश
pask,ईस्टर
pelt,खाल
plet,ट्रे
poem,कविता
proz,गद्य
pulm,फेफड़ा
pulv,बारूद
rang,पद
revu,पत्रिका
ritm,लय
seks,लिंग
sens,इंद्रिय
silk,रेशम
simi,बंदर
sojl,दहलीज
stil,शैली
stri,धारीदार
ŝel,छिलका
tend,तंबू
verb,क्रिया
verg,छड़ी
vert,सिर
vidv,विधुर
virt,पुण्य
vual,घूंघट
vulp,लोमड़ी
afiŝ,पोस्टर
album,एल्बम
almoz,भीख
arane,मकड़ी
asoci,संगठन
avenu,सड़क
aviad/il##,aviad/il##
barel,बैरल
bazar,बाज़ार
betul,बर्च
brems,ब्रेक
butik,दुकान
detal,विस्तार
diabl,शैतान
emoci,भावना
enigm,पहेली
esenc,मूल तत्व
faŭk,जबड़ा
fizik,भौतिकी
framb,रसभरी
grajn,अनाज
ĥemi,रसायन
ideal,आदर्श
juvel,गहना
katen,जंजीर
kitel,कमीज़
kruĉ,जग
krust,पपड़ी
kubut,कोहनी
kukol,कोयल
kverk,ओक
lamen,परत
marĉ,दलदल
metod,तरीका
model,मॉडल
motor,इंजन
nivel,स्तर
palac,महल
panj,माँ
penik,पेंटब्रश
pioĉ,कुदाली
plumb,सीसा
poezi,कविता
salon,बैठक
saŭc,चटनी
sitel,बाल्टी
sklav,ग़ुलाम
sport,खेल
stamp,मुद्रा
stang,डंडा
stump,ठूंठ
ŝtal,इस्पात
ŝtof,कपड़ा
teatr,थियेटर
teori,सिद्धांत
teren,भूमि
trajn,रेलगाड़ी
trajt,लक्षण
trunk,तना
venen,ज़हर
veŝt,चोली
abomen,घृणा
anĝel,देवदूत
animal,जानवर
apetit,भूख
apotek,दवा दुकान
benzin,पेट्रोल
bicikl,साइकिल
bombon,मिठाई
cement,सीमेंट
ĉeriz,चेरी
desert,मिठाई
fabrik,कारखाना
financ,वित्तीय
funebr,शोक
funkci,कार्य
garaĝ,गैरेज
imperi,साम्राज्य
impost,कर
impres,प्रभाव
kalkan,एड़ी
kalson,अंडरवियर
kamion,ट्रक
kandel,मोमबत्ती
kanzon,गीत
kastel,किला
klient,ग्राहक
kol/um##,kol/um##
kurten,पर्दा
mandat,आदेश
mister,रहस्य
moskit,मच्छर
muskol,मांसपेशी
ombrel,छाता
paĉj,पापा
parfum,सुगंध
patron,संरक्षक
petrol,तेल
posten,पद
pozici,स्थान
proces,मुकदमा
profit,लाभ
proviz,भंडार
pulvor,पाउडर
recept,विधि
rekord,रिकॉर्ड
rezerv,आरक्षित
signal,संकेत
sistem,प्रणाली
surfac,सतह
ŝofor,चालक
tajlor,दर्जी
trezor,खजाना
trikot,बुनाई
vakcin,टीका
advokat,वकील
alkohol,शराब
ampleks,आकार
broŝur,पुस्तिका
bulvard,बुलेवार्ड
deficit,घाटा
ekonomi,अर्थव्यवस्था
elefant,हाथी
ĵurnal,अखबार
kabinet,मंत्रिमंडल
kapital,पूंजी
koncert,संगीत-प्रस्तुति
krepusk,धुंधलका
kvartal,क्षेत्र
miliard,अरब
pejzaĝ,दृश्य
problem,समस्या
profesi,व्यवसाय
simpati,सहानुभूति
student,छात्र
ŝraŭb,पेंच
tempest,तूफ़ान
traktor,ट्रैक्टर
tri/angul##,tri/angul##
trotuar,पैदलपथ
adjektiv,विशेषण
dekoraci,सजावट
ekvilibr,संतुलन
esperant,उम्मीद
hospital,अस्पताल
intelekt,बुद्धि
kalendar,कैलेंडर
kilometr,किलोमीटर
komision,आयोग
meĥanik,यांत्रिक
milimetr,मिलीमीटर
original,मूल
pretekst,बहाना
struktur,संरचना
telegram,टेलीग्राम
tribunal,अदालत
bibliotek,पुस्तकालय
fundament,आधार
inĝenier,अभियंता
konferenc,सम्मेलन
konscienc,अंतरात्मा
literatur,साहित्य
meĥanism,यंत्र
rekompenc,इनाम
respublik,गणराज्य
sekretari,सचिव
apartament,फ्लैट
aŭtomobil,कार
aŭtoritat,प्राधिकरण
instrument,उपकरण
medikament,दवा
temperatur,तापमान
cirkonstanc,परिस्थिति
eksperiment,प्रयोग
mal/varm/um##,mal/varm/um##
ajl,लहसुन
akn,मुँहासे
aks,धुरी
akt,कृती
ale,पथ
alg,शैवाल
apr,जंगली सूअर
azi,एशिया
bal,नृत्य
bet,चुकंदर
buk,बक्ला
cep,प्याज
cir,पॉलिश
dot,दहेज
eĥ,गूंज
fab,फवा
fac,चेहरा
fag,बुना
fig,अंजीर
gal,पित्त
gru,सारस
gum,रबर
hal,हॉल
jug,जुआ
kal,कठोरता
kaz,मामला
kub,घन
lad,टिन
lak,लाह
lap,बर्डॉक
lin,अलसी
lot,लॉटरी
luk,खिड़की
mas,ढेर
mat,शह-मात
nuk,गरदन
pap,पोप
pav,मोर
pig,कसकसकी
pus,मवाद
ran,मेंढक
ren,गुर्दा
rib,करंट
rim,तुकबंदी
rol,भूमिका
ros,ओस
sag,तीर
sin,गोद
ski,स्की
sof,सोफा
tig,डंठल
tuf,गुच्छा
tun,टन
vip,चाबुक
akci,शेयर
atom,परमाणु
aven,जई
bant,गांठ
bark,नाव
bask,बास्क
bend,पट्टी
blok,खंड
bors,शेयर बाजार
bovl,कटोरा
brid,लगाम
brut,पशु
bukl,घुंघराले
bulb,बल्ब
bulk,रोल
cerv,हिरण
cign,हंस
ĉel,कोशिका
dand,फैशनेबल
diet,आहार
dorn,काँटा
etap,चरण
etat,विवरण
feĉ,कसरा
felt,फेल्ट
frak,फ्रॉक
fraz,वाक्य
fung,कवक
garb,गुच्छा
gent,वंश
glav,तलवार
gobi,मछली
gram,ग्राम
greg,झुंड
grip,फ्लू
grot,गुफा
gudr,डामर
ĝib,कूबड़
heĝ,झाड़ी
himn,भजन
ĥor,गायन समूह
kaĉ,दलिया
kaĝ,पिंजरा
kaka,कोकोआ
kakt,कैक्टस
karn,मांस
karp,मछली
kejl,खूँटी
kern,केंद्र
klub,क्लब
korv,कौआ
kosm,ब्रह्मांड
kult,पूजा
laĉ,फीता
lard,बेकन
larv,लार्वा
lice,हाई स्कूल
likv,तरल
lili,लिली
maiz,मक्का
malv,मालोव
mens,मन
menu,मेनू
miel,शहद
musk,काई
muze,संग्रहालय
nuks,अखरोट
oper,ओपेरा
oval,अंडाकार
palm,खजूर
palt,कोट
pane,विफलता
perl,मोती
pian,पियानो
pice,स्प्रूस
pipr,कालीमिर्च
plag,आपदा
prun,आलूबुखारा
pudr,पाउडर
punt,लेस
raci,विवेक
rent,आय
ruin,खंडहर
rust,जंग
situ,स्थिति
sled,स्लेज़
sorg,ज्वार
spik,बाल
spur,निशान
stan,टिन
sulk,खांचा
takt,ताल
tali,कमर
tigr,बाघ
tort,पेस्ट्री
tram,ट्राम
trup,दल
vaks,मोम
vejn,शिरा
vesp,ततैया
vind,पट्टी
zink,जस्ता
afrik,अफ्रीका
agent,एजेंट
akord,सहमति
akrid,टिड्डा
aktor,अभिनेता
alarm,चेतावनी
ampol,बल्ब
angil,बाम मछली
anser,हंस
artik,जोड़
bacil,बेसिलस
bambu,बाँस
banan,केला
brand,ब्रांडी
bronz,कांस्य
buked,गुच्छा
cigar,सिगार
cikad,झींगुर
cinam,दालचीनी
cindr,राख
cirkl,वृत्त
civit,नगरपालिका
ĉerk,ताबूत
debet,ऋण
diant,कार्नेशन
dogan,सीमा शुल्क
efekt,प्रभाव
ekran,स्क्रीन
emajl,एनामेल
event,घटना
fabel,परिकथा
fasad,मुखभाग
fason,कटाई
fluid,तरल
fotel,आरामकुर्सी
front,सामना
funel,कीप
ĝerm,अंकुर
hepat,यकृत
horde,जौ
infer,नरक
ironi,व्यंग्य
kaban,झोंपड़ी
kahel,टाइल
kajut,केबिन
kamel,ऊँट
kanal,नहर
kankr,कर्करोग
karaf,डिकैन्टर
kokos,नारियल
krani,खोपड़ी
krest,कलगी
kukum,खीरा
kupon,कूपन
kusen,तकिया
latun,पीतल
laŭb,गज़ेबो
lekci,व्याख्यान
lesiv,साबुन
limak,कछुआ
logik,तर्क
lotus,कमल
melon,खरबूजा
moral,नैतिकता
muzel,थूथन
nilon,नायलॉन
ocean,महासागर
palat,तालु
palis,खूंटा
papag,तोता
paser,गौरैया
pensi,पेंशन
peron,सीढ़ी
pilot,पायलट
pland,पैरतल
plast,प्लास्टिक
porci,हिस्सा
princ,राजकुमार
pupil,पुतली
rabat,छूट
rafan,मूली
raŭp,इल्ली
resum,सारांश
rimen,पट्टा
roman,उपन्यास
salat,सलाद
salik,विलोवृक्ष
satir,व्यंग्य
sciur,गिलहरी
sekal,राई
sekci,भाग
senat,सीनेट
split,टुकड़ा
spong,स्पंज
stadi,चरण
statu,मूर्ति
sterk,खाद
strig,उल्लू
strut,शुतुरमुर्ग
ŝink,हैम
ŝtip,लकड़ी
tapet,वॉलपेपर
tarif,शुल्क सूची
tegol,छत टाइल
tekst,पाठ्य
teras,छत
tomat,टमाटर
tuber,गांठ
tunel,सुरंग
velur,मखमल
veruk,मस्सा
vezik,फोड़ा
volum,पुस्तक
adverb,क्रिया-विशेषण
akcent,ज़ोर
alaŭd,लार्क
amator,शौकिया
amerik,अमेरिका
arteri,धमनी
asfalt,डामर
aŭtor,लेखक
barbir,नाई
buĝet,बजट
bulten,समाचार पत्रिका
cikatr,दाग
cikoni,सारस
cirkel,कंपास
daktil,खजूर
dialog,संवाद
ego/ist##,ego/ist##
eklezi,गिरजाघर
emerit,सेवानिवृत्त
eŭrop,यूरोप
fajenc,मिट्टी के बर्तन
fazeol,फली
fontan,फव्वारा
formik,चींटी
formul,सूत्र
fripon,धोखेबाज़
furaĝ,चारा
galoŝ,ओवरशू
gvardi,रक्षक दल
ĝemel,जुड़वाँ
hangar,हैंगर
haring,मछली
hazard,संयोग
hektar,हेक्टेयर
herold,सूचना
higien,स्वच्छता
impuls,प्रेरणा
insign,बैज
intest,आंत
jubile,उत्सव
karton,गत्ता
kasked,टोपी
kavern,गुफा
kirurg,शल्यक
klimat,जलवायु
klinik,क्लिनिक
kolegi,कॉलेज
kolomb,कबूतर
kolumn,स्तंभ
komedi,हास्य
konsul,कौंसल
konval,लिली
kornik,कौवा
kostum,पोशाक
kredit,उधार
kukurb,कद्दू
kunikl,खरगोश
kurent,विद्युत्
lacert,छिपकली
licenc,अनुमति
maleol,टखना
materi,पदार्थ
mirtel,ब्लूबेरी
monstr,राक्षस
oficir,अधिकारी
orator,वक्ता
papili,तितली
pendol,झूल
period,अवधि
persik,आड़ू
pionir,अग्रणी
planed,ग्रह
platan,चिनार
plural,बहुवचन
profet,भविष्यवक्ता
prolet,श्रमिक
pronom,सर्वनाम
reakci,प्रतिक्रिया
reĝim,शासन
rivolu,क्रांति
ruband,फीता
skorpi,बिच्छू
spinac,पालक
stamen,पुंकेसर
statur,कद
surtut,कोट
ŝakal,गीदड़
ŝaŭm,फेन
teknik,तकनीक
testud,कछुआ
torent,तेज़धारा
trafik,यातायात
tumult,उपद्रव
turism,पर्यटन
turist,पर्यटक
vertic,शिखर
viktim,बलि
violon,वायलिन
vulkan,ज्वालामुखी
vultur,गिद्ध
abrikot,खुबानी
akademi,अकादमी
alfabet,वर्णमाला
alumini,एल्यूमिनियम
ambasad,दूतावास
anekdot,किस्सा
apertur,छिद्र
apostol,शिष्य
asemble,सभा
bagatel,तुच्छ
bakteri,बैक्टीरिया
bandaĝ,पट्टी
bifstek,स्टेक
budĝet,बजट
burĝon,कली
central,केंद्रीय
cirkvit,सर्किट
ĉar/um##,ĉar/um##
dimensi,आयाम
ekvator,भूमध्यरेखा
element,तत्व
epidemi,महामारी
fantazi,कल्पना
fenomen,घटना
gelaten,जेलाटिन
general,जनरल
girland,माला
harmoni,सामंजस्य
instanc,अधिकृत
invalid,विकलांग
kaldron,बड़ा बर्तन
kaŝtan,चेस्टनट
katalog,सूची
kirurgi,शल्य-चिकित्सा
kolonel,कर्नल
komisar,आयुक्त
kompani,कंपनी
koncept,धारणा
konkord,सहमति
konkurs,प्रतियोगिता
koridor,गलियारा
kristal,क्रिस्टल
lantern,लालटेन
latitud,अक्षांश
medicin,चिकित्सा
mineral,खनिज
minimum,न्यूनतम
ministr,मंत्री
obstakl,बाधा
orkestr,ऑर्केस्ट्रा
pacifik,प्रशांत महासागर
palpebr,पलक
pantofl,चप्पल
paradiz,स्वर्ग
paralel,समानांतर
plastik,मूर्तिकला
portret,चित्र
princip,सिद्धांत
program,प्रोग्राम
projekt,योजना
proverb,कहावत
provinc,प्रांत
rendevu,मुलाकात
sin/ten##,sin/ten##
situaci,स्थिति
stadion,स्टेडियम
subjekt,विषय
teĥnik,तकनीक
tendenc,रुझान
tinktur,रंग
tradici,परंपरा
tragedi,त्रासदी
traktat,संधि
trumpet,तुरही
uniform,वर्दी
vegetal,पौधा
viadukt,पुल
volumen,आयतन
zoologi,प्राणिविज्ञान
atlantik,अटलांटिक महासागर
avantaĝ,लाभ
bracelet,कंगन
cirkuler,परिपत्र
dokument,दस्तावेज़
federaci,संघ
generaci,पीढ़ी
geografi,भूगोल
gramatik,व्याकरण
ĝendarm,पुलिस
horizont,क्षितिज
individu,व्यक्ति
kandidat,उम्मीदवार
karnaval,मेला
kategori,श्रेणी
komun/um##,komun/um##
krokodil,मगर
longitud,देशांतर
maksimum,अधिकतम
marmelad,जाम
monument,स्मारक
paraŝut,पैराशूट
pasaĝer,यात्री
pland/um##,pland/um##
porcelan,चीनी मिट्टी
procent,प्रतिशत
profesor,प्रोफेसर
radiator,रेडिएटर
regiment,रेजिमेंट
rekt/angul##,rekt/angul##
sandviĉ,सैंडविच
sindikat,यूनियन
singular,एकवचन
specimen,नमूना
spektakl,प्रदर्शन
substanc,पदार्थ
teritori,क्षेत्र
vertikal,खड़ा
ambasador,राजदूत
aŭstrali,ऑस्ट्रेलिया
centimetr,सेंटीमीटर
ekspozici,प्रदर्शनी
inspektor,निरीक्षक
kalkan/um##,kalkan/um##
konfidenc,गोपनीयता
lokomotiv,इंजन
matematik,गणित
metalurgi,धातुकर्म
ministeri,मंत्रालय
najtingal,बुलबुल
ortografi,वर्तनी
parlament,संसद
proletari,प्रोलेटेरियट
propozici,वाक्य
psikologi,मनोविज्ञान
suplement,पूरक
termometr,थर्मामीटर
elektronik,इलेक्ट्रॉनिक
helikopter,हेलीकॉप्टर
horizontal,क्षैतिज
komplement,पूरक
konsekvenc,परिणाम
konstituci,संविधान
laboratori,प्रयोगशाला
leŭtenant,लेफ्टिनेंट
mediterane,भूमध्यसागर
substantiv,संज्ञा
universitat,विश्वविद्यालय
s-ro##,s-ro##
s-ino##,s-ino##
sinjor/in##,sinjor/in##
alk,मूस
aln,ऐल्डर पेड़
ann,अन्ना
bed,बागान
boa,अजगर
buf,मेंढक
cim,बग
col,इंच
dam,रानी
dig,बांध
duk,ड्यूक
fav,दाद
fok,सील
fut,फुट
gad,कॉड
gam,पैमाना
gri,दलिया
guf,उल्लू
huz,सफेद मछली
kan,गन्ना
ken,राल-लकड़ी
ker,दिल
kil,कील
kuf,टोपी
kul,मच्छर
kup,प्याली
laf,लावा
lir,वीणा
lod,औंस
lol,राई घास
mac,रोटी
mel,बेजर
mes,मिसा
mev,गुल्ल
muf,मफ़्लर
muk,बलगम
mul,खच्चर
nap,शलगम
peg,कठफोड़वा
pol,पोलिश
pul,पिस्सू
rap,शलगम
rif,चट्टानें
rod,घाट
rot,दल
rub,मलबा
rum,रम
rus,रूसी
seb,चरबी
sel,काठी
tez,निबंध
tul,ट्यूल
ulm,नीम
uln,हाथ की लंबाई
unc,औंस
urn,कलश
vil,बाल
abat,अभयाध्यक्ष
acer,मैपल
akar,कीड़ा
alte,हिबिस्कस
alun,फिटकरी
amel,स्टार्च
anas,बतख
angl,अंग्रेज़
aniz,सौंफ
ankr,लंगर
arĉ,धनुष
arde,बगुला
aren,अखाड़ा
atut,ब्रह्मास्त्र
avel,हेज़लनट
aviz,सूचना
azot,नाइट्रोजन
bast,भीतरी छाल
bert,बेल्टा
blat,तिलचट्टा
bram,ब्रीम
bran,चोकर
burd,भौंरा
cedr,देवदार
citr,सितार
ĉam,चमड़ा
ĉan,ट्रिगर
dogm,सिद्धांत
drak,ड्रैगन
drog,दवा
ebon,काला लकड़ी
eter,ईथर
fabl,कहानी
falk,बाज़
fibr,रेशा
flan,पेस्ट्री
flok,टुकड़ा
flut,बांसुरी
fraj,अंडे
ftiz,टीबी
gajl,पित्तकाष्ठ
gips,प्लास्टर
glan,बलूत
glim,चमक
graf,काउंट
gril,झींगुर
gros,आंवला
gurd,हाथऑर्गन
ibis,इबिस
idol,मूर्ति
kalk,चूना
kand,मिठाई
kard,थिसल
karo,ताश-हीरा
kask,हेलमेट
kaze,दही
kegl,किल्ली
klap,फ्लैप
klav,कुंजी
kluz,जलद्वार
kojn,खूँटा
koks,कूल्हा
konk,शंख
kren,वसाबी
krep,क्रेप
krop,फसल
krup,कृप
lake,नौकर
laks,दस्त
legi,सेना
lent,मसूर
lepr,कोढ़
lian,लता
lien,प्लीहा
link,लिंक्स
liut,वीणा
lojt,बौरबोट
lorn,दूरबीन
lumb,कमर
lutr,ऊदबिलाव
magi,जादू
mana,मन्ना
mari,मरियम
mask,मुखौटा
maŝ,गांठ
meĉ,बत्ती
mejl,मील
ment,पुदीना
merl,काला पक्षी
mesi,मसीहा
mili,बाजरा
mirh,मिर्र
mirt,मिर्टल
misi,मिशन
mops,पग
most,रस
niĉ,कोना
omar,लॉब्स्टर
opal,ओपल
ostr,सीप
paru,चिड़िया
peĉ,पिच
pelv,तसला
perk,पर्च मछली
pest,महामारी
petr,पेत्रो
pini,पाइन
pips,पक्षीरोग
plik,चोटी
plot,रोच
popl,पोपर वृक्ष
pram,नौका
sakr,गाली
salm,सामन
sepi,सेपिया
sofi,सोफिया
sorp,नानाकामदो फल
spat,स्पार
spin,रीढ़
stab,अधिकारी
step,घासभूमि
stip,डंठल
stof,कपड़ा
stup,तौली
ŝak,शतरंज
ŝal,शॉल
ŝam,चमड़ा
taft,तफ़ता
talp,मोल
tetr,तीतर
tibi,टिबिया
tili,नीबू पेड़
tine,कीट
torf,पीट
trab,बीम
tref,ताशक्लब
tril,त्रिल
trip,अंतड़ी
trog,नांद
tron,सिंहासन
truf,कुकुरमुत्ता
trul,कौनी
trut,ट्राउट
turd,थ्रश
turk,तुर्क
turt,कबूतर
uter,गर्भाशय
ŭat,वाट
vafl,वाफल
vals,वॉल्ट्ज़
vekt,तराजू का डंडा
zebr,ज़ेब्रा
altar,वेदी
ambos,निहाई
anton,एंटन
ardez,स्लेट
argil,मिट्टी
aspid,अजगर
balen,व्हेल
barĉ,बोर्श्ट
boben,कुंडल
brank,गलफड़ा
bubal,भैंस
bufed,बुफे
cejan,नील फूल
dativ,दातिव
datur,धतूरा
demon,राक्षस
denar,डेनारियस
deviz,नारा
domen,डोमिनो
embri,भ्रूण
emili,एमिलिया
ermen,विज़न्याय
ermit,संन्यासी
facet,कटाव
fazan,तीतर
femur,जांघ
filik,फर्न
flegm,शांत
fokus,केंद्रबिंदु
franc,फ्रांसीसी
frank,फ्रैंक
fring,चिड़िया
galon,गैलून
gazel,गज़ेल
genot,जीनट
georg,जॉर्ज
gitar,गिटार
gland,ग्रंथि
groŝ,सिक्का
hebre,यहूदी
heder,लता
herez,विधर्म
herni,हर्निया
hirud,जोंक
hosti,रोटी
husar,हुस्सार
ĥaos,अराजकता
idili,सुखदृश्य
johan,जॉन
jozef,यूसुफ
kalik,प्याला
kambi,विनिमय-पत्र
kamer,कक्ष
kanab,भांग
kanap,सोफ़ा
kapel,चैपल
kapon,बधीकुक्कुट
kapor,कपूरबुश
kapot,टोपी
karas,क्रूशियनकार्प
karob,चरोब
katun,कपास
kerub,केरूब
kiras,कवच
klaft,फैदम
kloŝ,घंटी-ढक्कन
koaks,कोक्स
koleg,सहकर्मी
kolon,स्तंभ
komiz,क्लर्क
komod,अलमारी
konus,शंकु
kopek,कोपेक
koran,क़ुरान
kramp,क्लैम्प
kring,रिंग-रोटी
krisp,लहरदार
krist,मसीह
kupol,गुंबद
kvarc,क्वार्ट्ज
kvart,चौथा
lanug,रोम
laŭr,तेजपत्ता
libel,ड्रैगनफ्लाई
liken,लाइकेन
livre,वर्दी
loĝi,लॉज
lupol,हॉप्स
lustr,झूमर
luter,लूथर
medal,पदक
meriz,जंगली चेरी
moned,कौवा
morus,शहतूत
moŝt,माननीय
negoc,व्यापार
nobel,अभिजात
novic,नवसिखुआ
nuanc,छाया
oblat,सील
okzal,खट्टा पौधा
orden,पदक
orgen,पाइप ऑर्गन
paĝi,पृष्ठपालक
papav,पोस्ता
pariz,पेरिस
paŭl,पाउल
pavim,फर्श
pedik,जूं
perĉ,रफ मछली
piked,पहरेदार
pilol,गोली
pirit,पाइराइट
pirol,बुलफिंच
piroz,सीने की जलन
piŝt,पिस्टन
pluŝ,मुलायम कपड़ा
poent,अंक
pokal,प्याला
polus,ध्रुव
potas,पोटाश
prujn,पाला
pudel,पूडल
pumik,प्यूमिस पत्थर
punĉ,पंच
putor,नेवला
raben,रब्बी
rapir,तलवार
regol,पक्षी
rezin,राल
rostr,सूंड
ruben,माणिक
safir,नीलम
salvi,सेज
sigel,सील
silab,अक्षर
silik,चकमक पत्थर
silur,नमाज़
silvi,गौरैया
sirop,शरबत
skabi,खुजली
skadr,दस्ता
skarp,स्कार्फ़
skvam,शल्क
sorik,छछूंदर
spion,जासूस
spron,उत्तेजक
stabl,स्टैंड
sturg,चौसार
sturn,मैना
ŝalm,बांसुरी
ŝark,सामुद्रिक
ŝelk,बेल्ट
ŝild,ढाल
ŝind,कपाट
ŝlim,कीचड़
taban,घोड़ा मक्खी
tavol,परत
tempi,कपाल
tetan,टेटनस
tetra,तीतर
timon,ड्रॉबार
topaz,टोपाज़
torĉ,मशाल
tromb,बवंडर
tulip,ट्यूलिप
ulcer,घाव
urtik,बिच्छू बूटी
vanil,वनीला
vasal,वफादार
velen,वेल्लम
verst,वेरस्ट
vezir,वज़ीर
vipur,सांप
vokal,स्वर
zenit,शीर्ष
zibel,नेवला
zizel,सुस्लिक
absces,फोड़ा
absint,नीमपत्ता
alcion,किंगफिशर
amfibi,उभयचर
ananas,अनानास
artrit,गठिया
atripl,ओराच
berlin,बर्लिन
bismut,बिस्मथ
boraks,बोराक्स
buljon,शोरबा
bulonj,बोलोन्य
buŝel,बुशल
centim,सेंटाइम
cikori,चिकोरी
cimbal,झांझ
cinabr,सिनाबर
cipres,सरूवृक्ष
ĉarpi,लिंट कपड़ा
damask,डमास्क कपड़ा
delfen,डॉल्फिन
didelf,पॉसम
embusk,घात
epolet,कंधेपट्टी
erinac,साही
ernest,एर्नेस्ट
eskadr,नौसैनिक दल
faktur,बिल
falbal,झालर
fantom,भूत
faring,गला
fenkol,सौंफ
ferdek,डेक
fistul,फिस्टुला
flanel,फ्लैनल
fosfor,फॉस्फोरस
franĝ,झालर
furunk,फोड़ा
fusten,फस्टियन
galeri,गैलरी
gamaŝ,गेटर
german,जर्मन
granat,अनार
granit,ग्रेनाइट
grenad,ग्रेनेड
grifel,कलम
ĝiraf,जिराफ
haladz,बदबू
hamstr,भंडारण
hispan,स्पेनी
ĥimer,मृगतृष्णा
ĥoler,कोलेरा
ingven,कूल्हा
izrael,इज़राइल
jasmen,जैस्मिन
kaleŝ,गाड़ी
kalvin,कैल्विन
kamfor,कपूर
kamlot,कपड़ा
kanajl,गुंडा
kanari,कनारी पक्षी
kantor,गायक
kanvas,कैनवास
kapsul,कैप्सूल
kapuĉ,हुड
kardel,सुनहरी चिड़िया
karmin,कारमाइन
karpen,हॉर्नबीम
kastor,बीवर
kaviar,कैवियार
kobalt,कोबाल्ट
kobold,भूत
kolbas,सॉसेज
kolibr,हमिंगबर्ड
kolimb,डाइवर पक्षी
kolubr,साँप
komuni,प्रभुभोज
kontor,कार्यालय
kontur,रूपरेखा
kornic,छज्जा
korpus,सेना-कोर्
koturn,बटेर
kraken,पटाखा
kratag,हॉथॉर्न
krater,ज्वालामुखीमुख
kronik,पुरालेख
kurier,संदेशवाहक
lampir,जुगनू
laring,कंठ
lavang,हिमस्खलन
legend,किंवदंती
lekant,गुलबहार
lentug,झाई
levkoj,गुलाबड़ी
likvor,लिकर
litani,लिटनी
london,लंदन
magnet,चुंबक
makzel,जबड़ा
mangan,मैंगनीज
markot,कलम
marmor,संगमरमर
marmot,मर्मोट
mastik,पुट्टी
migdal,बादाम
miogal,मस्क्रैट
miozot,वसरेनागुसा
monaĥ,भिक्षु
morbil,खसरा
morter,मोर्टार
muskat,जायफल
muslin,मसलीन
mustel,नेवला
nanken,नंकीन कपड़ा
narcis,नरगिस
nikola,निकोलस
notari,नोटरी
orakol,दिव्यवाणी
paletr,पैलेट
panter,तेंदुआ
parget,फर्श
paroĥ,परोक्ष
parter,भूतल
pastel,टैबलेट
patent,पेटेंट
patrol,गश्ती
pfenig,पफेनिग
pistak,पिस्ता
pistol,पिस्तौल
plastr,पट्टी
platen,प्लैटिनम
ponard,खंजर
porfir,斑岩
porter,काला बियर
primol,प्रिमरोज़
prunel,काला बेर
purpur,बैंगनी
rekrut,भर्ती
rempar,किलेबंदी
risort,स्प्रिंग
rosmar,वालरस
rozari,माला
rubrik,शीर्षक
safran,केसर
sambuk,बुजुर्ग पेड़
sankci,अनुमोदन
sardel,सार्डिन
sceptr,राजदंड
selakt,मट्ठा
servic,बर्तन सेट
servut,बंधुआ मजदूरी
siring,लाइलेक
skapol,कंधा
skarab,भृंग
skolop,लकड़ी का पक्षी
skurĝ,कोड़ा
sofism,कपटवाद
sopran,सोपारानो
spalir,पंक्ति
stefan,स्टीफन
sufiks,प्रत्यय
sukcen,कोहिनूर
sulfur,गंधक
talent,प्रतिभा
tambur,ढोल
tenden,मांसपेशी-बंधन
teodor,थियोडोर
termin,शब्द
testik,अंडकोष
timian,थाइम
tombak,पीतल
traĥe,श्वासनली
tremol,एस्पेन
tribun,मंच
tropik,उष्णकटिबंधीय
turban,पगड़ी
turkis,फ़िरोज़ा
turnir,प्रतियोगिता
urogal,ओरावन
variol,चेचक
viburn,गुलाबवृक्ष
vikari,विकर
vinagr,सिरका
vizier,वाइज़र
volupt,कामुकता
ablativ,अपादान
antimon,एंटीमनी
arleken,मसखरा
arsenik,अर्सेनिक
artifik,चाल
asparag,एस्पैरेगस
bajonet,बायोनेट
bastion,किला
beladon,बेलाडोना
biskvit,बिस्कुट
ĉampan,शैम्पेन
ĉarnir,काज
diamant,हीरा
episkop,बिशप
eŝafod,फांसी मंच
fraksen,राख का पेड़
frangol,काला डॉगवुड
fringel,सिस्किन
genitiv,संबंधकारक
henriet,हेनरिएटा
hidrarg,पारा
hiskiam,हिनबेन
histrik,साही
jugland,अखरोट
juniper,जुनिपर
kalikot,कैलिको
kamizol,कमीज़
kamomil,कैमोमिल
kapitan,कप्तान
kapitel,शीर्षक
kapreol,हिरन
kapucen,कपुचिन भिक्षु
karaben,कार्बाइन
kartoĉ,कारतूस
karusel,घूमता झूला
kavalir,शूरवीर
klarnet,क्लैरिनेट
klister,एनीमा
kokluŝ,कालीखांसी
kolofon,राल
kompres,पट्टी
kurator,संरक्षक
kvitanc,रसीद
leontod,डंडेलियन
leopard,तेंदुआ
limonad,नींबूपानी
lonicer,हनीसकल
ludovik,लुडविक
lunatik,पागल
maroken,मोरक्को चमड़ा
marŝal,मार्शल
meleagr,टर्की
membran,झिल्ली
miĥael,मिखाएल
monarĥ,राजा
mustard,सरसों
negliĝ,असज्जित
nikodem,निकोडेमस
novjork,न्यूयॉर्क
oksigen,ऑक्सीजन
oksikok,क्रैनबेरी
parazit,परजीवी
pasteĉ,पाई
pelikan,पेलिकन
perdrik,तीतर
poligon,बहुभुज
prefiks,उपसर्ग
redakci,संपादकीय
rinocer,गैंडा
salpetr,नाइटराइट
sentenc,सूक्ति
skarlat,गहरा लाल
skorbut,स्कर्वी
skrofol,स्क्रोफुला
smerald,पन्ना
sterled,स्टर्लेट
stertor,हांफना
ŝiller,शिलर
umbilik,नाभि
univers,ब्रह्मांड
varsovi,वारसॉ
verdigr,हरा जंग
vertebr,कशेरुका
vespert,चमगादड़
vestibl,प्रवेशद्वार
vilhelm,विलियम
virtuoz,उस्ताद
vitriol,तेजाब
zingibr,अदरक
akcipitr,बाज़
akuzativ,आरोपण
argument,तर्क
arĥaism,पुरातनता
artiŝok,आर्टिचोक
baldaken,छत्र
briliant,रत्न
diplomat,राजनयिक
distrikt,जिला
elizabet,एलिज़ाबेथ
fragment,खंड
framason,मासोनिक
frugileg,कौआ
hidrogen,हाइड्रोजन
hortulan,ओरटोलान पक्षी
institut,संस्थान
kantarid,भृंग
kariofil,लौंग
kartilag,उपास्थि
katarakt,मोतीबिंदु
koĉenil,कोचीनियल
kokcinel,गुबरैला
konvulsi,ऐंठन
leksikon,शब्दकोश
marcipan,मार्ज़ीपान
medalion,लॉकेट
monarĥi,राजतंत्र
obstrukc,रुकावट
paradoks,विरोधाभास
parentez,कोष्ठक
particip,क्रियाविशेषण
pasament,गोटा
pastinak,शलगम
pergamen,चर्मपत्र
peritone,पेरिटोनियम
perlamot,मोती
petromiz,यात्सु उनागी
petrosel,धनिया
ranunkol,बटरकप
redaktor,संपादक
rezultat,परिणाम
rosmaren,रोज़मेरी
serĝent,सार्जेंट
sublimat,पारद क्लोराइड
taĉment,दल
terebint,टर्पेंटाइन
tornistr,बस्ता
zamenhof,ज़ामेनहोफ़
aleksandr,अलेक्ज़ेंडर
anunciaci,घोषणा
balustrad,रेलिंग
ĉambelan,दरबारी
ĉarlatan,धोखेबाज़
deklinaci,विभक्ति
diplomati,कूटनीति
ekscelenc,महामहिम
ekzempler,प्रति
entuziasm,उत्साह
fortepian,पियानो
galanteri,सौंदर्य用品
iĥtiokol,इसींग्लास
instituci,संस्थान
instrukci,आदेश
kancelari,कार्यालय
kancelier,चांसलर
kataplasm,पट्टी
kondolenc,शोक-संवेदना
konjugaci,धातुरूप
konjunkci,संयोजक
konsonant,व्यंजन
korporaci,कंपनी
kvaranten,संगरोध
nominativ,कर्ता
pentekost,पेंटेकोस्ट
piedestal,आधार
prepozici,पूर्वसर्ग
privilegi,विशेषाधिकार
promontor,प्रायद्वीप
salamandr,सैलामैंडर
testament,वसीयत
vermiĉel,वर्मीसेली
interjekci,विस्मयादिबोधक
superstiĉ,अंधविश्वास
vaŝington,वॉशिंगटन
violonĉel,चेलो
arĥitektur,वास्तुकला
interpunkci,विरामचिह्न
jork,यॉर्क
parok,परोक्ष
navig,नेविगेशन
kaos,अराजकता
kimer,किमेरा
korus,गायन-समूह
monak,मोनाको
iktiokol,मछली गोंद
ald,अल्टो
alo,एलोवेरा
api,अजवाइन
ari,धुन
bas,गहरा
car,ज़ार
dog,मास्टिफ
dok,गोदी
doz,खुराक
ego,अहंकार
elf,परी
etn,जाति
faz,चरण
fon,पृष्ठभूमि
fuk,कचरा
gaz,गॉज़
gem,रत्न
hum,ह्यूमस
jod,आयोडीन
jud,यहूदी
kep,टोपी
lat,पटरा
lob,लोब
mim,मूकाभिनय
mit,मिथक
muz,कविता
nas,जाल
nav,गिरिजाघर
niz,बाज़
oaz,नखलिस्तान
opi,अफीम
puf,फूलना
raj,रे मछली
ras,जाति
ref,रीफ
rit,अनुष्ठान
rut,रूटा
sod,सोडा
tif,टाइफस
tog,टोग़ा
viz,वीजा
agat,मणि
aĝi,अधिक मूल्य
alen,सुई
ambr,अंबरgris
amor,कामदेव
aort,महाधमनी
arom,सुगंध
astm,अस्थमा
astr,आकाशीय
azil,आश्रय
bard,कवि
bomb,बम
bosk,झाड़ी
brom,ब्रोमिन
bust,धड़
cend,सेंट
cidr,साइडर
cirk,सर्कस
dali,डहलिया
dign,गरिमा
duel,द्वंद्व
duet,युगल
ebur,हाथीदांत
eden,स्वर्ग
egid,ढाल
erik,हीथ
etik,नैतिकता
etim,मूल अर्थ
fars,हास्य
fili,शाखा
fisk,कोष
furi,क्रोध
gnom,ग्नोम
grog,ग्रोग
gruz,कंकड़
ĝin,जिन
hidr,हाइड्रा
hien,लकड़बग्घा
irid,आईरिस
iris,आँख-रंगपटल
istm,भूमि-पट्टी
jesu,यीशु
junk,इगुसा
kabl,तार
kali,पोटैशियम
kame,कमेओ
kast,जाति
klor,क्लोरीन
kofr,संदूक
kolz,सरसों
kont,खाता
krab,केकड़ा
kres,क्रेस
kupe,डिब्बा
laik,धर्मनिरपेक्ष
lama,लामा僧
lanc,भाला
lens,लेंस
lord,लॉर्ड
malt,माल्ट
mani,लत
medi,पर्यावरण
milv,चील
mitr,मुकुट
moru,तारा
mosk,कस्तूरी
mumi,ममी
naft,कच्चा तेल
negr,काला व्यक्ति
nimb,आभा
norm,मानक
obol,ओबोलस
ogiv,ओजीव
orgi,उन्माद
ozon,ओज़ोन
penc,पैसा
pleb,जनसाधारण
podi,मंच
polk,पोल्का
pomp,भव्यता
pore,लीक
rabi,रेबीज
rism,रिम
romb,हीरक
rubl,रूबल
sabr,तलवार
sagu,सागो
sald,लेनदेन संतुलन
salv,गोलीबारी
sekt,गुट
sfer,गोल
skem,रूपरेखा
skol,विचारधारा
slip,पर्ची
sokl,आधार
sold,वेतन
sole,सोल मछली
spad,तलवार
ŝah,शाह
talk,टैल्क
teni,टेपवर्म
tiar,ताज
tink,मछली
tors,धड़
tost,टोस्ट
trop,अलंकार
turb,लट्टू
ukaz,फरमान
ulan,उलान
uzur,सूदख़ोरी
verv,उत्साह
vink,विंका
visk,विस्कलता
vist,ताश-खेल
vizi,दृष्टि
zuav,ज़ौव सैनिक
abism,गर्त
adept,अनुयायी
afiks,प्रत्यय
afust,तोपगाड़ी
agraf,क्लैम्प
akaci,बबूल
akciz,उपकर
aksel,बगल
albin,अल्बिनो
alibi,अलीबी
aline,पैराग्राफ
alkov,अल्कोव
amfor,कलश
angin,गले की सूजन
angor,व्याकुलता
anten,एंटीना
apati,उदासीनता
apoge,अपोजी
arkad,आर्चवे
arkiv,अभिलेख
arnik,अर्निका
atlas,एटलस
atlet,खिलाड़ी
aviad,उड्डयन
balad,गाथा
balet,नृत्य
barak,झोंपड़ी
baron,बैरन
basen,तालाब
beril,बेरिल
bibli,बाइबिल
bigot,कट्टरपंथी
biret,टोपी
bitum,डामर
bivak,शिविर
breĉ,दरार
broĉ,ब्रोच
bronk,श्वासनली
cigan,जिप्सी
cikut,विषजड़ी
ĉifr,कोड
debat,बहस
dekan,डीन
dilem,दुविधा
diluv,बाढ़
divan,सोफ़ा
dolar,डॉलर
drakm,द्राच्मा
dukat,दुकाट
edikt,फरमान
eklog,ग्राम्यकविता
ekzem,खुजली
elegi,विलाप
elips,अंडाकार
elizi,लोप
emfaz,ज़ोर
epope,महाकाव्य
fagot,बासून
fakir,योगी
fatal,नियति
feŭd,जागीर
fiakr,घोड़ागाड़ी
fiask,विफलता
final,अंतिम
fjord,फियोर्ड
forum,मंच
fresk,फ्रेस्को
furor,हिट
galer,गैली जहाज़
galop,दौड़
garol,नीलकंठ
goril,गोरिल्ला
hamak,झूला
harem,हरम
harpi,हरपी
helic,प्रोपेलर
helik,घोंघा
hisop,हिसोप
hoboj,ओबोए
humer,ह्यूमरस
idiom,बोली
idiot,मूर्ख
ileks,होली
iluzi,भ्रम
indiga,नील
jalap,दवा
jud/ism##,jud/ism##
kabal,षड्यंत्र
kadet,कैडेट
kalif,खलीफा
kanon,तोप
karat,कैरेट
kazin,जुआघर
kinin,क्विनीन
kirŝ,किर्श शराब
kloak,नाली
kobaj,गिनीपिग
kokon,कोकून
kolik,疝痛
kolos,विशालकाय
komet,धूमकेतु
koral,मूंगा
korne,कॉर्निया
korol,पुष्पमुकुट
kozak,कोसैक
krabr,भौंरा
kreol,क्रियोल
kript,गुप्त
kulis,पर्दा
kumin,जीरा
kvast,झालर
kvint,पंचम
lagun,लैगून
lapis,चाँदी नाइट्रेट
larik,लार्च
later,बाँह
lazur,नील
legat,पोपदूत
lirik,गीत
madon,मदर मरियम
major,मेजर
mamut,मैमथ
medol,गूदा
meduz,जेलीफिश
melas,गुड़
melis,बाम-पुदीना
miasm,ज़हरीली गैस
mimoz,मिमोसा
mitul,शंख
moske,मस्जिद
motiv,प्रेरणा
natri,सोडियम
nikel,निकेल
nimfe,कमल
noktu,उल्लू
nomad,घुमंतू
novel,कहानी
nunci,पोपदूत
oksid,ऑक्साइड
oktav,सप्तक
oniks,ओनिक्स
optik,प्रकाशीय
orbit,कक्षा
oriol,ओरिओल पक्षी
ovaci,तालियाँ
pagod,पगोड़ा
panel,पैनल
panik,घबराहट
paraf,परारंभिक
patos,भावुकता
pedal,पेडल
pedel,चपरासी
peoni,पियोनी
peruk,विग
pigme,पिग्मी
pirat,समुद्री लुटेरा
pivot,धुरी
polip,पॉलीप
polis,बीमा
pomad,मरहम
prior,प्रायोर
prism,प्रिज्म
psalm,भजन
raket,रॉकेट
rebus,पहेली
retin,रेटिना
retor,वक्ता
rezed,मिग्नोनेट
ricin,अरंडी
rokok,रोकाको
rubus,जंगली बेर
rutin,आदत
saliv,लार
satan,शैतान
saten,साटन
seraf,सेराफ़
sifon,साइफन
sinap,सरसों
sinod,सिनॉड
siren,मत्स्यकन्या
skalp,खोपड़ी
skerc,सकेर्त्सो
skism,विभाजन
sonat,सोनाटा
sonet,सॉनेट
spasm,ऐंठन
sperm,वीर्य
splen,उदासी
stopl,ठूंठ
strof,कविता-खंड
sutan,कसाक
ŝose,हाईवे
ŝpat,फावड़ा
taler,थैलर
tanin,टैनिन
tarok,टैरोकार्ड
teism,ईश्वरवाद
teist,आस्तिक
templ,मंदिर
tenor,तेनोर
teror,आतंक
tindr,सूखी लकड़ी
tiran,तानाशाह
tonel,टन
trofe,ट्रॉफी
trust,ट्रस्ट
tunik,चोगा
utopi,यूटोपिया
vanel,टिटहरी
vinkt,क्लिप
viper,साँप
viski,विस्की
zefir,हवा
advent,आगमन
aksiom,सिद्धांत
akvari,मछलीघर
algebr,बीजगणित
alkemi,रसायनशास्त्र
ambici,महत्वाकांक्षा
amulet,ताबीज
anagal,रुरीहकोबे
anarki,अराजकता
anatom,शरीर-विशेषज्ञ
anĉov,एन्कोवी
anemon,एनेमोन
anilin,एनिलीन
aplomb,आत्मविश्वास
apolog,दृष्टांत
arbust,झाड़ी
arĥiv,अभिलेखागार
asesor,सलाहकार
ateism,नास्तिकता
ateist,नास्तिक
aŭkci,नीलामी
balast,भराई
balkon,बालकनी
balzam,बाम
bandit,डाकू
barbar,असभ्य
barier,बाधा
bateri,बैटरी
batist,बटिस्ट
bazalt,बेसाल्ट
beletr,साहित्य
bilanc,लेखा-तुलन पत्र
bilard,बिलियर्ड्स
binokl,दूरबीन
biolog,जीवविज्ञानी
blazon,प्रतीक
blokad,नाकाबंदी
bordel,वेश्यालय
braman,ब्राह्मण
brigad,ब्रिगेड
buduar,निज़ी कक्ष
burnus,पोशाक
celeri,अजवाइन
cidoni,श्रीफल
ciklon,चक्रवात
ciklop,साइक्लोप्स
dekret,आदेश
depeŝ,संदेश
despot,तानाशाह
diabet,मधुमेह
diadem,मुकुट
diakon,उपयाजक
diplom,प्रमाणपत्र
divizi,विभाजन
dragon,ड्रैगून
eklips,ग्रहण
eksces,अधिकता
ekstaz,उल्लास
ekvaci,समीकरण
emblem,प्रतीक
emulsi,इमल्शन
endivi,एंडिवे
epilog,उपसंहार
epitet,उपाधि
epizod,घटना
erupci,विस्फोट
eskort,एस्कॉर्ट
estrad,मंच
etiket,शिष्टाचार
eŭnuk,हिजड़ा
ezofag,ग्रसनी
faktor,कारक
falang,पंक्ति
fanfar,धूमधाम
feniks,फीनिक्स
feston,मालाएं
fetiĉ,वस्तुपूजा
fleksi,लचीला
floren,फ्लोरिन
format,स्वरूप
frakci,भिन्न
fregat,फ्रिगेट
galant,गैलेंट पौधा
gangli,गैंग्लिओन
genist,झाड़ू
geolog,भूविज्ञानी
gerani,जेरेनियम
gigant,विशालकाय
glazur,चमकदार लेप
glikoz,ग्लूकोज
glukoz,ग्लूकोज
gondol,गोंडोला
grafit,ग्रेफाइट
gulden,गिल्डर
harpun,भाला
hetman,कमांडर
hipnot,सम्मोहन
incens,धूप
indeks,सूची
inflam,सूजन
jaguar,जगुआर
jezuit,जेसुइट
ĵaket,जैकेट
kadavr,लाश
kadenc,लय
kalibr,कैलिबर
kameli,चमेली
kantat,कांताता
kanton,काउंटी
karbon,कार्बन
karcer,जेल
karier,पेशा
kariol,घोड़ा गाड़ी
katedr,गिरजाघर
kaŭci,जमानत
kazern,बैरेक
kokard,बिल्ला
kolodi,कोलॉडियन
koloni,उपनिवेश
kompas,कंपास
kondor,कौंडोर
konjak,ब्रांडी
korife,कोरस नेता
kornet,कोर्नेट
korsar,समुद्री लुटेरा
korset,コर्सेट
korvet,कोरवेट
kotlet,चॉप
kursiv,तिरछा
laktuk,सलाद पत्ता
lavend,लैवेंडर
loteri,लॉटरी
lucern,लटकता दीपक
maksim,सूत्र
malari,मलेरिया
marasm,क्षीणता
markiz,मार्क्विस
martir,शहीद
masaĝ,मालिश
mazurk,मज़ुर्का
medium,माध्यम
melodi,धुन
mentor,मार्गदर्शक
merkat,बाज़ार
mespil,मेडलर
meteor,उल्का
metrik,मेट्रिक
mikrob,कीटाणु
mirakl,चमत्कार
miriad,असंख्य
molusk,मोलस्क
monark,राजा
morfin,मॉर्फिन
mozaik,मोज़ेक
munici,गोला-बारूद
nektar,अमृत
orkide,ऑर्किड
paĉul,पचौली
parodi,पैरोडी
pavian,बबून
pedant,पांडित्य दिखानेवाला
pepsin,पेप्सिन
petard,पटाखा
piastr,पियास्टर
pistil,मूसल
podagr,गठिया
ponton,पोंटून
portal,प्रवेशद्वार
portik,बरामदा
prelat,धर्माध्यक्ष
prelud,प्रस्तावना
premis,पूर्वधारणा
profan,अपवित्र
profil,प्रोफ़ाइल
prolog,प्रस्तावना
puding,पुडिंग
pupitr,डेस्क
pustul,फोड़ा
rabarb,रूबर्ब
regent,शासक
rektor,कुलपति
relief,उभार
retort,पुनःप्रत्युत्तर पात्र
romanc,प्रेमगीत
rotond,गोल इमारत
sandal,सैंडल
santal,चंदन
sarong,सारोंग
satrap,सात्रप
sektor,क्षेत्र
septet,सप्तक
serajl,महल
sevrug,स्टर्जन
sfinks,स्फिंक्स
siluet,रूपरेखा
simbol,प्रतीक
sinkop,बेहोशी
sintez,संश्लेषण
skelet,कंकाल
sofist,दर्शनिक
spektr,वर्णक्रम
spiral,सर्पिल
sponde,दीर्घ-दीर्घ
suflor,सूचक
sultan,सुल्तान
ŝalup,नौका
ŝankr,घाव
ŝarad,पहेली
taksus,यू वृक्ष
taktik,रणनीति
talmud,तलमूद
tamtam,ड्रम
tandem,टंडेम साइकिल
tapiok,टैपिओका
teolog,धर्मशास्त्री
teorem,सिद्धांत
terapi,चिकित्सा
tercet,त्रिपदी
termit,दीमक
tonsur,मुण्डन
torped,टॉरपीडो
trapez,ट्रेपेज़
tribut,श्रद्धांजलि
triumf,विजय
turbin,टर्बाइन
unison,एकस्वर
uragan,तूफान
vampir,पिशाच
verand,बरामदा
vermut,वर्मुथ
vinjet,सजावटी डिज़ाइन
zigzag,ज़िगज़ैग
zodiak,राशिचक्र
admiral,एडमिरल
aerolit,उल्का
aforism,सूक्ति
agronom,कृषिविद्
akrobat,कलाबाज
akvarel,जलरंग
alegori,रूपक
alĥemi,रसायनशास्त्र
almanak,पंचांग
ambrozi,अमृत
ametist,अमिथिस्ट
amnesti,माफी
anagram,अनाग्राम
analogi,समानता
anapest,अनपेस्त
anatomi,शरीर रचना
angelik,एंजेलिका
anomali,विचलन
antilop,हरिण
antipod,विपरीत बिंदु
antitez,विरोधाभास
apoteoz,देवत्व
apozici,समानता
arabesk,अरबीशैली
arkaism,पुरातनता
asonanc,तुकबंदी
atavism,पूर्वजता
atribut,गुणधर्म
aŭreol,आभा
bankier,बैंकर
barikad,बैरिकेड
bariton,बैरिटोन
bastard,नाजायज
bazilik,बेसिलिका
biograf,जीवनीकार
biologi,जीवविज्ञान
bisturi,चाकू
bombast,शेख़ी
botanik,वनस्पति
celuloz,सेलूलोज़
ceramik,मिट्टी के बर्तन
cilindr,सिलिंडर
cistern,टंकी
citadel,किला
ĉevron,कर्णधार
demagog,उकसानेवाला नेता
diagnoz,निदान
dialekt,बोली
diametr,व्यास
difteri,डिप्थीरिया
diftong,द्विस्वर
dinamik,गतिकीय
dinamit,डायनामाइट
dinasti,वंश
doktrin,सिद्धांत
ekspres,एक्सप्रेस
eliksir,औषधि
eminenc,प्रतिष्ठा
epiderm,त्वचा
epifani,प्रकाशोत्सव
epigraf,शिलालेख
epigram,सूक्ति
erudici,विद्वत्ता
estetik,सौंदर्यशास्त्र
etim/olog##,etim/olog##
etiolog,रोगविज्ञानी
evoluci,विकास
farmaci,फार्मेसी
filolog,भाषाविद्
filozof,दार्शनिक
fonetik,ध्वन्यात्मक
fronton,फ्रंटोन
gangren,गैंग्रीन
gardeni,गर्डेनिया
gencian,जेंटियन
geodezi,भू-आकृति
geograf,भूगोलज्ञ
geologi,भूविज्ञान
geometr,ज्यामिति
gerundi,गेरुंड
gilotin,गिलोटिन
gimnast,व्यायामक
gimnazi,उच्च विद्यालय
guberni,प्रांत
hiacint,हायसिंथ
hipotek,बंधक
hipotez,परिकल्पना
histeri,उन्माद
homonim,समानार्थी
ĥirurg,शल्यक
judaism,यहूदी धर्म
ĵargon,बोलचाल
kalomel,कैलोमेल
kanaben,चिड़िया
kanibal,आदमखोर
kanonik,कैनन
kaporal,हवलदार
karamel,कारमेल
karavan,कारवां
kartuŝ,लिपि
katolik,कैथोलिक
kazemat,कसामेट
komplot,षड्यंत्र
koncesi,स्वीकृति
kontakt,संपर्क
korsaĵ,बॉडीस
kreozot,क्रेओसोट
kriteri,मानदंड
kvadril,क्वाड्रिल
kvestor,कोषाध्यक्ष
letargi,सुस्ती
liturgi,पूजा
lozanĝ,हीरक
lumbrik,केंचुआ
mahagon,महोगनी
majolik,माजोलिका
makadam,मकदम
makaron,मकारून
malakit,मलाकाइट
mansard,अटारी
marĝen,हाशिया
matador,सांड-योद्धा
mekanik,यांत्रिक
merlang,व्हाइटिंग
metafor,रूपक
minaret,मीनार
mirabel,मिराबेल
molekul,अणु
monarki,राजतंत्र
monolog,स्वगत भाषण
monopol,एकाधिकार
nikotin,निकोटीन
obelisk,ओबेलिस्क
oleandr,ओलियंडर
oligark,अल्पतंत्रवादी
omnibus,बस
onobrik,सैनफॉइन
optativ,इच्छा
pacient,रोगी
palinur,झींगा
pamflet,पुस्तिका
panoram,दृश्य
papirus,पपीरस
parabol,दृष्टांत
parafin,पैराफिन
paskvil,व्यंग्य
paŝtel,पेस्टल
patolog,रोगविज्ञानी
patrici,अभिजात्य
patriot,देशभक्त
pedagog,शिक्षक
pelerin,केप
pension,छात्रावास
percept,ज्ञान
pilastr,स्तंभ
piramid,पिरामिड
plagiat,चोरी
plantag,प्लांटेन
polemik,विवाद
prefekt,आयुक्त
procesi,जुलूस
prognoz,पूर्वानुमान
prozodi,छंदशास्त्र
puritan,प्यूरिटन
retorik,वाक्पटुता
revizor,लेखापरीक्षक
samovar,समोवार
sarkasm,व्यंग्य
segment,खंड
sekreci,स्राव
semafor,संकेत
serenad,प्रणयगीत
sifilis,उपदंश
simetri,समानता
simfoni,सिंफनी
simptom,लक्षण
sinagog,यहूदी उपासना स्थल
sinedri,यहूदी न्यायालय
sinonim,समानार्थक
sintaks,वाक्यविन्यास
skandal,कांड
skrupul,सतर्कता
stearin,स्टिअरिन
sugesti,सुझाव
ŝiling,शिलिंग
taburet,स्टूल
tangent,स्पर्शरेखा
teokrat,धर्मशासक
teologi,धर्मशास्त्र
trombon,ट्रॉम्बोन
ultimat,अंतिम चेतावनी
uvertur,प्रस्तावना
variant,रूपांतर
vazelin,वेसलीन
verdikt,निर्णय
veteran,अनुभवी
vokativ,संबोधन
abnegaci,त्याग
adjutant,सहायक
aeroplan,विमान
agronomi,कृषिविज्ञान
akvafort,नक़्क़ाशी
akvilegi,ओडामाकी
alabastr,अलाबास्टर
aligator,घड़ियाल
ambulanc,एम्बुलेंस
antipati,घृणा
antologi,संकलन
apostrof,अल्पविराम
arbalest,धनुष
areometr,घनत्वमापी
arkeolog,पुरातत्ववेत्ता
arkitekt,वास्तुकार
artileri,तोपखाना
astrolog,ज्योतिषी
astronom,खगोलशास्त्री
atmosfer,वायुमंडल
aŭdienc,श्रोता
balistik,प्रक्षेपिकी
balzamin,बेलसम
banderol,बैंडरोल
barelief,उथली नक्काशी
batalion,बटालियन
bazilisk,बेसिलिस्क
biografi,जीवनी
ceremoni,समारोह
dekadenc,पतन
delegaci,प्रतिनिधिमंडल
demagogi,अफवाह
demokrat,लोकतांत्रिक
diafragm,डायफ्राम
diagonal,विकर्ण
diapazon,ध्वनि काँटा
didaktik,शिक्षण
difterit,डिप्थीरिया
diktator,तानाशाह
disĉipl,शिष्य
dispepsi,अपच
ditiramb,भक्ति-गीत
dromedar,ऊँट
ekstrakt,अंश
epilepsi,मिर्गी
erizipel,डेंग毒
etimologi##,etimologi##
etiologi,रोगकारणशास्त्र
etnograf,नृवंशलेखक
evangeli,सुसमाचार
faksimil,प्रति
fakultat,शिक्षाशाखा
felieton,साहित्यिक स्तंभ
feminism,नारीवाद
feminist,नारीवादी
filologi,भाषाशास्त्र
filozofi,दर्शनशास्त्र
fiziolog,शारीरिक विज्ञानी
fonograf,फोनोग्राफ
galantin,गैलेंटिन
garnitur,सजावट
garnizon,守備 दल
genealog,वंशावलीज्ञ
geometri,ज्यामिति
glicerin,ग्लिसरीन
gliciriz,मुलेठी
grafolog,हस्तलेख विशेषज्ञ
gramofon,ग्रैमोफोन
gutaperk,गुट्टा-पर्चा
halebard,भाला
harmonik,बाँसुरी
hegemoni,प्रभुत्व
hekatomb,बलिदान
hierarki,पदक्रम
hipodrom,रेसकोर्स
honorari,शुल्क
horoskop,राशिफल
hortensi,हाइड्रेंजिया
ĥirurgi,शल्य चिकित्सा
idiotism,मुहावरा
imperial,ऊपरी डेक
indiĝen,स्थानीय
inkognit,गुप्त
intervju,साक्षात्कार
kalendul,गेंदा
kardinal,कार्डिनल
katafalk,शववाहक
katakomb,कब्रिस्तान
katedral,गिरजाघर
katekist,धर्मशिक्षक
kavaleri,घुड़सवार
komandit,आदेशित
konfekci,तैयार कपड़े
konflikt,विवाद
kontralt,अल्टो
kontrast,विरोध
konvenci,समझौता
kosmetik,सौंदर्य
kreditor,लेनदार
ksilofon,ज़ाइलोफोन
kvocient,भागफल
labirint,भूलभुलैया
laŭreat,विजेता
logaritm,लघुगणक
logogrif,पहेली
makaroni,मकारोनी
mandaren,अधिकारी
mandolin,मंडोलिन
manifest,घोषणा
manometr,दबावमापी
margarin,मार्जरीन
marionet,कठपुतली
maŭzole,मकबरा
mekanism,तंत्र
melodram,मैलोड्रामा
meridian,मध्याह्नरेखा
metronom,मेट्रोनोम
metropol,महानगर
mikrofon,माइक्रोफोन
miniatur,लघुचित्र
monogram,अक्षरचिह्न
monomani,मोनोमेनिया
naftalin,नाफ्थलीन
narkotik,नशीला
navigaci,नेविगेशन
nekrolog,शोकलेख
nepotism,भाई-भतीजावाद
nihilism,नास्तिकता
nihilist,नास्तिकवादी
nostalgi,विस्मृति
numismat,सिक्काविद्
obligaci,बॉन्ड
oligarĥ,अल्पतंत्रवादी
oligarki,गुटतंत्र
optimism,आशावाद
optimist,आशावादी
organism,जीवधारी
orografi,पर्वतशास्त्र
pacifism,शांतिवाद
pacifist,शांतिवादी
palanken,पालकी
panteism,सर्वेश्वरवाद
panteist,सर्वेश्वरवादी
pantomim,मूकाभिनय
paradigm,रूप-तालिका
parafraz,पैराफ्रेज़
paragraf,अनुच्छेद
partitur,संगीत-स्कोर
patologi,रोगविज्ञान
pedagogi,शिक्षाशास्त्र
perimetr,परिधि
peristil,स्तंभ-पंक्ति
pesimism,निराशावाद
pesimist,निराशावादी
pleonasm,अतिशयोक्ति
poliglot,बहुभाषी
preterit,भूतकाल
procedur,प्रक्रिया
projekci,प्रक्षेपण
proporci,अनुपात
prospekt,प्रॉस्पेक्टस
protokol,प्रोटोकॉल
prototip,प्रोटोटाइप
prozelit,धर्मांतरित
psikolog,मनोवैज्ञानिक
referenc,संदर्भ
renesanc,पुनर्जागरण
reputaci,प्रतिष्ठा
revelaci,प्रकाशन
revolver,रिवॉल्वर
rojalist,राजावादी
sacerdot,पुजारी
sakristi,वस्त्रालय
sarkofag,संग्रहक
seminari,सेमिनार
sensaci,सनसनी
sfinkter,मांसपेशी
silogism,तर्कशास्त्र
solecism,भाषा-त्रुटि
stipendi,वृत्ति
strategi,रणनीति
subvenci,अनुदान
talisman,ताबीज
tamburin,तबला
tarantel,नृत्य
tarantul,टारेंटुला
teleskop,दूरबीन
teokrati,धर्मराज्य
tipograf,मुद्रक
topograf,भूगोलवेत्ता
toreador,सांड-योद्धा
transept,ट्रान्सेप्ट
tuberkul,गाँठ
amfiteatr,अम्फीथिएटर
apopleksi,स्ट्रोक
arbitraci,मध्यस्थता
arĥeolog,पुरातत्ववेत्ता
arĥitekt,वास्तुकार
aritmetik,गणित
arkeologi,पुरातत्व
arkipelag,द्वीपसमूह
astrologi,ज्योतिष
astronomi,खगोलशास्त्र
aŭditori,सभागार
aŭtograf,हस्ताक्षर
aŭtokrat,तानाशाह
deklaraci,घोषणा
demokrati,लोकतंत्र
dialektik,तर्कशास्त्र
disciplin,अनुशासन
disenteri,पेचिश
entomolog,कीटविज्ञानी
etnografi,जातिवर्णन
filantrop,परोपकारी
fiziologi,शरीर-विज्ञान
fizionomi,चेहरा
fotografi,फोटोग्राफी
genealogi,वंशावली
gladiator,योद्धा
grafologi,हस्तलेख学
harmonium,हारमोनियम
heksametr,षट्पद
heliotrop,हेलियोट्रोप
hidrofobi,जलभय
hieroglif,हाइरोग्लिफ़
higrometr,हाइग्रोमीटर
hipopotam,कबरा
homeopati,होम्योपैथी
ideografi,चित्रलेखन
imperativ,आज्ञा
imperfekt,अपूर्ण
impresari,प्रबंधक
indikativ,सूचक
infanteri,पैदल सेना
infinitiv,अनंत रूप
inkvizici,धर्म-अदालत
intendant,प्रबंधक
kabriolet,कब्रियोलेट
kandelabr,मोमबत्ती-स्टैंड
karikatur,व्यंग्यचित्र
kartograf,मानचित्रकार
kastanjet,कास्टनेट
katalepsi,उन्माद
katastrof,आपदा
kateĥist,धर्मशिक्षक
kompromis,समझौता
konduktor,कंडक्टर
konkurenc,प्रतिस्पर्धा
kontinent,महाद्वीप
kontrabas,डबल बास
konvolvul,लता
kosmogoni,सृष्टिविज्ञान
kosmograf,खगोलज्ञ
krizantem,गुलदाउदी
kronologi,कालक्रम
kronometr,घड़ी
krucifiks,क्रूस
kvadratur,क्षेत्रफल
litografi,लिथोग्राफी
lokomobil,ट्रैक्टर इंजन
melankoli,उदासी
metafizik,अधिभौतिक
mikrometr,माइक्रोमीटर
mikroskop,सूक्ष्मदर्शी
mineralog,खनिज विज्ञानी
monoteism,एकेश्वरवाद
neologism,नवशब्द
oligarĥi,गुटतंत्र
ornitolog,पक्षीविज्ञानी
ostracism,बहिष्कार
paleograf,प्राचीनलेखज्ञ
palisandr,सागौन
paroksism,दौरा
pentametr,पेंटामीटर
plutokrat,धनाधिपति
politeism,बहुदेववाद
providenc,ईश्वर-प्रबंध
pulĉinel,पंच
purgatori,पापशोधन
recitativ,गायन
reformaci,धार्मिक सुधार
rekrement,कचरा
repertuar,प्रदर्शन सूची
rezignaci,समर्पण
sakrament,संस्कार
sekundant,सहायक
skarlatin,स्कार्लेट ज्वर
skolastik,स्कोलास्टिकवाद
somnambul,नींदचलनेवाला
sortiment,संग्रह
spekulaci,सट्टा
spirit/ism##,spirit/ism##
spirit/ist##,spirit/ist##
stalagmit,स्तलाग्माइट
stalaktit,स्तलैक्टाइट
statistik,सांख्यिकी
ŝovinism,अंधराष्ट्रवाद
ŝovinist,अंधराष्ट्रवादी
tipografi,टाइपोग्राफी
topografi,भूगोल
velociped,साइकिल
veterinar,पशुचिकित्सक
vivisekci,जीवच्छेदन
abiturient,उत्तीर्ण
alternativ,विकल्प
anakronism,कालभ्रम
antropolog,मानवविज्ञानी
arĥeologi,पुरातत्व
arĥipelag,द्वीपसमूह
aristokrat,अभिजात
arkitektur,वास्तुकला
aŭtokrati,तानाशाही
beletristik,साहित्य
bibliograf,पुस्तकसूचीकार
civilizaci,सभ्यता
dinamometr,डायनामोमीटर
ekskrement,मल
entomologi,कीटविज्ञान
eŭkaristi,यूखारिस्ट
filantropi,परोपकार
hipertrofi,अधिकवृद्धि
ingredienc,घटक
inkvizitor,धर्म-अधिकारी
kartografi,मानचित्रण
koeficient,गुणांक
kompliment,प्रशंसा
kongregaci,समाज
konsistori,सभा
kontraband,तस्करी
kontribuci,क्षतिपूर्ति
kosmografi,ब्रह्मांड-चित्रण
kosmopolit,अंतरराष्ट्रीय
krestomati,काव्यसंग्रह
kvintesenc,सारतत्त्व
manufaktur,कारखाना
manuskript,पांडुलिपि
metamorfoz,रूपांतरण
meteorolog,मौसम विज्ञानी
mineralogi,खनिजविज्ञान
naturalism,प्राकृतिकवाद
numismatik,मुद्राशास्त्र
ornitologi,पक्षिविज्ञान
paleografi,प्राचीनलेखनशास्त्र
perspektiv,दृष्टिकोण
plutokrati,धनतंत्र
pneŭmatik,टायर
prerogativ,विशेषाधिकार
pseŭdonim,छद्मनाम
stenografi,शॉर्टहैंड
subjunktiv,उपविधि
superlativ,सर्वोत्तम
tuberkuloz,क्षयरोग
admiralitat,नौसेना मुख्यालय
antropologi,मानवविज्ञान
aristokrati,अभिजातशाही
bibliografi,पुस्तक-सूची
cirkumfleks,उच्चारण चिह्न
demonstraci,प्रदर्शन
departement,विभाग
enciklopedi,विश्वकोश
hermafrodit,उभयलिंगी
hidrostatik,जलस्थैतिक
hidroterapi,जलचिकित्सा
imperialism,साम्राज्यवाद
inaŭguraci,उद्घाटन
kalejdoskop,कालेडोस्कोप
kondicional,शर्तीय
konfederaci,संघीयता
konglomerat,कंकड़-पत्थर
kontrapunkt,बहु-स्वर
manifestaci,प्रदर्शन
metempsikoz,पुनर्जन्म
meteorologi,मौसम विज्ञान
observatori,वेधशाला
paleontolog,जीवाश्म विज्ञानी
pleŭronekt,फ्लाउंडर
protagonist,मुख्य पात्र
protektorat,संरक्षणक्षेत्र
pseŭd,नकली
racional/ism##,racional/ism##
racional/ist##,racional/ist##
reŭmatism,गठिया
temperament,स्वभाव
tragikomedi,त्रासदिकौमेडी
administraci,प्रशासन
demonstrativ,संकेतक
konservatori,संगीतविद्यालय
paleontologi,पैलियंटोलॉजी
paralelogram,समांतर चतुर्भुज
spiritualism,आध्यात्मवाद
spiritualist,आध्यात्मिकवादी
trigonometri,त्रिकोणमिति
aŭtobiografi,आत्मकथा
t.e.,यानी
k.t.p.,आदि
kiom,कितना
kiom##,kiom##
kiom##,kiom##
dum,जब तक
dum##,dum##
ĝis,तक
ĝis##,ĝis##
anstataŭ,बदले में
anstataŭ##,anstataŭ##
kiu##,kiu##
kiu,कौन
tiu##,tiu##
tiu,वह
ĉiu,हर
ĉiu##,ĉiu##
neniu,कोई नहीं
neniu##,neniu##
ambaŭ,दोनों
ambaŭ##,ambaŭ##
tiu ĉi##,tiu ĉi##
tiu ĉi##,tiu ĉi##
fiks,स्थिर
fiks##,fiks##
fals,नकली
fals##,fals##
ĉu##,ĉu##
ĉu,क्या
kial,क्यों
kial##,kial##
kiel,जैसे
kiel##,kiel##
tamen,लेकिन
tamen##,tamen##
apenaŭ,मुश्किल से
apenaŭ##,apenaŭ##
kvazaŭ,मानो
kvazaŭ##,kvazaŭ##
ĉirkaŭ,आसपास
ĉirkaŭ##,ĉirkaŭ##
precip##,precip##
precip,मुख्य
tut,संपूर्ण
tut##,tut##
rest##,rest##
rest,बचा
ĉiel,हर तरह से
ĉiel##,ĉiel##
interes,रुचि
interes##,interes##
lig,जोड़ना
lig##,lig##
rul,लुढ़काना
rul##,rul##
arm##,arm##
arm,हथियार
fos,खोदना
fos##,fos##
plant,उगाना
plant##,plant##
orient##,orient##
orient,पूर्व
fald,मोड़ना
fald##,fald##
kaj,और
kaj##,kaj##
amas,भीड़
amas##,amas##
kopi,नकल
kopi##,kopi##
fotograf,फोटो खींचना
fotograf##,fotograf##
ĉar,क्योंकि
ĉar##,ĉar##
fikci##,fikci##
fikci,काल्पनिक
nul,शून्य
nul##,nul##
klar##,klar##
klar,स्पष्ट
artikol,लेख
artikol##,artikol##
aŭgust,अगस्त
aŭgust##,aŭgust##
por,लिए
por##,por##
opozici,विरोध
opozici##,opozici##
fot,फोटो
vibr,कंपन
oscil,दोलन
fluktu,उतर-चढ़ाव
indigo,नील
ad##,ad##
ad,लगातार
ag,कार्य
al,की ओर
am,प्यार
an,सदस्य
ar,समूह
as,है
at,चल रहा
av,दादा
bo,संबंधी
ci,तू
da,का
de,"का, से"
di,ईश्वर
Di##,Di##
do,तब
du,दो
ec,गुण
eg,विशाल
ej,स्थान
ek,शुरू
el,से
em,झुकाव
en,भीतर
er,कण
et,छोटा
fe,परी
fi##,fi##
fi,घिनौना
ge,लिंग-समूह
ha,आह!
he,सुनो!
ho,अरे!
ia,ढेंचू
id,संतान
ie,कहीं
ig,करना
il,उपकरण
in,स्त्री
io,कुछ
ir,जाना
is,था
it,समाप्त
iu##,iu##
iu,कोई
ja,वास्तव में
je,पर
ju,जितना
ke,कि
l',ला
la,वह
li,उसका
lu,किराए
mi,मेरा
ne,नहीं
ni,हमारा
nj,छोटा नाम
nu,अब
od,ओड
ok,आठ
ol,से
on,अंश
op,सामूहिक
or,सोना
os,भविष्य
ot,अभीतक नहीं
ov,अंडा
pi,धार्मिक
po,प्रति
re,फिर से
se,यदि
si,अपना
te,चाय
uj,पात्र
ul,व्यक्ति
um,उम
ur,बैल
us,शर्तीय
uz,प्रयोग
ve,हाय
vi,आपका
homeopat,समरूपचिकित्सक
zoolog,पशुविज्ञानी